datetime,DVENTO,PREC,PRESS,RADSOL,SOLEGG,TEMP,UMID,VVENTO,VVENTOMAX
2026-08-06T21:50,258.5,0.0,1017.3,0.0,0.0,18.0,100.0,0.4,1.3
2026-08-06T21:55,,0.0,,,,,,,
2026-08-06T22:00,262.1,0.0,1017.5,0.0,0.0,17.9,100.0,1.2,1.7
2026-08-06T22:05,,0.0,,,,,,,
2026-08-06T22:10,223.8,0.0,1017.6,0.0,0.0,18.0,100.0,0.9,1.6
2026-08-06T22:15,,0.0,,,,,,,
2026-08-06T22:20,289.3,0.0,1017.7,0.0,0.0,18.0,100.0,1.3,1.8
2026-08-06T22:25,,0.0,,,,,,,
2026-08-06T22:30,219.2,0.0,1017.9,0.0,0.0,18.0,100.0,0.6,1.5
2026-08-06T22:35,,0.0,,,,,,,
2026-08-06T22:40,197.7,0.0,1018.1,0.0,0.0,17.8,100.0,0.1,1.2
2026-08-06T22:45,,0.0,,,,,,,
2026-08-06T22:50,227.2,0.0,1018.0,0.0,0.0,18.0,100.0,0.9,1.7
2026-08-06T22:55,,0.0,,,,,,,
2026-08-06T23:00,263.8,0.0,1018.2,0.0,0.0,17.7,99.9,1.6,3.1
2026-08-06T23:05,,0.0,,,,,,,
2026-08-06T23:10,243.2,0.0,1018.0,0.0,0.0,17.9,100.0,1.2,1.9
2026-08-06T23:15,,0.0,,,,,,,
2026-08-06T23:20,238.4,0.0,1017.9,0.0,0.0,18.0,100.0,1.3,2.4
2026-08-06T23:25,,0.0,,,,,,,
2026-08-06T23:30,232.7,0.0,1018.2,0.0,0.0,17.8,100.0,0.8,2.6
2026-08-06T23:35,,0.0,,,,,,,
2026-08-06T23:40,250.0,0.4,1018.3,0.0,0.0,17.8,100.0,2.1,4.0
2026-08-06T23:45,,1.2,,,,,,,
2026-08-06T23:50,219.0,1.5,1018.3,0.0,0.0,18.0,100.0,1.0,3.9
2026-08-06T23:55,,0.3,,,,,,,
2026-08-07T00:00,60.5,0.1,1018.5,0.0,0.0,17.6,99.9,0.4,1.3
2026-08-07T00:05,,0.0,,,,,,,
2026-08-07T00:10,282.9,0.0,1018.7,0.0,0.0,17.4,99.9,0.7,1.7
2026-08-07T00:15,,0.0,,,,,,,
2026-08-07T00:20,273.4,0.1,1018.9,0.0,0.0,17.5,99.9,0.2,1.7
2026-08-07T00:25,,0.0,,,,,,,
2026-08-07T00:30,83.7,0.0,1019.2,0.0,0.0,17.1,99.9,0.7,1.5
2026-08-07T00:35,,0.0,,,,,,,
2026-08-07T00:40,49.4,0.0,1019.5,0.0,0.0,16.8,99.9,1.7,2.6
2026-08-07T00:45,,0.0,,,,,,,
2026-08-07T00:50,58.5,0.0,1019.5,0.0,0.0,16.8,99.9,0.9,2.5
2026-08-07T00:55,,0.0,,,,,,,
2026-08-07T01:00,160.7,0.0,1019.6,0.0,0.0,16.7,99.9,0.7,1.2
2026-08-07T01:05,,0.0,,,,,,,
2026-08-07T01:10,213.4,0.0,1019.8,0.0,0.0,16.6,99.9,0.5,1.8
2026-08-07T01:15,,0.0,,,,,,,
2026-08-07T01:20,180.9,0.1,1020.0,0.0,0.0,16.7,99.9,0.7,1.8
2026-08-07T01:25,,0.1,,,,,,,
2026-08-07T01:30,288.3,0.1,1020.1,0.0,0.0,16.8,99.9,0.3,1.3
2026-08-07T01:35,,0.5,,,,,,,
2026-08-07T01:40,91.9,0.3,1020.0,0.0,0.0,16.7,99.9,0.8,1.4
2026-08-07T01:45,,0.2,,,,,,,
2026-08-07T01:50,52.2,0.1,1020.2,0.0,0.0,16.5,99.9,1.0,1.9
2026-08-07T01:55,,0.0,,,,,,,
2026-08-07T02:00,58.8,0.2,1020.2,0.0,0.0,16.4,99.9,0.9,2.1
2026-08-07T02:05,,0.2,,,,,,,
2026-08-07T02:10,6.6,0.2,1020.2,0.0,0.0,16.4,99.9,0.3,0.8
2026-08-07T02:15,,0.1,,,,,,,
2026-08-07T02:20,295.7,0.1,1020.3,0.0,0.0,16.4,99.9,0.2,0.9
2026-08-07T02:25,,0.5,,,,,,,
2026-08-07T02:30,147.0,0.3,1020.2,0.0,0.0,16.3,99.9,0.5,1.1
2026-08-07T02:35,,0.0,,,,,,,
2026-08-07T02:40,216.6,0.0,1020.2,0.0,0.0,16.2,99.9,0.7,2.3
2026-08-07T02:45,,0.0,,,,,,,
2026-08-07T02:50,227.1,0.0,1020.0,0.0,0.0,16.5,99.9,2.2,2.9
2026-08-07T02:55,,0.1,,,,,,,
2026-08-07T03:00,235.5,0.0,1020.0,0.0,0.0,16.6,99.9,1.8,3.1
2026-08-07T03:05,,0.3,,,,,,,
2026-08-07T03:10,253.1,0.0,1019.9,0.0,0.0,16.5,99.9,1.1,2.2
2026-08-07T03:15,,0.0,,,,,,,
2026-08-07T03:20,236.5,0.0,1020.0,0.0,0.0,16.3,99.9,0.5,1.9
2026-08-07T03:25,,0.0,,,,,,,
2026-08-07T03:30,192.9,0.0,1020.0,0.0,0.0,16.2,99.9,0.6,1.8
2026-08-07T03:35,,0.0,,,,,,,
2026-08-07T03:40,243.9,0.0,1019.9,0.0,0.0,16.2,99.9,0.2,1.0
2026-08-07T03:45,,0.0,,,,,,,
2026-08-07T03:50,211.4,0.0,1019.8,0.0,0.0,16.1,99.9,1.0,2.6
2026-08-07T03:55,,0.0,,,,,,,
2026-08-07T04:00,242.4,0.0,1019.7,0.0,0.0,16.2,99.9,1.9,3.4
2026-08-07T04:05,,0.0,,,,,,,
2026-08-07T04:10,224.5,0.0,1019.4,0.0,0.0,16.2,100.0,3.8,5.5
2026-08-07T04:15,,0.0,,,,,,,
2026-08-07T04:20,233.1,0.0,1019.2,0.0,0.0,16.2,100.0,4.7,6.0
2026-08-07T04:25,,0.0,,,,,,,
2026-08-07T04:30,212.2,0.0,1019.1,0.0,0.0,16.2,100.0,5.4,7.0
2026-08-07T04:35,,0.0,,,,,,,
2026-08-07T04:40,204.9,0.0,1019.0,0.0,0.0,16.2,100.0,4.3,6.3
2026-08-07T04:45,,0.0,,,,,,,
2026-08-07T04:50,221.5,0.0,1018.9,0.0,0.0,16.1,100.0,5.0,5.7
2026-08-07T04:55,,0.0,,,,,,,
2026-08-07T05:00,216.9,0.0,1018.8,0.0,0.0,16.2,100.0,4.9,6.6
2026-08-07T05:05,,0.0,,,,,,,
2026-08-07T05:10,217.3,0.0,1018.7,0.0,0.0,16.1,100.0,3.7,6.1
2026-08-07T05:15,,0.0,,,,,,,
2026-08-07T05:20,225.6,0.0,1018.8,0.0,0.0,16.0,100.0,4.1,5.7
2026-08-07T05:25,,0.0,,,,,,,
2026-08-07T05:30,225.6,0.0,1019.0,0.0,0.0,15.8,100.0,4.0,4.8
2026-08-07T05:35,,0.0,,,,,,,
2026-08-07T05:40,213.0,0.0,1019.0,0.0,0.0,15.7,100.0,3.0,4.8
2026-08-07T05:45,,0.0,,,,,,,
2026-08-07T05:50,261.2,0.0,1019.3,0.0,0.0,15.3,100.0,1.5,2.8
2026-08-07T05:55,,0.0,,,,,,,
2026-08-07T06:00,263.1,0.0,1019.4,0.0,0.0,15.0,99.9,0.3,1.3
2026-08-07T06:05,,0.0,,,,,,,
2026-08-07T06:10,302.2,0.0,1019.6,0.8,0.0,14.7,99.9,0.5,1.6
2026-08-07T06:15,,0.0,,,,,,,
2026-08-07T06:20,307.4,0.0,1019.8,5.6,0.0,14.6,99.9,0.6,1.3
2026-08-07T06:25,,0.0,,,,,,,
2026-08-07T06:30,277.8,0.0,1019.8,15.5,0.0,14.6,99.9,1.3,2.1
2026-08-07T06:35,,0.0,,,,,,,
2026-08-07T06:40,244.6,0.0,1019.6,23.3,0.0,14.9,99.9,1.0,1.9
2026-08-07T06:45,,0.0,,,,,,,
2026-08-07T06:50,274.7,0.0,1019.6,29.7,0.0,15.0,99.9,1.2,1.9
2026-08-07T06:55,,0.0,,,,,,,
2026-08-07T07:00,295.3,0.0,1019.5,35.0,0.0,15.2,100.0,0.2,0.7
2026-08-07T07:05,,0.0,,,,,,,
2026-08-07T07:10,332.5,0.0,1019.5,44.0,0.0,15.2,100.0,0.5,0.9
2026-08-07T07:15,,0.0,,,,,,,
2026-08-07T07:20,302.4,0.0,1019.4,35.1,0.0,15.2,100.0,1.1,1.5
2026-08-07T07:25,,0.0,,,,,,,
2026-08-07T07:30,255.3,0.0,1019.2,41.4,0.0,15.4,100.0,0.9,1.5
2026-08-07T07:35,,0.0,,,,,,,
2026-08-07T07:40,265.3,0.0,1019.3,52.0,0.0,15.4,100.0,0.9,2.0
2026-08-07T07:45,,0.0,,,,,,,
2026-08-07T07:50,109.1,0.0,1019.3,71.8,0.0,15.5,100.0,0.3,0.9
2026-08-07T07:55,,0.0,,,,,,,
2026-08-07T08:00,104.9,0.0,1019.3,94.6,0.0,15.5,99.9,0.4,1.4
2026-08-07T08:05,,0.0,,,,,,,
2026-08-07T08:10,122.2,0.0,1019.1,140.6,0.0,15.7,99.9,0.5,1.2
2026-08-07T08:15,,0.0,,,,,,,
2026-08-07T08:20,92.2,0.0,1018.6,160.7,0.0,16.2,100.0,0.8,2.1
2026-08-07T08:25,,0.0,,,,,,,
2026-08-07T08:30,119.6,0.0,1018.6,165.0,0.0,16.4,100.0,1.4,2.3
2026-08-07T08:35,,0.0,,,,,,,
2026-08-07T08:40,111.0,0.0,1018.6,162.2,0.0,16.7,100.0,1.0,1.4
2026-08-07T08:45,,0.0,,,,,,,
2026-08-07T08:50,102.5,0.0,1018.5,158.6,0.0,16.8,100.0,0.6,1.2
2026-08-07T08:55,,0.0,,,,,,,
2026-08-07T09:00,198.8,0.0,1018.6,120.9,0.0,16.8,100.0,0.8,1.7
2026-08-07T09:05,,0.0,,,,,,,
2026-08-07T09:10,227.5,0.0,1018.6,124.6,0.0,17.0,100.0,0.9,1.7
2026-08-07T09:15,,0.0,,,,,,,
2026-08-07T09:20,137.7,0.0,1018.5,196.6,248.0,17.0,100.0,0.3,1.0
2026-08-07T09:25,,0.0,,,,,,,
2026-08-07T09:30,112.6,0.0,1018.4,167.5,0.0,17.0,100.0,0.5,1.1
2026-08-07T09:35,,0.0,,,,,,,
2026-08-07T09:40,206.4,0.0,1018.5,169.9,149.0,17.1,100.0,0.8,1.7
2026-08-07T09:45,,0.0,,,,,,,
2026-08-07T09:50,229.2,0.0,1018.5,194.7,600.0,17.1,100.0,1.7,2.6
2026-08-07T09:55,,0.0,,,,,,,
2026-08-07T10:00,182.9,0.0,1018.2,271.0,577.0,17.5,100.0,0.9,1.6
2026-08-07T10:05,,0.0,,,,,,,
2026-08-07T10:10,204.0,0.0,1018.1,164.8,95.0,17.5,100.0,0.9,1.4
2026-08-07T10:15,,0.0,,,,,,,
2026-08-07T10:20,188.8,0.0,1018.0,169.4,0.0,17.7,100.0,0.3,1.2
2026-08-07T10:25,,0.0,,,,,,,
2026-08-07T10:30,102.5,0.0,1018.0,185.3,0.0,17.7,100.0,0.6,1.3
2026-08-07T10:35,,0.0,,,,,,,
2026-08-07T10:40,103.9,0.0,1017.8,291.9,205.0,17.8,100.0,0.8,1.1
2026-08-07T10:45,,0.0,,,,,,,
2026-08-07T10:50,69.3,0.0,1017.6,307.0,49.0,18.0,100.0,0.6,1.4
2026-08-07T10:55,,0.0,,,,,,,
2026-08-07T11:00,104.0,0.0,1017.3,370.7,206.0,18.2,100.0,1.8,2.8
2026-08-07T11:05,,0.0,,,,,,,
2026-08-07T11:10,90.5,0.0,1017.1,487.9,535.0,18.3,100.0,1.1,2.3
2026-08-07T11:15,,0.0,,,,,,,
2026-08-07T11:20,81.0,0.0,1016.8,545.9,600.0,18.8,100.0,1.2,2.3
2026-08-07T11:25,,0.0,,,,,,,
2026-08-07T11:30,91.9,0.0,1016.4,609.6,600.0,19.4,100.0,1.4,3.0
2026-08-07T11:35,,0.0,,,,,,,
2026-08-07T11:40,92.6,0.0,1016.3,468.1,564.0,19.4,100.0,1.4,3.0
2026-08-07T11:45,,0.0,,,,,,,
2026-08-07T11:50,88.2,0.0,1016.2,452.6,406.0,19.6,99.9,1.1,2.5
2026-08-07T11:55,,0.0,,,,,,,
2026-08-07T12:00,83.0,0.0,1016.1,513.0,575.0,19.5,100.0,1.4,3.0
2026-08-07T12:05,,0.0,,,,,,,
2026-08-07T12:10,100.3,0.0,1016.0,512.9,477.0,19.8,100.0,2.0,3.1
2026-08-07T12:15,,0.0,,,,,,,
2026-08-07T12:20,81.0,0.0,1016.1,323.2,0.0,19.7,100.0,0.9,2.7
2026-08-07T12:25,,0.0,,,,,,,
2026-08-07T12:30,58.4,0.0,1016.2,279.9,0.0,19.6,100.0,1.2,2.9
2026-08-07T12:35,,0.0,,,,,,,
2026-08-07T12:40,104.2,0.0,1016.1,232.0,0.0,19.5,100.0,1.0,2.0
2026-08-07T12:45,,0.0,,,,,,,
2026-08-07T12:50,111.1,0.0,1016.1,195.2,0.0,19.6,100.0,1.2,1.7
2026-08-07T12:55,,0.0,,,,,,,
2026-08-07T13:00,101.2,0.0,1016.1,151.5,0.0,19.5,100.0,0.8,2.1
2026-08-07T13:05,,0.0,,,,,,,
2026-08-07T13:10,337.6,0.0,1016.0,163.1,0.0,19.6,100.0,0.4,0.8
2026-08-07T13:15,,0.0,,,,,,,
2026-08-07T13:20,191.6,0.0,1015.9,214.9,0.0,19.9,100.0,0.6,1.2
2026-08-07T13:25,,0.0,,,,,,,
2026-08-07T13:30,236.8,0.0,1015.9,240.8,0.0,19.9,100.0,1.4,2.4
2026-08-07T13:35,,0.0,,,,,,,
2026-08-07T13:40,230.5,0.0,1015.8,297.1,0.0,19.9,98.8,1.5,2.2
2026-08-07T13:45,,0.0,,,,,,,
2026-08-07T13:50,230.7,0.0,1015.7,457.5,189.0,20.2,98.9,1.5,2.1
2026-08-07T13:55,,0.0,,,,,,,
2026-08-07T14:00,226.7,0.0,1015.4,629.3,493.0,20.6,97.8,2.0,2.5
2026-08-07T14:05,,0.0,,,,,,,
2026-08-07T14:10,221.9,0.0,1015.2,379.7,0.0,20.8,96.3,2.0,2.5
2026-08-07T14:15,,0.0,,,,,,,
2026-08-07T14:20,230.8,0.0,1015.0,385.0,0.0,21.0,95.4,1.8,2.4
2026-08-07T14:25,,0.0,,,,,,,
2026-08-07T14:30,230.8,0.0,1014.9,419.0,123.0,21.3,91.8,1.6,2.0
2026-08-07T14:35,,0.0,,,,,,,
2026-08-07T14:40,258.1,0.0,1014.4,424.2,4.0,21.9,91.7,1.4,2.1
2026-08-07T14:45,,0.0,,,,,,,
2026-08-07T14:50,281.8,0.0,1014.1,298.2,0.0,22.1,89.2,0.7,1.8
2026-08-07T14:55,,0.0,,,,,,,
2026-08-07T15:00,124.3,0.0,1014.0,279.2,0.0,22.2,91.1,1.2,1.7
2026-08-07T15:05,,0.0,,,,,,,
2026-08-07T15:10,104.7,0.0,1014.0,356.3,20.0,22.2,92.0,1.8,2.8
2026-08-07T15:15,,0.0,,,,,,,
2026-08-07T15:20,85.5,0.0,1013.7,531.2,600.0,22.5,92.2,1.1,2.5
2026-08-07T15:25,,0.0,,,,,,,
2026-08-07T15:30,68.7,0.0,1013.6,527.9,600.0,22.5,91.6,1.3,3.6
2026-08-07T15:35,,0.0,,,,,,,
2026-08-07T15:40,71.1,0.0,1013.2,418.2,600.0,22.6,90.7,1.0,2.8
2026-08-07T15:45,,0.0,,,,,,,
2026-08-07T15:50,90.0,0.0,1013.0,457.1,600.0,22.7,91.7,1.2,2.5
2026-08-07T15:55,,0.0,,,,,,,
2026-08-07T16:00,46.7,0.0,1012.9,478.9,600.0,22.7,90.3,2.0,3.6
2026-08-07T16:05,,0.0,,,,,,,
2026-08-07T16:10,51.5,0.0,1012.8,596.2,600.0,23.0,90.4,2.1,4.3
2026-08-07T16:15,,0.0,,,,,,,
2026-08-07T16:20,68.4,0.0,1012.7,613.5,600.0,23.1,92.9,1.7,3.5
2026-08-07T16:25,,0.0,,,,,,,
2026-08-07T16:30,75.1,0.0,1012.7,529.4,600.0,23.1,92.5,1.5,3.4
2026-08-07T16:35,,0.0,,,,,,,
2026-08-07T16:40,84.0,0.0,1012.6,589.1,600.0,23.1,90.0,1.3,2.9
2026-08-07T16:45,,0.0,,,,,,,
2026-08-07T16:50,93.6,0.0,1012.4,670.9,600.0,23.6,87.2,1.8,3.9
2026-08-07T16:55,,0.0,,,,,,,
2026-08-07T17:00,92.1,0.0,1012.4,489.0,600.0,23.6,87.1,1.8,3.7
2026-08-07T17:05,,0.0,,,,,,,
2026-08-07T17:10,80.8,0.0,1012.5,523.7,600.0,23.6,84.3,1.5,2.9
2026-08-07T17:15,,0.0,,,,,,,
2026-08-07T17:20,84.7,0.0,1012.6,317.4,549.0,23.3,84.2,1.6,4.1
2026-08-07T17:25,,0.0,,,,,,,
2026-08-07T17:30,58.9,0.0,1012.9,243.0,600.0,22.9,81.0,1.6,3.1
2026-08-07T17:35,,0.0,,,,,,,
2026-08-07T17:40,46.6,0.0,1013.1,323.2,600.0,22.7,79.6,2.5,4.3
2026-08-07T17:45,,0.0,,,,,,,
2026-08-07T17:50,62.9,0.0,1013.1,259.1,276.0,22.8,79.0,1.3,3.2
2026-08-07T17:55,,0.0,,,,,,,
2026-08-07T18:00,55.3,0.0,1013.4,173.2,73.0,22.3,79.4,1.5,3.2
2026-08-07T18:05,,0.0,,,,,,,
2026-08-07T18:10,59.4,0.0,1013.5,188.5,0.0,22.1,83.8,1.6,3.4
2026-08-07T18:15,,0.0,,,,,,,
2026-08-07T18:20,55.1,0.0,1013.7,162.1,0.0,21.9,86.4,1.5,3.4
2026-08-07T18:25,,0.0,,,,,,,
2026-08-07T18:30,55.4,0.0,1013.8,114.2,56.0,21.7,83.9,2.2,4.5
2026-08-07T18:35,,0.0,,,,,,,
2026-08-07T18:40,68.5,0.0,1013.9,277.4,600.0,21.8,83.0,0.9,4.1
2026-08-07T18:45,,0.0,,,,,,,
2026-08-07T18:50,52.5,0.0,1014.0,271.9,377.0,22.0,81.1,1.8,3.9
2026-08-07T18:55,,0.0,,,,,,,
2026-08-07T19:00,39.5,0.0,1014.1,154.9,298.0,21.8,79.4,2.4,3.9
2026-08-07T19:05,,0.0,,,,,,,
2026-08-07T19:10,45.0,0.0,1014.2,70.3,0.0,21.6,80.8,2.5,4.2
2026-08-07T19:15,,0.0,,,,,,,
2026-08-07T19:20,47.1,0.0,1014.4,51.3,0.0,21.3,82.1,1.3,3.1
2026-08-07T19:25,,0.0,,,,,,,
2026-08-07T19:30,41.4,0.0,1014.6,33.5,0.0,20.9,86.4,0.7,1.6
2026-08-07T19:35,,0.0,,,,,,,
2026-08-07T19:40,1.2,0.0,1014.8,25.4,0.0,20.6,88.6,1.2,2.5
2026-08-07T19:45,,0.0,,,,,,,
2026-08-07T19:50,294.7,0.0,1015.1,23.9,0.0,20.1,91.4,1.1,2.1
2026-08-07T19:55,,0.0,,,,,,,
2026-08-07T20:00,243.3,0.0,1015.4,22.9,0.0,20.0,92.3,2.6,4.4
2026-08-07T20:05,,0.0,,,,,,,
2026-08-07T20:10,251.9,0.0,1015.4,16.0,0.0,19.8,95.6,3.1,4.6
2026-08-07T20:15,,0.0,,,,,,,
2026-08-07T20:20,243.7,0.0,1015.5,8.4,0.0,19.8,93.2,2.5,4.4
2026-08-07T20:25,,0.0,,,,,,,
2026-08-07T20:30,247.6,0.0,1015.7,3.8,0.0,19.4,98.0,3.2,4.7
2026-08-07T20:35,,0.0,,,,,,,
2026-08-07T20:40,235.2,0.0,1015.8,0.8,0.0,19.4,96.9,4.2,5.6
2026-08-07T20:45,,0.0,,,,,,,
2026-08-07T20:50,227.1,0.0,1015.8,0.0,0.0,19.4,96.8,5.1,6.0
2026-08-07T20:55,,0.0,,,,,,,
2026-08-07T21:00,221.1,0.0,1016.1,0.0,0.0,19.3,97.4,4.9,5.5
2026-08-07T21:05,,0.0,,,,,,,
2026-08-07T21:10,227.3,0.0,1016.3,0.0,0.0,19.2,96.8,4.7,5.9
2026-08-07T21:15,,0.0,,,,,,,
2026-08-07T21:20,231.7,0.0,1016.4,0.0,0.0,19.1,96.8,4.8,5.6
2026-08-07T21:25,,0.0,,,,,,,
2026-08-07T21:30,235.1,0.0,1016.4,0.0,0.0,19.0,98.3,4.1,4.9
2026-08-07T21:35,,0.0,,,,,,,
2026-08-07T21:40,237.3,0.0,1016.5,0.0,0.0,18.8,98.0,4.5,5.9
2026-08-07T21:45,,0.0,,,,,,,
2026-08-07T21:50,230.3,0.0,1016.6,0.0,0.0,18.8,98.8,5.1,6.0
2026-08-07T21:55,,0.0,,,,,,,
2026-08-07T22:00,225.7,0.0,1016.6,0.0,0.0,18.9,98.5,4.7,5.8
2026-08-07T22:05,,0.0,,,,,,,
2026-08-07T22:10,251.1,0.0,1016.8,0.0,0.0,18.7,98.1,3.3,5.3
2026-08-07T22:15,,0.0,,,,,,,
2026-08-07T22:20,237.1,0.0,1016.7,0.0,0.0,18.8,97.2,3.2,4.8
2026-08-07T22:25,,0.0,,,,,,,
2026-08-07T22:30,232.6,0.0,1016.6,0.0,0.0,18.8,98.0,4.6,5.5
2026-08-07T22:35,,0.0,,,,,,,
2026-08-07T22:40,214.4,0.0,1016.5,0.0,0.0,18.9,98.8,5.0,7.2
2026-08-07T22:45,,0.0,,,,,,,
2026-08-07T22:50,226.8,0.0,1016.3,0.0,0.0,19.3,94.5,5.5,7.0
2026-08-07T22:55,,0.0,,,,,,,
2026-08-07T23:00,236.4,0.0,1016.4,0.0,0.0,19.2,94.7,5.6,8.0
2026-08-07T23:05,,0.0,,,,,,,
2026-08-07T23:10,241.5,0.0,1016.5,0.0,0.0,19.4,90.4,6.8,8.4
2026-08-07T23:15,,0.0,,,,,,,
2026-08-07T23:20,226.7,0.0,1016.6,0.0,0.0,19.2,94.0,6.3,7.7
2026-08-07T23:25,,0.0,,,,,,,
2026-08-07T23:30,222.9,0.0,1016.7,0.0,0.0,18.9,95.4,5.9,8.1
2026-08-07T23:35,,0.0,,,,,,,
2026-08-07T23:40,224.0,0.0,1016.8,0.0,0.0,19.0,96.8,6.3,8.2
2026-08-07T23:45,,0.0,,,,,,,
2026-08-07T23:50,222.4,0.0,1016.9,0.0,0.0,18.8,98.2,6.4,8.2
2026-08-07T23:55,,0.0,,,,,,,
2026-08-08T00:00,201.3,0.0,1017.1,0.0,0.0,18.5,99.8,4.3,7.5
2026-08-08T00:05,,0.0,,,,,,,
2026-08-08T00:10,211.9,0.0,1017.2,0.0,0.0,18.4,100.0,6.4,8.5
2026-08-08T00:15,,0.0,,,,,,,
2026-08-08T00:20,221.0,0.0,1017.5,0.0,0.0,18.1,100.0,6.2,7.4
2026-08-08T00:25,,0.0,,,,,,,
2026-08-08T00:30,233.8,0.0,1017.5,0.0,0.0,18.0,100.0,4.5,5.8
2026-08-08T00:35,,0.0,,,,,,,
2026-08-08T00:40,224.0,0.0,1017.7,0.0,0.0,17.8,100.0,4.6,6.4
2026-08-08T00:45,,0.0,,,,,,,
2026-08-08T00:50,220.9,0.0,1017.8,0.0,0.0,17.8,100.0,4.4,5.1
2026-08-08T00:55,,0.0,,,,,,,
2026-08-08T01:00,213.8,0.0,1017.9,0.0,0.0,17.6,100.0,4.6,5.7
2026-08-08T01:05,,0.0,,,,,,,
2026-08-08T01:10,215.1,0.0,1017.9,0.0,0.0,17.3,100.0,4.1,5.5
2026-08-08T01:15,,0.0,,,,,,,
2026-08-08T01:20,227.1,0.0,1018.0,0.0,0.0,17.3,100.0,4.8,5.5
2026-08-08T01:25,,0.0,,,,,,,
2026-08-08T01:30,226.2,0.0,1018.0,0.0,0.0,17.1,100.0,5.0,6.1
2026-08-08T01:35,,0.0,,,,,,,
2026-08-08T01:40,226.1,0.0,1018.0,0.0,0.0,17.2,100.0,5.5,6.4
2026-08-08T01:45,,0.0,,,,,,,
2026-08-08T01:50,228.6,0.0,1018.0,0.0,0.0,17.0,100.0,5.4,6.4
2026-08-08T01:55,,0.0,,,,,,,
2026-08-08T02:00,221.8,0.0,1018.0,0.0,0.0,16.9,100.0,5.8,6.6
2026-08-08T02:05,,0.0,,,,,,,
2026-08-08T02:10,237.9,0.0,1018.2,0.0,0.0,16.7,100.0,6.1,7.6
2026-08-08T02:15,,0.0,,,,,,,
2026-08-08T02:20,230.1,0.0,1018.1,0.0,0.0,16.8,100.0,6.5,7.7
2026-08-08T02:25,,0.0,,,,,,,
2026-08-08T02:30,234.1,0.0,1018.1,0.0,0.0,16.8,100.0,4.8,6.1
2026-08-08T02:35,,0.0,,,,,,,
2026-08-08T02:40,230.2,0.0,1018.2,0.0,0.0,16.6,100.0,6.0,6.8
2026-08-08T02:45,,0.0,,,,,,,
2026-08-08T02:50,232.0,0.0,1018.2,0.0,0.0,16.7,100.0,5.5,7.0
2026-08-08T02:55,,0.0,,,,,,,
2026-08-08T03:00,233.3,0.0,1018.1,0.0,0.0,16.7,100.0,5.6,7.1
2026-08-08T03:05,,0.0,,,,,,,
2026-08-08T03:10,241.1,0.0,1018.1,0.0,0.0,16.5,100.0,5.0,6.2
2026-08-08T03:15,,0.0,,,,,,,
2026-08-08T03:20,231.1,0.0,1018.0,0.0,0.0,16.8,100.0,4.7,6.5
2026-08-08T03:25,,0.0,,,,,,,
2026-08-08T03:30,203.9,0.0,1018.1,0.0,0.0,16.5,100.0,3.8,5.5
2026-08-08T03:35,,0.0,,,,,,,
2026-08-08T03:40,237.5,0.0,1018.1,0.0,0.0,16.4,100.0,4.7,6.2
2026-08-08T03:45,,0.0,,,,,,,
2026-08-08T03:50,234.6,0.0,1018.1,0.0,0.0,16.4,100.0,3.5,5.0
2026-08-08T03:55,,0.0,,,,,,,
2026-08-08T04:00,250.7,0.0,1018.2,0.0,0.0,16.2,100.0,3.0,4.6
2026-08-08T04:05,,0.0,,,,,,,
2026-08-08T04:10,234.8,0.0,1018.2,0.0,0.0,16.4,99.5,2.1,4.2
2026-08-08T04:15,,0.0,,,,,,,
2026-08-08T04:20,238.4,0.0,1018.4,0.0,0.0,16.0,100.0,1.9,3.0
2026-08-08T04:25,,0.0,,,,,,,
2026-08-08T04:30,247.5,0.0,1018.6,0.0,0.0,15.9,100.0,1.7,2.8
2026-08-08T04:35,,0.0,,,,,,,
2026-08-08T04:40,258.6,0.0,1018.8,0.0,0.0,15.7,100.0,1.8,2.4
2026-08-08T04:45,,0.0,,,,,,,
2026-08-08T04:50,257.8,0.0,1018.9,0.0,0.0,15.5,100.0,1.9,2.7
2026-08-08T04:55,,0.0,,,,,,,
2026-08-08T05:00,239.0,0.0,1018.8,0.0,0.0,15.5,100.0,3.0,4.0
2026-08-08T05:05,,0.0,,,,,,,
2026-08-08T05:10,237.5,0.0,1018.9,0.0,0.0,15.4,100.0,3.8,4.8
2026-08-08T05:15,,0.0,,,,,,,
2026-08-08T05:20,235.9,0.0,1019.0,0.0,0.0,15.2,100.0,4.4,6.0
2026-08-08T05:25,,0.0,,,,,,,
2026-08-08T05:30,233.9,0.0,1018.9,0.0,0.0,15.4,100.0,3.9,5.2
2026-08-08T05:35,,0.0,,,,,,,
2026-08-08T05:40,232.0,0.0,1019.0,0.0,0.0,15.3,100.0,3.3,4.8
2026-08-08T05:45,,0.0,,,,,,,
2026-08-08T05:50,225.7,0.0,1019.0,0.0,0.0,15.3,100.0,3.7,4.6
2026-08-08T05:55,,0.0,,,,,,,
2026-08-08T06:00,240.9,0.0,1019.2,0.0,0.0,15.2,100.0,3.3,4.4
2026-08-08T06:05,,0.0,,,,,,,
2026-08-08T06:10,254.2,0.0,1019.3,0.9,0.0,15.0,100.0,2.5,3.5
2026-08-08T06:15,,0.0,,,,,,,
2026-08-08T06:20,258.7,0.0,1019.3,4.5,0.0,15.1,100.0,2.2,3.0
2026-08-08T06:25,,0.0,,,,,,,
2026-08-08T06:30,226.6,0.0,1019.3,9.0,0.0,15.3,100.0,2.7,3.7
2026-08-08T06:35,,0.0,,,,,,,
2026-08-08T06:40,235.9,0.0,1019.5,14.5,0.0,15.1,100.0,3.4,4.0
2026-08-08T06:45,,0.0,,,,,,,
2026-08-08T06:50,247.0,0.0,1019.7,19.6,0.0,14.9,100.0,3.2,3.6
2026-08-08T06:55,,0.0,,,,,,,
2026-08-08T07:00,242.3,0.0,1019.6,24.3,0.0,15.1,100.0,3.4,4.1
2026-08-08T07:05,,0.0,,,,,,,
2026-08-08T07:10,227.4,0.0,1019.5,28.5,0.0,15.2,100.0,4.2,5.3
2026-08-08T07:15,,0.0,,,,,,,
2026-08-08T07:20,223.2,0.0,1019.4,32.4,0.0,15.3,100.0,4.2,5.2
2026-08-08T07:25,,0.0,,,,,,,
2026-08-08T07:30,237.8,0.0,1019.3,35.8,0.0,15.5,100.0,3.6,4.5
2026-08-08T07:35,,0.0,,,,,,,
2026-08-08T07:40,220.3,0.0,1019.2,39.3,0.0,15.7,100.0,3.7,4.3
2026-08-08T07:45,,0.0,,,,,,,
2026-08-08T07:50,219.6,0.0,1019.1,43.1,0.0,16.0,100.0,2.9,3.9
2026-08-08T07:55,,0.0,,,,,,,
2026-08-08T08:00,238.5,0.0,1019.0,46.1,0.0,16.2,100.0,2.2,2.8
2026-08-08T08:05,,0.0,,,,,,,
2026-08-08T08:10,234.6,0.0,1018.8,49.8,0.0,16.4,100.0,2.1,2.8
2026-08-08T08:15,,0.0,,,,,,,
2026-08-08T08:20,245.1,0.0,1018.7,53.3,0.0,16.7,99.3,1.6,2.2
2026-08-08T08:25,,0.0,,,,,,,
2026-08-08T08:30,193.6,0.0,1018.5,57.6,0.0,17.1,96.4,0.5,1.0
2026-08-08T08:35,,0.0,,,,,,,
2026-08-08T08:40,87.5,0.0,1018.3,75.1,0.0,17.6,93.7,0.8,2.5
2026-08-08T08:45,,0.0,,,,,,,
2026-08-08T08:50,94.4,0.0,1018.1,115.3,0.0,18.1,91.1,1.6,2.9
2026-08-08T08:55,,0.0,,,,,,,
2026-08-08T09:00,83.4,0.0,1018.0,339.7,82.0,18.3,90.7,1.2,2.8
2026-08-08T09:05,,0.0,,,,,,,
2026-08-08T09:10,78.8,0.0,1017.9,398.6,396.0,18.4,89.4,1.1,2.3
2026-08-08T09:15,,0.0,,,,,,,
2026-08-08T09:20,98.2,0.0,1017.8,492.8,600.0,18.7,87.6,1.7,2.9
2026-08-08T09:25,,0.0,,,,,,,
2026-08-08T09:30,105.0,0.0,1017.6,522.9,600.0,19.1,86.3,1.8,2.7
2026-08-08T09:35,,0.0,,,,,,,
2026-08-08T09:40,105.1,0.0,1017.4,555.3,600.0,19.6,84.8,1.4,2.5
2026-08-08T09:45,,0.0,,,,,,,
2026-08-08T09:50,106.5,0.0,1017.3,586.1,600.0,20.0,82.6,1.5,2.4
2026-08-08T09:55,,0.0,,,,,,,
2026-08-08T10:00,113.6,0.0,1017.0,614.7,600.0,20.5,76.6,1.7,2.5
2026-08-08T10:05,,0.0,,,,,,,
2026-08-08T10:10,109.1,0.0,1016.8,641.1,600.0,21.0,73.4,1.5,2.7
2026-08-08T10:15,,0.0,,,,,,,
2026-08-08T10:20,106.2,0.0,1016.6,665.9,600.0,21.3,72.4,1.7,3.1
2026-08-08T10:25,,0.0,,,,,,,
2026-08-08T10:30,105.0,0.0,1016.4,694.4,600.0,21.7,72.6,1.8,3.5
2026-08-08T10:35,,0.0,,,,,,,
2026-08-08T10:40,94.3,0.0,1016.4,720.4,600.0,21.8,71.8,1.7,3.4
2026-08-08T10:45,,0.0,,,,,,,
2026-08-08T10:50,64.0,0.0,1016.2,748.8,600.0,22.0,71.3,1.3,2.8
2026-08-08T10:55,,0.0,,,,,,,
2026-08-08T11:00,93.4,0.0,1015.9,774.2,600.0,22.4,70.5,1.5,3.1
2026-08-08T11:05,,0.0,,,,,,,
2026-08-08T11:10,78.6,0.0,1015.7,795.7,600.0,22.6,69.8,1.5,3.4
2026-08-08T11:15,,0.0,,,,,,,
2026-08-08T11:20,74.9,0.0,1015.6,818.8,600.0,22.9,68.4,1.3,3.1
2026-08-08T11:25,,0.0,,,,,,,
2026-08-08T11:30,70.5,0.0,1015.4,837.8,600.0,23.2,66.9,1.5,4.0
2026-08-08T11:35,,0.0,,,,,,,
2026-08-08T11:40,81.7,0.0,1015.3,854.8,600.0,23.3,64.2,1.6,4.3
2026-08-08T11:45,,0.0,,,,,,,
2026-08-08T11:50,76.4,0.0,1015.0,868.6,600.0,23.6,64.1,1.4,3.8
2026-08-08T11:55,,0.0,,,,,,,
2026-08-08T12:00,62.8,0.0,1014.9,882.8,600.0,23.6,62.1,1.7,3.9
2026-08-08T12:05,,0.0,,,,,,,
2026-08-08T12:10,76.0,0.0,1014.7,891.0,600.0,23.9,61.0,1.7,4.5
2026-08-08T12:15,,0.0,,,,,,,
2026-08-08T12:20,73.0,0.0,1014.6,896.7,600.0,24.2,59.8,1.5,3.8
2026-08-08T12:25,,0.0,,,,,,,
2026-08-08T12:30,84.7,0.0,1014.4,789.9,558.0,24.4,61.5,1.7,3.9
2026-08-08T12:35,,0.0,,,,,,,
2026-08-08T12:40,98.0,0.0,1014.2,906.5,600.0,24.8,59.7,2.3,4.3
2026-08-08T12:45,,0.0,,,,,,,
2026-08-08T12:50,95.7,0.0,1013.8,951.0,599.0,25.4,58.1,2.1,5.3
2026-08-08T12:55,,0.0,,,,,,,
2026-08-08T13:00,99.5,0.0,1013.6,855.5,526.0,25.7,56.3,2.6,5.4
2026-08-08T13:05,,0.0,,,,,,,
2026-08-08T13:10,98.5,0.0,1013.6,748.4,493.0,25.4,56.7,2.4,4.5
2026-08-08T13:15,,0.0,,,,,,,
2026-08-08T13:20,98.6,0.0,1013.4,769.4,488.0,25.7,55.2,2.4,4.2
2026-08-08T13:25,,0.0,,,,,,,
2026-08-08T13:30,99.8,0.0,1013.4,691.6,406.0,25.3,55.1,2.7,5.8
2026-08-08T13:35,,0.0,,,,,,,
2026-08-08T13:40,98.7,0.0,1013.0,908.4,589.0,26.1,53.0,2.6,4.1
2026-08-08T13:45,,0.0,,,,,,,
2026-08-08T13:50,95.5,0.0,1012.9,713.7,459.0,26.3,52.6,2.2,4.4
2026-08-08T13:55,,0.0,,,,,,,
2026-08-08T14:00,87.2,0.0,1012.7,959.2,600.0,26.5,52.8,1.6,3.8
2026-08-08T14:05,,0.0,,,,,,,
2026-08-08T14:10,85.8,0.0,1012.5,823.4,520.0,26.8,51.3,1.8,4.2
2026-08-08T14:15,,0.0,,,,,,,
2026-08-08T14:20,97.3,0.0,1012.3,937.2,599.0,27.0,50.2,2.4,4.6
2026-08-08T14:25,,0.0,,,,,,,
2026-08-08T14:30,100.6,0.0,1012.1,929.5,600.0,27.4,49.4,2.3,3.7
2026-08-08T14:35,,0.0,,,,,,,
2026-08-08T14:40,97.8,0.0,1012.0,912.1,600.0,27.5,48.3,2.1,4.0
2026-08-08T14:45,,0.0,,,,,,,
2026-08-08T14:50,101.0,0.0,1011.8,881.2,600.0,27.7,47.8,2.2,4.1
2026-08-08T14:55,,0.0,,,,,,,
2026-08-08T15:00,97.1,0.0,1011.6,865.7,600.0,27.8,47.5,1.7,3.5
2026-08-08T15:05,,0.0,,,,,,,
2026-08-08T15:10,84.2,0.0,1011.5,856.9,600.0,27.7,46.6,1.7,3.6
2026-08-08T15:15,,0.0,,,,,,,
2026-08-08T15:20,83.4,0.0,1011.3,838.6,599.0,27.9,47.0,1.5,3.6
2026-08-08T15:25,,0.0,,,,,,,
2026-08-08T15:30,97.2,0.0,1011.3,825.3,600.0,27.7,47.0,2.3,4.6
2026-08-08T15:35,,0.0,,,,,,,
2026-08-08T15:40,84.2,0.0,1011.2,800.4,600.0,27.9,46.9,1.5,3.2
2026-08-08T15:45,,0.0,,,,,,,
2026-08-08T15:50,91.1,0.0,1011.0,785.5,600.0,28.1,45.6,1.8,3.6
2026-08-08T15:55,,0.0,,,,,,,
2026-08-08T16:00,84.2,0.0,1011.0,758.4,600.0,28.1,45.3,1.7,3.9
2026-08-08T16:05,,0.0,,,,,,,
2026-08-08T16:10,94.7,0.0,1010.9,751.1,600.0,28.2,44.7,2.0,3.9
2026-08-08T16:15,,0.0,,,,,,,
2026-08-08T16:20,94.3,0.0,1010.8,729.0,600.0,28.2,45.0,2.2,4.1
2026-08-08T16:25,,0.0,,,,,,,
2026-08-08T16:30,72.0,0.0,1010.8,694.8,600.0,28.3,45.1,1.3,3.8
2026-08-08T16:35,,0.0,,,,,,,
2026-08-08T16:40,82.5,0.0,1010.7,662.3,600.0,28.3,45.2,1.6,4.0
2026-08-08T16:45,,0.0,,,,,,,
2026-08-08T16:50,94.6,0.0,1010.7,641.5,599.0,28.2,45.4,2.1,5.1
2026-08-08T16:55,,0.0,,,,,,,
2026-08-08T17:00,83.9,0.0,1010.8,596.3,600.0,28.0,45.0,1.8,4.1
2026-08-08T17:05,,0.0,,,,,,,
2026-08-08T17:10,56.7,0.0,1010.9,317.7,420.0,27.7,45.9,1.9,3.8
2026-08-08T17:15,,0.0,,,,,,,
2026-08-08T17:20,57.7,0.0,1011.1,298.4,413.0,27.1,47.6,1.2,3.2
2026-08-08T17:25,,0.0,,,,,,,
2026-08-08T17:30,51.9,0.0,1011.0,488.6,600.0,27.3,45.9,1.9,3.0
2026-08-08T17:35,,0.0,,,,,,,
2026-08-08T17:40,102.7,0.0,1010.9,382.5,473.0,27.5,45.4,1.5,3.8
2026-08-08T17:45,,0.0,,,,,,,
2026-08-08T17:50,58.6,0.0,1011.1,206.3,228.0,27.2,45.9,1.0,3.1
2026-08-08T17:55,,0.0,,,,,,,
2026-08-08T18:00,34.3,0.0,1011.4,87.2,0.0,26.6,49.3,0.7,2.1
2026-08-08T18:05,,0.0,,,,,,,
2026-08-08T18:10,20.0,0.0,1011.4,346.5,0.0,26.5,53.6,0.7,1.6
2026-08-08T18:15,,0.0,,,,,,,
2026-08-08T18:20,351.1,0.0,1011.4,310.4,0.0,26.6,52.6,1.3,3.0
2026-08-08T18:25,,0.0,,,,,,,
2026-08-08T18:30,334.7,0.0,1011.8,296.7,540.0,26.0,56.6,1.8,2.4
2026-08-08T18:35,,0.0,,,,,,,
2026-08-08T18:40,299.3,0.0,1012.0,253.6,600.0,25.9,53.9,1.9,3.6
2026-08-08T18:45,,0.0,,,,,,,
2026-08-08T18:50,312.3,0.0,1012.1,211.8,573.0,25.8,53.7,2.3,4.7
2026-08-08T18:55,,0.0,,,,,,,
2026-08-08T19:00,333.2,0.0,1012.3,83.6,105.0,25.5,53.6,2.1,3.5
2026-08-08T19:05,,0.0,,,,,,,
2026-08-08T19:10,345.8,0.0,1012.8,39.5,0.0,24.6,60.4,1.4,3.1
2026-08-08T19:15,,0.0,,,,,,,
2026-08-08T19:20,342.9,0.0,1013.1,27.4,0.0,24.3,60.6,1.6,3.0
2026-08-08T19:25,,0.0,,,,,,,
2026-08-08T19:30,346.3,0.0,1013.3,24.4,0.0,24.2,59.3,1.4,2.5
2026-08-08T19:35,,0.0,,,,,,,
2026-08-08T19:40,261.2,0.0,1013.5,34.8,0.0,24.2,60.5,1.9,5.1
2026-08-08T19:45,,0.0,,,,,,,
2026-08-08T19:50,250.4,0.0,1013.5,41.6,0.0,24.2,61.1,2.7,5.2
2026-08-08T19:55,,0.0,,,,,,,
2026-08-08T20:00,240.7,0.0,1013.9,28.3,0.0,23.6,66.7,4.0,6.2
2026-08-08T20:05,,0.0,,,,,,,
2026-08-08T20:10,257.0,0.0,1014.1,23.9,0.0,23.5,65.5,2.5,5.3
2026-08-08T20:15,,0.0,,,,,,,
2026-08-08T20:20,209.8,0.0,1014.2,13.9,0.0,22.9,75.0,4.1,6.9
2026-08-08T20:25,,0.0,,,,,,,
2026-08-08T20:30,235.9,0.0,1014.8,4.5,0.0,22.0,80.8,4.7,7.2
2026-08-08T20:35,,0.0,,,,,,,
2026-08-08T20:40,233.5,0.0,1015.1,2.1,0.0,21.9,82.4,4.4,5.8
2026-08-08T20:45,,0.0,,,,,,,
2026-08-08T20:50,245.6,0.0,1015.4,0.0,0.0,21.5,84.3,3.9,6.3
2026-08-08T20:55,,0.0,,,,,,,
2026-08-08T21:00,220.6,0.0,1015.5,0.0,0.0,21.4,85.9,5.1,7.7
2026-08-08T21:05,,0.0,,,,,,,
2026-08-08T21:10,210.2,0.0,1015.8,0.0,0.0,21.0,89.9,5.3,7.5
2026-08-08T21:15,,0.0,,,,,,,
2026-08-08T21:20,238.2,0.0,1016.1,0.0,0.0,20.6,91.5,4.5,6.4
2026-08-08T21:25,,0.0,,,,,,,
2026-08-08T21:30,238.0,0.0,1016.6,0.0,0.0,20.5,89.2,3.3,5.6
2026-08-08T21:35,,0.0,,,,,,,
2026-08-08T21:40,217.3,0.0,1016.8,0.0,0.0,20.4,91.1,1.4,5.1
2026-08-08T21:45,,0.0,,,,,,,
2026-08-08T21:50,175.7,0.0,1017.0,0.0,0.0,20.2,91.7,0.6,1.8
2026-08-08T21:55,,0.0,,,,,,,
2026-08-08T22:00,243.5,0.0,1017.2,0.0,0.0,20.0,92.9,2.6,3.8
2026-08-08T22:05,,0.0,,,,,,,
2026-08-08T22:10,245.0,0.0,1017.4,0.0,0.0,19.8,96.2,2.8,3.5
2026-08-08T22:15,,0.0,,,,,,,
2026-08-08T22:20,219.6,0.0,1017.6,0.0,0.0,19.8,95.9,3.5,5.0
2026-08-08T22:25,,0.0,,,,,,,
2026-08-08T22:30,241.2,0.0,1017.7,0.0,0.0,19.5,95.0,3.3,4.8
2026-08-08T22:35,,0.0,,,,,,,
2026-08-08T22:40,235.1,0.0,1017.7,0.0,0.0,19.4,95.3,4.5,5.6
2026-08-08T22:45,,0.0,,,,,,,
2026-08-08T22:50,214.9,0.0,1017.6,0.0,0.0,19.5,94.1,3.8,5.0
2026-08-08T22:55,,0.0,,,,,,,
2026-08-08T23:00,225.1,0.0,1018.0,0.0,0.0,19.1,97.5,3.4,5.2
2026-08-08T23:05,,0.0,,,,,,,
2026-08-08T23:10,231.0,0.0,1018.1,0.0,0.0,19.0,98.1,2.0,3.7
2026-08-08T23:15,,0.0,,,,,,,
2026-08-08T23:20,223.0,0.0,1018.4,0.0,0.0,18.9,98.5,1.7,3.5
2026-08-08T23:25,,0.0,,,,,,,
2026-08-08T23:30,246.1,0.0,1018.6,0.0,0.0,18.9,97.7,3.0,4.1
2026-08-08T23:35,,0.0,,,,,,,
2026-08-08T23:40,200.2,0.0,1018.6,0.0,0.0,18.9,99.8,1.3,3.3
2026-08-08T23:45,,0.0,,,,,,,
2026-08-08T23:50,242.8,0.0,1018.7,0.0,0.0,18.9,99.6,2.4,3.2
2026-08-08T23:55,,0.0,,,,,,,
2026-08-09T00:00,232.1,0.0,1018.7,0.0,0.0,19.0,98.8,1.4,2.7
2026-08-09T00:05,,0.0,,,,,,,
2026-08-09T00:10,217.0,0.0,1018.8,0.0,0.0,18.9,99.8,2.1,3.5
2026-08-09T00:15,,0.0,,,,,,,
2026-08-09T00:20,247.4,0.0,1018.9,0.0,0.0,18.9,98.0,2.4,3.5
2026-08-09T00:25,,0.0,,,,,,,
2026-08-09T00:30,233.3,0.0,1018.8,0.0,0.0,19.1,98.3,3.0,4.1
2026-08-09T00:35,,0.0,,,,,,,
2026-08-09T00:40,224.4,0.0,1018.9,0.0,0.0,19.0,98.7,2.8,3.6
2026-08-09T00:45,,0.0,,,,,,,
2026-08-09T00:50,234.9,0.0,1018.9,0.0,0.0,18.8,100.0,2.1,2.8
2026-08-09T00:55,,0.0,,,,,,,
2026-08-09T01:00,235.6,0.0,1018.8,0.0,0.0,18.8,100.0,2.2,3.2
2026-08-09T01:05,,0.0,,,,,,,
2026-08-09T01:10,248.7,0.0,1018.8,0.0,0.0,18.7,100.0,2.0,2.8
2026-08-09T01:15,,0.0,,,,,,,
2026-08-09T01:20,249.1,0.0,1018.8,0.0,0.0,18.6,100.0,1.8,2.7
2026-08-09T01:25,,0.0,,,,,,,
2026-08-09T01:30,231.2,0.0,1018.8,0.0,0.0,18.6,100.0,2.4,3.3
2026-08-09T01:35,,0.0,,,,,,,
2026-08-09T01:40,239.3,0.0,1019.0,0.0,0.0,18.5,100.0,2.9,3.4
2026-08-09T01:45,,0.0,,,,,,,
2026-08-09T01:50,247.7,0.0,1019.1,0.0,0.0,18.2,100.0,2.6,3.2
2026-08-09T01:55,,0.0,,,,,,,
2026-08-09T02:00,231.4,0.0,1019.1,0.0,0.0,18.3,100.0,2.2,3.0
2026-08-09T02:05,,0.0,,,,,,,
2026-08-09T02:10,244.7,0.0,1019.1,0.0,0.0,18.2,100.0,2.0,3.4
2026-08-09T02:15,,0.0,,,,,,,
2026-08-09T02:20,241.7,0.0,1019.4,0.0,0.0,18.0,100.0,3.2,4.1
2026-08-09T02:25,,0.0,,,,,,,
2026-08-09T02:30,235.2,0.0,1019.4,0.0,0.0,18.0,100.0,3.4,4.3
2026-08-09T02:35,,0.0,,,,,,,
2026-08-09T02:40,241.6,0.0,1019.4,0.0,0.0,17.9,100.0,2.9,3.9
2026-08-09T02:45,,0.0,,,,,,,
2026-08-09T02:50,238.7,0.0,1019.2,0.0,0.0,18.1,100.0,2.9,3.8
2026-08-09T02:55,,0.0,,,,,,,
2026-08-09T03:00,241.3,0.0,1019.2,0.0,0.0,18.1,100.0,3.0,3.9
2026-08-09T03:05,,0.0,,,,,,,
2026-08-09T03:10,222.3,0.0,1019.1,0.0,0.0,18.3,99.9,2.3,3.6
2026-08-09T03:15,,0.0,,,,,,,
2026-08-09T03:20,238.7,0.0,1019.0,0.0,0.0,18.2,100.0,2.7,3.7
2026-08-09T03:25,,0.0,,,,,,,
2026-08-09T03:30,238.0,0.0,1019.0,0.0,0.0,18.2,100.0,3.3,3.8
2026-08-09T03:35,,0.0,,,,,,,
2026-08-09T03:40,228.3,0.0,1018.9,0.0,0.0,18.4,99.9,2.3,3.3
2026-08-09T03:45,,0.0,,,,,,,
2026-08-09T03:50,208.6,0.0,1018.9,0.0,0.0,18.4,100.0,2.2,2.9
2026-08-09T03:55,,0.0,,,,,,,
2026-08-09T04:00,236.8,0.0,1018.9,0.0,0.0,18.3,100.0,2.0,2.9
2026-08-09T04:05,,0.0,,,,,,,
2026-08-09T04:10,218.5,0.0,1018.6,0.0,0.0,18.4,99.9,2.1,2.9
2026-08-09T04:15,,0.0,,,,,,,
2026-08-09T04:20,248.9,0.0,1018.7,0.0,0.0,18.2,100.0,1.6,2.3
2026-08-09T04:25,,0.0,,,,,,,
2026-08-09T04:30,307.3,0.0,1018.9,0.0,0.0,17.8,100.0,0.9,1.8
2026-08-09T04:35,,0.0,,,,,,,
2026-08-09T04:40,252.1,0.0,1018.8,0.0,0.0,17.8,100.0,1.3,2.1
2026-08-09T04:45,,0.0,,,,,,,
2026-08-09T04:50,255.2,0.0,1019.0,0.0,0.0,17.5,100.0,1.8,2.5
2026-08-09T04:55,,0.0,,,,,,,
2026-08-09T05:00,257.3,0.0,1019.2,0.0,0.0,17.3,100.0,1.8,2.5
2026-08-09T05:05,,0.0,,,,,,,
2026-08-09T05:10,254.0,0.0,1019.2,0.0,0.0,17.3,100.0,1.8,2.9
2026-08-09T05:15,,0.0,,,,,,,
2026-08-09T05:20,237.5,0.0,1019.2,0.0,0.0,17.2,100.0,2.6,3.4
2026-08-09T05:25,,0.0,,,,,,,
2026-08-09T05:30,252.0,0.0,1019.4,0.0,0.0,16.9,100.0,2.6,3.7
2026-08-09T05:35,,0.0,,,,,,,
2026-08-09T05:40,230.7,0.0,1019.3,0.0,0.0,17.1,100.0,3.3,4.2
2026-08-09T05:45,,0.0,,,,,,,
2026-08-09T05:50,239.5,0.0,1019.4,0.0,0.0,16.9,100.0,3.2,4.0
2026-08-09T05:55,,0.0,,,,,,,
2026-08-09T06:00,236.3,0.0,1019.3,0.0,0.0,16.9,100.0,3.1,4.1
2026-08-09T06:05,,0.0,,,,,,,
2026-08-09T06:10,249.2,0.0,1019.4,0.6,0.0,16.8,100.0,2.7,3.7
2026-08-09T06:15,,0.0,,,,,,,
2026-08-09T06:20,251.0,0.0,1019.5,3.7,0.0,16.7,100.0,1.7,2.6
2026-08-09T06:25,,0.0,,,,,,,
2026-08-09T06:30,259.4,0.0,1019.5,8.5,0.0,16.8,100.0,1.9,2.6
2026-08-09T06:35,,0.0,,,,,,,
2026-08-09T06:40,270.4,0.0,1019.5,10.5,0.0,16.9,100.0,1.7,2.6
2026-08-09T06:45,,0.0,,,,,,,
2026-08-09T06:50,243.0,0.0,1019.4,10.1,0.0,17.1,100.0,2.5,3.2
2026-08-09T06:55,,0.0,,,,,,,
2026-08-09T07:00,245.5,0.0,1019.5,17.0,0.0,17.0,100.0,2.6,3.1
2026-08-09T07:05,,0.0,,,,,,,
2026-08-09T07:10,247.0,0.0,1019.5,20.0,0.0,17.2,100.0,3.0,3.7
2026-08-09T07:15,,0.0,,,,,,,
2026-08-09T07:20,249.1,0.0,1019.5,25.1,0.0,17.2,100.0,2.6,3.4
2026-08-09T07:25,,0.0,,,,,,,
2026-08-09T07:30,249.7,0.0,1019.6,34.1,0.0,17.2,100.0,2.7,3.4
2026-08-09T07:35,,0.0,,,,,,,
2026-08-09T07:40,237.3,0.0,1019.4,58.3,0.0,17.5,100.0,2.9,4.0
2026-08-09T07:45,,0.0,,,,,,,
2026-08-09T07:50,227.9,0.0,1019.3,73.0,0.0,17.6,100.0,3.5,4.2
2026-08-09T07:55,,0.0,,,,,,,
2026-08-09T08:00,218.1,0.0,1019.2,78.9,0.0,17.7,100.0,3.0,3.9
2026-08-09T08:05,,0.0,,,,,,,
2026-08-09T08:10,227.3,0.0,1019.2,85.9,0.0,17.8,100.0,2.4,3.0
2026-08-09T08:15,,0.0,,,,,,,
2026-08-09T08:20,213.2,0.0,1019.0,94.7,0.0,18.2,99.9,2.5,3.5
2026-08-09T08:25,,0.0,,,,,,,
2026-08-09T08:30,225.5,0.0,1018.9,102.1,0.0,18.5,98.9,2.6,3.2
2026-08-09T08:35,,0.0,,,,,,,
2026-08-09T08:40,231.9,0.0,1018.7,111.1,0.0,18.8,98.3,2.2,2.7
2026-08-09T08:45,,0.0,,,,,,,
2026-08-09T08:50,212.6,0.0,1018.3,147.2,0.0,19.3,96.6,1.8,2.6
2026-08-09T08:55,,0.0,,,,,,,
2026-08-09T09:00,183.6,0.0,1018.2,199.3,0.0,19.6,97.1,1.0,1.9
2026-08-09T09:05,,0.0,,,,,,,
2026-08-09T09:10,214.6,0.0,1018.0,194.0,217.0,19.9,94.4,0.5,1.2
2026-08-09T09:15,,0.0,,,,,,,
2026-08-09T09:20,297.3,0.0,1017.9,348.6,518.0,20.0,91.6,0.3,1.0
2026-08-09T09:25,,0.0,,,,,,,
2026-08-09T09:30,142.9,0.0,1017.5,476.4,600.0,20.6,91.5,1.2,2.0
2026-08-09T09:35,,0.0,,,,,,,
2026-08-09T09:40,106.9,0.0,1017.3,541.5,600.0,21.2,88.5,1.4,2.4
2026-08-09T09:45,,0.0,,,,,,,
2026-08-09T09:50,78.5,0.0,1016.9,564.7,600.0,21.7,86.6,1.2,2.7
2026-08-09T09:55,,0.0,,,,,,,
2026-08-09T10:00,66.5,0.0,1016.6,610.1,600.0,22.0,85.8,1.5,3.6
2026-08-09T10:05,,0.0,,,,,,,
2026-08-09T10:10,91.5,0.0,1016.4,640.7,600.0,22.4,84.0,1.3,2.8
2026-08-09T10:15,,0.0,,,,,,,
2026-08-09T10:20,73.9,0.0,1016.2,665.7,600.0,22.8,82.7,1.4,3.2
2026-08-09T10:25,,0.0,,,,,,,
2026-08-09T10:30,79.9,0.0,1016.1,689.8,600.0,23.0,77.9,1.5,3.4
2026-08-09T10:35,,0.0,,,,,,,
2026-08-09T10:40,77.0,0.0,1015.9,708.4,600.0,23.3,75.1,1.6,3.7
2026-08-09T10:45,,0.0,,,,,,,
2026-08-09T10:50,85.1,0.0,1015.7,728.7,600.0,23.6,74.6,1.6,3.6
2026-08-09T10:55,,0.0,,,,,,,
2026-08-09T11:00,93.5,0.0,1015.6,756.3,600.0,23.8,74.2,2.0,4.2
2026-08-09T11:05,,0.0,,,,,,,
2026-08-09T11:10,100.0,0.0,1015.4,762.7,600.0,24.1,73.1,2.4,5.0
2026-08-09T11:15,,0.0,,,,,,,
2026-08-09T11:20,100.0,0.0,1015.2,772.1,599.0,24.3,72.2,2.6,4.5
2026-08-09T11:25,,0.0,,,,,,,
2026-08-09T11:30,97.3,0.0,1015.1,807.5,600.0,24.6,71.7,2.3,3.5
2026-08-09T11:35,,0.0,,,,,,,
2026-08-09T11:40,97.2,0.0,1014.9,826.3,600.0,24.8,70.3,2.3,4.4
2026-08-09T11:45,,0.0,,,,,,,
2026-08-09T11:50,93.1,0.0,1014.7,842.1,600.0,24.9,69.6,2.0,3.9
2026-08-09T11:55,,0.0,,,,,,,
2026-08-09T12:00,87.4,0.0,1014.5,869.3,600.0,25.2,67.9,1.8,3.9
2026-08-09T12:05,,0.0,,,,,,,
2026-08-09T12:10,88.0,0.0,1014.2,879.2,600.0,25.6,66.6,1.9,4.1
2026-08-09T12:15,,0.0,,,,,,,
2026-08-09T12:20,94.0,0.0,1014.0,895.0,600.0,25.7,65.9,2.3,4.8
2026-08-09T12:25,,0.0,,,,,,,
2026-08-09T12:30,86.6,0.0,1013.8,888.7,600.0,25.9,65.7,1.9,5.0
2026-08-09T12:35,,0.0,,,,,,,
2026-08-09T12:40,90.5,0.0,1013.5,897.0,600.0,26.3,64.3,1.9,4.0
2026-08-09T12:45,,0.0,,,,,,,
2026-08-09T12:50,95.1,0.0,1013.3,885.0,600.0,26.5,63.4,2.6,5.1
2026-08-09T12:55,,0.0,,,,,,,
2026-08-09T13:00,96.8,0.0,1013.2,833.6,600.0,26.5,63.4,2.5,4.5
2026-08-09T13:05,,0.0,,,,,,,
2026-08-09T13:10,96.4,0.0,1013.2,806.2,600.0,26.4,63.3,2.6,4.7
2026-08-09T13:15,,0.0,,,,,,,
2026-08-09T13:20,96.5,0.0,1013.0,801.5,600.0,26.6,62.4,2.8,5.5
2026-08-09T13:25,,0.0,,,,,,,
2026-08-09T13:30,99.0,0.0,1012.9,882.9,591.0,26.8,61.4,2.8,5.1
2026-08-09T13:35,,0.0,,,,,,,
2026-08-09T13:40,96.9,0.0,1012.8,822.5,544.0,27.0,60.9,2.5,4.8
2026-08-09T13:45,,0.0,,,,,,,
2026-08-09T13:50,94.1,0.0,1012.5,851.6,600.0,27.4,59.1,2.4,4.8
2026-08-09T13:55,,0.0,,,,,,,
2026-08-09T14:00,100.9,0.0,1012.4,883.3,600.0,27.4,58.8,3.0,4.6
2026-08-09T14:05,,0.0,,,,,,,
2026-08-09T14:10,103.5,0.0,1012.3,786.6,508.0,27.6,58.1,3.3,5.6
2026-08-09T14:15,,0.0,,,,,,,
2026-08-09T14:20,100.1,0.0,1012.2,874.8,600.0,27.7,57.5,2.5,4.9
2026-08-09T14:25,,0.0,,,,,,,
2026-08-09T14:30,102.0,0.0,1012.0,775.1,583.0,27.9,56.5,3.2,5.3
2026-08-09T14:35,,0.0,,,,,,,
2026-08-09T14:40,96.5,0.0,1012.1,637.0,497.0,27.6,57.0,2.2,4.1
2026-08-09T14:45,,0.0,,,,,,,
2026-08-09T14:50,102.2,0.0,1012.1,242.0,97.0,27.4,56.9,2.4,4.5
2026-08-09T14:55,,0.0,,,,,,,
2026-08-09T15:00,96.5,0.0,1012.4,209.9,0.0,26.7,58.6,1.7,3.4
2026-08-09T15:05,,0.0,,,,,,,
2026-08-09T15:10,103.4,0.0,1012.4,467.5,342.0,26.8,58.6,1.5,2.8
2026-08-09T15:15,,0.0,,,,,,,
2026-08-09T15:20,106.1,0.0,1011.9,668.6,554.0,27.9,56.2,2.1,4.2
2026-08-09T15:25,,0.0,,,,,,,
2026-08-09T15:30,86.3,0.0,1012.1,303.9,232.0,27.5,55.4,1.5,3.8
2026-08-09T15:35,,0.0,,,,,,,
2026-08-09T15:40,87.8,0.0,1012.4,212.9,0.0,26.9,57.6,1.1,2.7
2026-08-09T15:45,,0.0,,,,,,,
2026-08-09T15:50,101.0,0.0,1012.4,205.4,49.0,26.8,58.5,1.2,2.1
2026-08-09T15:55,,0.0,,,,,,,
2026-08-09T16:00,132.1,0.0,1012.3,371.3,532.0,26.7,55.9,1.3,2.1
2026-08-09T16:05,,0.0,,,,,,,
2026-08-09T16:10,117.6,0.0,1012.1,539.9,549.0,27.2,54.0,1.2,1.9
2026-08-09T16:15,,0.0,,,,,,,
2026-08-09T16:20,146.3,0.0,1012.1,359.1,330.0,27.1,55.0,0.8,1.8
2026-08-09T16:25,,0.0,,,,,,,
2026-08-09T16:30,216.5,0.0,1012.0,413.2,329.0,26.8,59.4,1.0,1.8
2026-08-09T16:35,,0.0,,,,,,,
2026-08-09T16:40,244.3,0.0,1011.9,511.3,448.0,26.9,57.3,1.6,2.1
2026-08-09T16:45,,0.0,,,,,,,
2026-08-09T16:50,199.8,0.0,1011.5,633.7,599.0,27.3,59.5,1.0,1.8
2026-08-09T16:55,,0.0,,,,,,,
2026-08-09T17:00,225.0,0.0,1011.5,565.4,600.0,27.4,55.1,2.1,2.8
2026-08-09T17:05,,0.0,,,,,,,
2026-08-09T17:10,240.9,0.0,1011.5,532.8,600.0,27.5,50.6,1.8,2.4
2026-08-09T17:15,,0.0,,,,,,,
2026-08-09T17:20,224.6,0.0,1011.3,501.8,600.0,27.6,47.3,1.5,2.4
2026-08-09T17:25,,0.0,,,,,,,
2026-08-09T17:30,238.7,0.0,1011.3,322.2,434.0,27.6,45.0,2.9,4.2
2026-08-09T17:35,,0.0,,,,,,,
2026-08-09T17:40,248.8,0.0,1011.5,206.5,223.0,27.0,48.2,3.2,4.8
2026-08-09T17:45,,0.0,,,,,,,
2026-08-09T17:50,293.2,0.0,1011.5,83.1,0.0,26.9,47.2,1.5,2.9
2026-08-09T17:55,,0.0,,,,,,,
2026-08-09T18:00,240.0,0.0,1011.8,228.1,408.0,26.2,54.7,2.1,4.5
2026-08-09T18:05,,0.0,,,,,,,
2026-08-09T18:10,229.7,0.0,1011.8,283.1,0.0,26.1,58.1,3.8,5.7
2026-08-09T18:15,,0.0,,,,,,,
2026-08-09T18:20,250.5,0.0,1011.8,169.8,0.0,26.2,55.2,2.8,4.4
2026-08-09T18:25,,0.0,,,,,,,
2026-08-09T18:30,325.1,0.0,1012.0,69.4,0.0,25.7,53.9,1.1,2.2
2026-08-09T18:35,,0.0,,,,,,,
2026-08-09T18:40,305.7,0.0,1012.0,66.9,0.0,25.8,49.6,1.4,2.4
2026-08-09T18:45,,0.0,,,,,,,
2026-08-09T18:50,270.3,0.0,1012.1,58.8,0.0,25.6,51.4,0.4,2.1
2026-08-09T18:55,,0.0,,,,,,,
2026-08-09T19:00,235.0,0.0,1012.3,35.2,0.0,24.8,61.2,0.7,2.4
2026-08-09T19:05,,0.0,,,,,,,
2026-08-09T19:10,211.4,0.0,1012.6,19.4,0.0,24.4,64.2,1.7,3.0
2026-08-09T19:15,,0.0,,,,,,,
2026-08-09T19:20,225.0,0.0,1013.0,15.1,0.0,24.1,67.1,2.3,4.2
2026-08-09T19:25,,0.0,,,,,,,
2026-08-09T19:30,249.5,0.0,1013.0,13.8,0.0,24.0,67.2,2.8,3.7
2026-08-09T19:35,,0.0,,,,,,,
2026-08-09T19:40,263.1,0.0,1013.3,7.7,0.0,23.4,73.8,2.3,3.4
2026-08-09T19:45,,0.0,,,,,,,
2026-08-09T19:50,298.0,0.0,1013.4,2.7,0.0,22.9,74.9,1.9,2.8
2026-08-09T19:55,,0.0,,,,,,,
2026-08-09T20:00,260.0,0.0,1013.7,1.1,0.0,22.7,75.0,1.6,4.0
2026-08-09T20:05,,0.0,,,,,,,
2026-08-09T20:10,233.7,0.0,1013.9,0.0,0.0,22.7,73.1,1.3,6.2
2026-08-09T20:15,,0.0,,,,,,,
2026-08-09T20:20,233.5,0.0,1014.3,0.0,0.0,22.4,74.7,7.9,12.4
2026-08-09T20:25,,0.0,,,,,,,
2026-08-09T20:30,256.1,0.0,1015.5,0.0,0.0,21.4,77.4,9.6,13.1
2026-08-09T20:35,,0.0,,,,,,,
2026-08-09T20:40,260.5,0.1,1016.7,0.0,0.0,20.1,82.7,9.3,12.3
2026-08-09T20:45,,0.1,,,,,,,
2026-08-09T20:50,257.7,0.2,1017.8,0.0,0.0,18.9,90.3,8.8,11.9
2026-08-09T20:55,,0.1,,,,,,,
2026-08-09T21:00,242.7,0.1,1018.9,0.0,0.0,18.1,99.3,10.4,12.7
2026-08-09T21:05,,0.4,,,,,,,
2026-08-09T21:10,245.5,0.6,1019.8,0.0,0.0,17.4,100.0,9.1,11.4
2026-08-09T21:15,,0.4,,,,,,,
2026-08-09T21:20,253.1,0.1,1020.3,0.0,0.0,16.6,100.0,8.2,11.6
2026-08-09T21:25,,0.2,,,,,,,
2026-08-09T21:30,248.8,0.0,1020.4,0.0,0.0,16.6,100.0,8.2,10.4
2026-08-09T21:35,,0.1,,,,,,,
2026-08-09T21:40,250.6,0.4,1020.6,0.0,0.0,16.6,100.0,8.6,10.8
2026-08-09T21:45,,0.2,,,,,,,
2026-08-09T21:50,252.4,0.1,1021.0,0.0,0.0,16.5,100.0,8.8,10.7
2026-08-09T21:55,,0.2,,,,,,,
2026-08-09T22:00,248.9,0.2,1021.2,0.0,0.0,16.5,100.0,9.0,10.8
2026-08-09T22:05,,0.2,,,,,,,
2026-08-09T22:10,253.3,0.3,1021.4,0.0,0.0,16.2,100.0,8.5,11.4
2026-08-09T22:15,,0.5,,,,,,,
2026-08-09T22:20,242.6,0.6,1021.6,0.0,0.0,16.1,100.0,8.3,10.2
2026-08-09T22:25,,0.4,,,,,,,
2026-08-09T22:30,246.9,0.5,1021.6,0.0,0.0,16.0,100.0,7.3,8.4
2026-08-09T22:35,,0.4,,,,,,,
2026-08-09T22:40,245.9,0.4,1021.4,0.0,0.0,16.0,100.0,6.8,8.6
2026-08-09T22:45,,0.2,,,,,,,
2026-08-09T22:50,248.0,0.1,1021.0,0.0,0.0,16.1,100.0,6.3,8.0
2026-08-09T22:55,,0.1,,,,,,,
2026-08-09T23:00,224.9,0.2,1020.7,0.0,0.0,16.2,100.0,5.8,7.8
2026-08-09T23:05,,0.0,,,,,,,
2026-08-09T23:10,242.6,0.1,1020.7,0.0,0.0,16.0,100.0,4.4,6.8
2026-08-09T23:15,,0.0,,,,,,,
2026-08-09T23:20,243.3,0.0,1020.5,0.0,0.0,16.0,100.0,2.8,4.7
2026-08-09T23:25,,0.0,,,,,,,
2026-08-09T23:30,225.0,0.0,1020.5,0.0,0.0,15.9,100.0,2.0,4.6
2026-08-09T23:35,,0.0,,,,,,,
2026-08-09T23:40,102.5,0.0,1020.8,0.0,0.0,15.5,99.9,0.3,1.5
2026-08-09T23:45,,0.0,,,,,,,
2026-08-09T23:50,296.6,0.0,1020.9,0.0,0.0,15.4,99.9,2.1,3.0
2026-08-09T23:55,,0.0,,,,,,,
2026-08-10T00:00,183.3,0.0,1020.8,0.0,0.0,15.5,100.0,0.3,1.9
2026-08-10T00:05,,0.0,,,,,,,
2026-08-10T00:10,231.7,0.0,1020.9,0.0,0.0,15.5,100.0,1.3,2.5
2026-08-10T00:15,,0.0,,,,,,,
2026-08-10T00:20,251.3,0.0,1020.9,0.0,0.0,15.7,100.0,0.5,2.0
2026-08-10T00:25,,0.0,,,,,,,
2026-08-10T00:30,233.4,0.0,1020.9,0.0,0.0,15.6,99.9,1.1,2.3
2026-08-10T00:35,,0.0,,,,,,,
2026-08-10T00:40,235.5,0.0,1020.9,0.0,0.0,15.6,99.9,3.0,4.3
2026-08-10T00:45,,0.0,,,,,,,
2026-08-10T00:50,213.7,0.0,1020.7,0.0,0.0,15.6,99.9,3.4,5.2
2026-08-10T00:55,,0.0,,,,,,,
2026-08-10T01:00,220.8,0.0,1020.6,0.0,0.0,15.6,100.0,4.4,5.2
2026-08-10T01:05,,0.0,,,,,,,
2026-08-10T01:10,214.2,0.0,1020.5,0.0,0.0,15.7,100.0,4.6,6.0
2026-08-10T01:15,,0.0,,,,,,,
2026-08-10T01:20,230.0,0.0,1020.5,0.0,0.0,15.8,100.0,4.5,5.8
2026-08-10T01:25,,0.0,,,,,,,
2026-08-10T01:30,219.9,0.0,1020.3,0.0,0.0,15.8,100.0,3.0,4.5
2026-08-10T01:35,,0.0,,,,,,,
2026-08-10T01:40,232.6,0.0,1020.5,0.0,0.0,15.6,100.0,3.7,4.7
2026-08-10T01:45,,0.0,,,,,,,
2026-08-10T01:50,234.8,0.0,1020.4,0.0,0.0,15.6,100.0,2.8,4.0
2026-08-10T01:55,,0.0,,,,,,,
2026-08-10T02:00,214.9,0.0,1020.2,0.0,0.0,15.5,100.0,2.8,4.2
2026-08-10T02:05,,0.0,,,,,,,
2026-08-10T02:10,220.6,0.0,1020.2,0.0,0.0,15.4,100.0,4.0,5.0
2026-08-10T02:15,,0.0,,,,,,,
2026-08-10T02:20,225.0,0.0,1020.1,0.0,0.0,15.4,100.0,4.4,5.6
2026-08-10T02:25,,0.0,,,,,,,
2026-08-10T02:30,214.8,0.0,1020.0,0.0,0.0,15.3,100.0,4.8,6.2
2026-08-10T02:35,,0.0,,,,,,,
2026-08-10T02:40,244.2,0.0,1020.1,0.0,0.0,15.3,100.0,4.7,6.4
2026-08-10T02:45,,0.0,,,,,,,
2026-08-10T02:50,245.2,0.0,1019.8,0.0,0.0,15.5,100.0,4.4,6.6
2026-08-10T02:55,,0.0,,,,,,,
2026-08-10T03:00,239.6,0.0,1019.9,0.0,0.0,15.3,100.0,4.7,6.4
2026-08-10T03:05,,0.0,,,,,,,
2026-08-10T03:10,234.2,0.0,1019.9,0.0,0.0,15.4,100.0,5.3,7.1
2026-08-10T03:15,,0.0,,,,,,,
2026-08-10T03:20,228.3,0.0,1019.7,0.0,0.0,15.4,100.0,5.1,6.2
2026-08-10T03:25,,0.0,,,,,,,
2026-08-10T03:30,229.5,0.0,1019.7,0.0,0.0,15.3,100.0,5.3,6.5
2026-08-10T03:35,,0.0,,,,,,,
2026-08-10T03:40,219.8,0.0,1019.6,0.0,0.0,15.4,100.0,5.2,7.0
2026-08-10T03:45,,0.0,,,,,,,
2026-08-10T03:50,227.2,0.0,1019.4,0.0,0.0,15.6,100.0,5.2,6.7
2026-08-10T03:55,,0.0,,,,,,,
2026-08-10T04:00,231.9,0.0,1019.4,0.0,0.0,15.5,100.0,4.9,6.0
2026-08-10T04:05,,0.0,,,,,,,
2026-08-10T04:10,236.7,0.0,1019.4,0.0,0.0,15.6,100.0,5.1,6.3
2026-08-10T04:15,,0.0,,,,,,,
2026-08-10T04:20,217.8,0.0,1019.1,0.0,0.0,15.9,100.0,5.1,6.6
2026-08-10T04:25,,0.0,,,,,,,
2026-08-10T04:30,210.0,0.0,1019.1,0.0,0.0,15.8,100.0,3.6,6.0
2026-08-10T04:35,,0.0,,,,,,,
2026-08-10T04:40,209.4,0.0,1019.2,0.0,0.0,15.7,100.0,3.0,5.1
2026-08-10T04:45,,0.0,,,,,,,
2026-08-10T04:50,249.3,0.0,1019.2,0.0,0.0,15.6,100.0,2.2,3.9
2026-08-10T04:55,,0.0,,,,,,,
2026-08-10T05:00,221.5,0.0,1019.3,0.0,0.0,15.7,100.0,1.4,2.6
2026-08-10T05:05,,0.0,,,,,,,
2026-08-10T05:10,238.7,0.0,1019.5,0.0,0.0,15.4,100.0,1.1,2.4
2026-08-10T05:15,,0.0,,,,,,,
2026-08-10T05:20,258.2,0.0,1019.6,0.0,0.0,15.2,100.0,0.8,1.7
2026-08-10T05:25,,0.0,,,,,,,
2026-08-10T05:30,269.5,0.0,1019.6,0.0,0.0,15.0,100.0,1.3,2.0
2026-08-10T05:35,,0.0,,,,,,,
2026-08-10T05:40,258.5,0.0,1019.7,0.0,0.0,14.9,100.0,1.9,2.8
2026-08-10T05:45,,0.0,,,,,,,
2026-08-10T05:50,233.8,0.0,1019.6,0.0,0.0,14.9,100.0,2.0,2.9
2026-08-10T05:55,,0.0,,,,,,,
2026-08-10T06:00,221.3,0.0,1019.6,0.0,0.0,14.9,100.0,2.0,2.7
2026-08-10T06:05,,0.0,,,,,,,
2026-08-10T06:10,250.9,0.0,1019.6,0.1,0.0,14.8,100.0,1.5,2.3
2026-08-10T06:15,,0.0,,,,,,,
2026-08-10T06:20,255.0,0.0,1019.5,3.0,0.0,14.9,100.0,1.5,3.0
2026-08-10T06:25,,0.0,,,,,,,
2026-08-10T06:30,256.8,0.0,1019.5,10.0,0.0,14.9,100.0,1.7,2.5
2026-08-10T06:35,,0.0,,,,,,,
2026-08-10T06:40,254.1,0.0,1019.4,19.7,0.0,14.9,100.0,2.0,2.7
2026-08-10T06:45,,0.0,,,,,,,
2026-08-10T06:50,243.7,0.0,1019.5,33.0,0.0,14.9,100.0,2.4,3.2
2026-08-10T06:55,,0.0,,,,,,,
2026-08-10T07:00,229.6,0.0,1019.5,48.4,0.0,15.0,100.0,2.9,3.5
2026-08-10T07:05,,0.0,,,,,,,
2026-08-10T07:10,235.4,0.0,1019.5,65.8,0.0,15.2,100.0,2.9,3.4
2026-08-10T07:15,,0.0,,,,,,,
2026-08-10T07:20,234.5,0.0,1019.5,73.7,0.0,15.5,100.0,2.3,3.0
2026-08-10T07:25,,0.0,,,,,,,
2026-08-10T07:30,228.1,0.0,1019.3,80.3,0.0,15.9,100.0,1.9,3.0
2026-08-10T07:35,,0.0,,,,,,,
2026-08-10T07:40,241.7,0.0,1019.2,89.8,0.0,16.0,100.0,1.8,2.5
2026-08-10T07:45,,0.0,,,,,,,
2026-08-10T07:50,246.8,0.0,1019.1,108.0,0.0,16.2,100.0,1.4,2.0
2026-08-10T07:55,,0.0,,,,,,,
2026-08-10T08:00,225.5,0.0,1019.1,133.7,0.0,16.4,100.0,1.2,2.0
2026-08-10T08:05,,0.0,,,,,,,
2026-08-10T08:10,215.9,0.0,1019.0,164.8,0.0,16.8,100.0,1.1,1.6
2026-08-10T08:15,,0.0,,,,,,,
2026-08-10T08:20,241.2,0.0,1019.0,165.1,0.0,16.9,100.0,1.0,1.5
2026-08-10T08:25,,0.0,,,,,,,
2026-08-10T08:30,218.6,0.0,1018.8,142.8,0.0,17.0,100.0,1.2,1.7
2026-08-10T08:35,,0.0,,,,,,,
2026-08-10T08:40,230.7,0.0,1018.9,168.7,0.0,17.2,100.0,1.1,1.9
2026-08-10T08:45,,0.0,,,,,,,
2026-08-10T08:50,232.0,0.0,1018.7,203.3,4.0,17.4,100.0,0.6,1.4
2026-08-10T08:55,,0.0,,,,,,,
2026-08-10T09:00,193.5,0.0,1018.4,452.0,57.0,17.8,99.6,0.6,1.3
2026-08-10T09:05,,0.0,,,,,,,
2026-08-10T09:10,105.4,0.0,1018.1,457.8,451.0,18.3,97.0,1.2,2.1
2026-08-10T09:15,,0.0,,,,,,,
2026-08-10T09:20,106.9,0.0,1018.0,502.8,599.0,18.7,94.1,1.4,2.4
2026-08-10T09:25,,0.0,,,,,,,
2026-08-10T09:30,105.5,0.0,1017.8,504.7,600.0,19.0,93.3,1.2,2.2
2026-08-10T09:35,,0.0,,,,,,,
2026-08-10T09:40,77.6,0.0,1017.7,533.4,600.0,19.3,90.6,0.9,2.3
2026-08-10T09:45,,0.0,,,,,,,
2026-08-10T09:50,94.7,0.0,1017.4,566.0,600.0,19.7,87.0,1.3,2.5
2026-08-10T09:55,,0.0,,,,,,,
2026-08-10T10:00,96.6,0.0,1017.2,603.9,600.0,20.0,84.5,1.1,2.7
2026-08-10T10:05,,0.0,,,,,,,
2026-08-10T10:10,102.2,0.0,1017.0,655.8,600.0,20.4,84.0,1.8,3.5
2026-08-10T10:15,,0.0,,,,,,,
2026-08-10T10:20,74.0,0.0,1016.8,701.2,600.0,20.9,81.4,1.2,2.6
2026-08-10T10:25,,0.0,,,,,,,
2026-08-10T10:30,85.9,0.0,1016.6,696.6,600.0,21.2,80.3,1.5,3.1
2026-08-10T10:35,,0.0,,,,,,,
2026-08-10T10:40,98.7,0.0,1016.6,700.5,600.0,21.3,80.2,1.8,3.8
2026-08-10T10:45,,0.0,,,,,,,
2026-08-10T10:50,105.8,0.0,1016.4,719.1,600.0,21.7,76.6,2.1,3.5
2026-08-10T10:55,,0.0,,,,,,,
2026-08-10T11:00,95.3,0.0,1016.2,740.6,600.0,22.0,76.2,1.5,2.9
2026-08-10T11:05,,0.0,,,,,,,
2026-08-10T11:10,76.8,0.0,1016.1,758.1,600.0,22.3,70.9,1.5,3.2
2026-08-10T11:15,,0.0,,,,,,,
2026-08-10T11:20,90.7,0.0,1015.9,775.3,600.0,22.7,69.9,1.6,3.0
2026-08-10T11:25,,0.0,,,,,,,
2026-08-10T11:30,80.4,0.0,1015.7,798.4,600.0,23.0,64.4,1.2,3.0
2026-08-10T11:35,,0.0,,,,,,,
2026-08-10T11:40,103.7,0.0,1015.5,819.8,600.0,23.4,61.6,1.8,3.3
2026-08-10T11:45,,0.0,,,,,,,
2026-08-10T11:50,103.4,0.0,1015.1,841.4,599.0,24.0,61.1,1.8,2.7
2026-08-10T11:55,,0.0,,,,,,,
2026-08-10T12:00,106.2,0.0,1014.9,834.4,600.0,24.4,63.3,1.8,3.0
2026-08-10T12:05,,0.0,,,,,,,
2026-08-10T12:10,82.2,0.0,1014.7,841.4,600.0,24.7,60.4,1.2,2.6
2026-08-10T12:15,,0.0,,,,,,,
2026-08-10T12:20,81.0,0.0,1014.5,853.2,600.0,24.8,62.3,1.5,3.1
2026-08-10T12:25,,0.0,,,,,,,
2026-08-10T12:30,88.2,0.0,1014.3,869.1,600.0,24.9,62.9,1.4,3.5
2026-08-10T12:35,,0.0,,,,,,,
2026-08-10T12:40,95.7,0.0,1014.0,874.7,600.0,25.2,62.5,1.9,3.7
2026-08-10T12:45,,0.0,,,,,,,
2026-08-10T12:50,67.1,0.0,1013.8,887.2,599.0,25.5,62.8,1.5,3.6
2026-08-10T12:55,,0.0,,,,,,,
2026-08-10T13:00,56.3,0.0,1013.6,895.4,600.0,25.7,61.0,2.1,4.2
2026-08-10T13:05,,0.0,,,,,,,
2026-08-10T13:10,65.4,0.0,1013.4,903.6,600.0,26.0,60.2,1.1,2.7
2026-08-10T13:15,,0.0,,,,,,,
2026-08-10T13:20,75.5,0.0,1013.1,915.8,600.0,26.2,60.0,1.7,3.9
2026-08-10T13:25,,0.0,,,,,,,
2026-08-10T13:30,69.9,0.0,1012.9,921.6,600.0,26.4,59.7,1.5,3.8
2026-08-10T13:35,,0.0,,,,,,,
2026-08-10T13:40,93.4,0.0,1012.7,946.2,600.0,26.6,57.9,1.9,4.1
2026-08-10T13:45,,0.0,,,,,,,
2026-08-10T13:50,99.3,0.0,1012.4,963.0,600.0,27.1,55.8,2.4,4.2
2026-08-10T13:55,,0.0,,,,,,,
2026-08-10T14:00,93.2,0.0,1012.3,971.2,600.0,27.5,53.4,2.4,4.3
2026-08-10T14:05,,0.0,,,,,,,
2026-08-10T14:10,96.3,0.0,1012.1,779.0,481.0,27.7,49.2,2.4,4.6
2026-08-10T14:15,,0.0,,,,,,,
2026-08-10T14:20,101.9,0.0,1012.2,585.9,410.0,27.5,47.6,2.5,4.1
2026-08-10T14:25,,0.0,,,,,,,
2026-08-10T14:30,103.1,0.0,1011.9,926.1,594.0,28.1,44.0,2.5,4.3
2026-08-10T14:35,,0.0,,,,,,,
2026-08-10T14:40,97.4,0.0,1011.9,446.5,226.0,28.1,42.8,2.1,4.1
2026-08-10T14:45,,0.0,,,,,,,
2026-08-10T14:50,104.3,0.0,1012.0,548.7,365.0,27.7,44.1,1.8,3.2
2026-08-10T14:55,,0.0,,,,,,,
2026-08-10T15:00,103.3,0.0,1012.1,245.8,91.0,27.3,45.2,1.8,3.1
2026-08-10T15:05,,0.0,,,,,,,
2026-08-10T15:10,98.0,0.0,1012.3,193.9,34.0,26.9,46.9,1.1,2.1
2026-08-10T15:15,,0.0,,,,,,,
2026-08-10T15:20,74.5,0.0,1012.1,589.2,391.0,27.1,44.9,0.8,2.3
2026-08-10T15:25,,0.0,,,,,,,
2026-08-10T15:30,54.2,0.0,1011.6,810.7,600.0,28.0,42.2,1.7,4.0
2026-08-10T15:35,,0.0,,,,,,,
2026-08-10T15:40,46.3,0.0,1011.4,675.6,600.0,28.3,40.4,1.8,2.9
2026-08-10T15:45,,0.0,,,,,,,
2026-08-10T15:50,70.0,0.0,1011.1,601.9,600.0,28.4,39.8,1.1,2.2
2026-08-10T15:55,,0.0,,,,,,,
2026-08-10T16:00,86.6,0.0,1010.9,723.2,600.0,28.7,37.8,1.1,3.3
2026-08-10T16:05,,0.0,,,,,,,
2026-08-10T16:10,103.5,0.0,1010.6,703.2,600.0,29.0,38.5,1.7,3.1
2026-08-10T16:15,,0.0,,,,,,,
2026-08-10T16:20,99.2,0.0,1010.5,432.3,470.0,28.9,39.1,1.6,3.2
2026-08-10T16:25,,0.0,,,,,,,
2026-08-10T16:30,54.3,0.0,1010.6,479.2,452.0,28.6,40.3,1.0,2.4
2026-08-10T16:35,,0.0,,,,,,,
2026-08-10T16:40,36.2,0.0,1010.9,132.5,0.0,27.8,43.0,1.4,2.2
2026-08-10T16:45,,0.0,,,,,,,
2026-08-10T16:50,3.4,0.0,1011.3,115.1,0.0,26.7,49.9,1.6,2.6
2026-08-10T16:55,,0.0,,,,,,,
2026-08-10T17:00,347.5,0.0,1011.6,118.0,0.0,26.0,52.7,2.2,3.1
2026-08-10T17:05,,0.0,,,,,,,
2026-08-10T17:10,330.2,0.0,1011.7,127.5,0.0,25.8,54.9,1.4,2.7
2026-08-10T17:15,,0.0,,,,,,,
2026-08-10T17:20,270.6,0.0,1011.9,134.8,0.0,25.6,55.5,1.8,2.6
2026-08-10T17:25,,0.0,,,,,,,
2026-08-10T17:30,238.7,0.0,1012.1,101.9,0.0,25.5,59.7,3.0,8.3
2026-08-10T17:35,,0.0,,,,,,,
2026-08-10T17:40,216.7,0.0,1012.4,141.9,81.0,25.4,54.4,6.6,8.7
2026-08-10T17:45,,0.0,,,,,,,
2026-08-10T17:50,238.3,0.0,1012.5,419.8,549.0,25.6,52.4,5.1,6.9
2026-08-10T17:55,,0.0,,,,,,,
2026-08-10T18:00,255.1,0.0,1012.7,332.6,397.0,25.1,55.3,5.0,6.2
2026-08-10T18:05,,0.0,,,,,,,
2026-08-10T18:10,259.0,0.0,1012.7,363.7,0.0,25.1,53.1,5.0,6.8
2026-08-10T18:15,,0.0,,,,,,,
2026-08-10T18:20,226.4,0.0,1012.8,260.6,0.0,24.5,64.6,5.7,8.5
2026-08-10T18:25,,0.0,,,,,,,
2026-08-10T18:30,237.4,0.0,1013.1,110.3,64.0,23.6,72.9,5.1,6.3
2026-08-10T18:35,,0.0,,,,,,,
2026-08-10T18:40,196.9,0.0,1013.1,134.7,205.0,23.4,77.0,2.2,4.5
2026-08-10T18:45,,0.0,,,,,,,
2026-08-10T18:50,223.1,0.0,1013.0,212.8,600.0,23.6,75.8,2.0,3.9
2026-08-10T18:55,,0.0,,,,,,,
2026-08-10T19:00,226.3,0.0,1013.1,110.5,218.0,23.6,74.7,1.4,2.9
2026-08-10T19:05,,0.0,,,,,,,
2026-08-10T19:10,259.3,0.0,1013.4,56.9,0.0,23.3,73.5,0.3,1.7
2026-08-10T19:15,,0.0,,,,,,,
2026-08-10T19:20,45.9,0.0,1013.7,52.7,0.0,23.4,66.5,0.9,4.7
2026-08-10T19:25,,0.0,,,,,,,
2026-08-10T19:30,56.0,0.0,1013.9,41.4,0.0,23.6,59.9,1.1,5.4
2026-08-10T19:35,,0.0,,,,,,,
2026-08-10T19:40,90.4,0.0,1014.2,30.0,0.0,23.1,64.7,0.6,2.2
2026-08-10T19:45,,0.0,,,,,,,
2026-08-10T19:50,351.7,0.0,1014.5,25.2,0.0,22.5,68.2,1.6,2.9
2026-08-10T19:55,,0.0,,,,,,,
2026-08-10T20:00,316.2,0.0,1014.8,18.9,0.0,22.1,69.7,1.4,4.2
2026-08-10T20:05,,0.0,,,,,,,
2026-08-10T20:10,251.7,0.0,1015.3,11.9,0.0,21.3,83.8,2.8,4.3
2026-08-10T20:15,,0.0,,,,,,,
2026-08-10T20:20,231.3,0.0,1015.6,5.0,0.0,20.9,85.4,4.1,5.3
2026-08-10T20:25,,0.0,,,,,,,
2026-08-10T20:30,240.0,0.0,1015.7,1.4,0.0,20.6,86.3,3.9,5.7
2026-08-10T20:35,,0.0,,,,,,,
2026-08-10T20:40,237.1,0.0,1015.8,0.0,0.0,20.3,86.8,4.5,5.5
2026-08-10T20:45,,0.0,,,,,,,
2026-08-10T20:50,244.7,0.0,1016.0,0.0,0.0,20.1,86.8,4.3,5.8
2026-08-10T20:55,,0.0,,,,,,,
2026-08-10T21:00,234.6,0.0,1016.0,0.0,0.0,20.2,86.2,4.8,6.5
2026-08-10T21:05,,0.0,,,,,,,
2026-08-10T21:10,228.6,0.0,1016.2,0.0,0.0,19.9,87.8,4.5,5.1
2026-08-10T21:15,,0.0,,,,,,,
2026-08-10T21:20,238.4,0.0,1016.2,0.0,0.0,19.8,88.0,3.9,4.8
2026-08-10T21:25,,0.0,,,,,,,
2026-08-10T21:30,241.6,0.0,1016.4,0.0,0.0,19.6,87.5,3.7,4.8
2026-08-10T21:35,,0.0,,,,,,,
2026-08-10T21:40,250.3,0.0,1016.6,0.0,0.0,19.4,87.9,2.8,4.2
2026-08-10T21:45,,0.0,,,,,,,
2026-08-10T21:50,229.6,0.0,1016.6,0.0,0.0,19.6,87.3,3.8,4.6
2026-08-10T21:55,,0.0,,,,,,,
2026-08-10T22:00,248.7,0.0,1017.0,0.0,0.0,19.3,88.7,3.3,4.5
2026-08-10T22:05,,0.0,,,,,,,
2026-08-10T22:10,252.0,0.0,1017.1,0.0,0.0,19.2,89.0,2.8,3.6
2026-08-10T22:15,,0.0,,,,,,,
2026-08-10T22:20,245.6,0.0,1017.2,0.0,0.0,19.3,89.0,3.3,4.1
2026-08-10T22:25,,0.0,,,,,,,
2026-08-10T22:30,239.2,0.0,1017.4,0.0,0.0,19.4,87.9,3.6,4.3
2026-08-10T22:35,,0.0,,,,,,,
2026-08-10T22:40,249.4,0.0,1017.7,0.0,0.0,19.2,90.5,3.5,4.4
2026-08-10T22:45,,0.0,,,,,,,
2026-08-10T22:50,237.7,0.0,1017.8,0.0,0.0,19.2,89.7,4.3,5.4
2026-08-10T22:55,,0.0,,,,,,,
2026-08-10T23:00,229.8,0.0,1017.9,0.0,0.0,19.2,89.4,4.8,5.6
2026-08-10T23:05,,0.0,,,,,,,
2026-08-10T23:10,227.1,0.0,1017.8,0.0,0.0,19.4,89.0,5.0,5.7
2026-08-10T23:15,,0.0,,,,,,,
2026-08-10T23:20,227.4,0.0,1017.9,0.0,0.0,19.2,91.8,5.0,5.8
2026-08-10T23:25,,0.0,,,,,,,
2026-08-10T23:30,234.6,0.0,1018.0,0.0,0.0,19.1,90.4,4.4,5.6
2026-08-10T23:35,,0.0,,,,,,,
2026-08-10T23:40,238.5,0.0,1018.0,0.0,0.0,19.6,82.4,4.3,5.8
2026-08-10T23:45,,0.0,,,,,,,
2026-08-10T23:50,237.6,0.0,1018.0,0.0,0.0,19.7,82.3,5.4,6.7
2026-08-10T23:55,,0.0,,,,,,,
2026-08-11T00:00,236.5,0.0,1018.0,0.0,0.0,20.1,78.0,1.9,4.1
2026-08-11T00:05,,0.0,,,,,,,
2026-08-11T00:10,258.3,0.0,1018.2,0.0,0.0,20.2,78.1,1.4,2.5
2026-08-11T00:15,,0.0,,,,,,,
2026-08-11T00:20,58.2,0.0,1018.4,0.0,0.0,20.2,77.9,0.1,1.8
2026-08-11T00:25,,0.0,,,,,,,
2026-08-11T00:30,219.4,0.0,1018.5,0.0,0.0,20.9,67.8,0.2,4.4
2026-08-11T00:35,,0.0,,,,,,,
2026-08-11T00:40,31.4,0.0,1018.3,0.0,0.0,21.4,63.7,0.4,4.5
2026-08-11T00:45,,0.0,,,,,,,
2026-08-11T00:50,272.2,0.0,1018.7,0.0,0.0,21.4,61.2,3.1,6.3
2026-08-11T00:55,,0.0,,,,,,,
2026-08-11T01:00,23.3,0.0,1019.7,0.0,0.0,19.3,82.5,1.2,3.0
2026-08-11T01:05,,0.0,,,,,,,
2026-08-11T01:10,40.2,0.0,1020.4,0.0,0.0,18.1,95.4,1.7,3.4
2026-08-11T01:15,,0.1,,,,,,,
2026-08-11T01:20,116.0,0.1,1020.9,0.0,0.0,17.4,100.0,0.2,1.8
2026-08-11T01:25,,0.1,,,,,,,
2026-08-11T01:30,321.5,0.0,1021.4,0.0,0.0,17.0,100.0,0.6,1.9
2026-08-11T01:35,,0.0,,,,,,,
2026-08-11T01:40,268.2,0.0,1021.3,0.0,0.0,17.2,100.0,2.6,7.3
2026-08-11T01:45,,0.0,,,,,,,
2026-08-11T01:50,255.1,0.1,1020.9,0.0,0.0,17.7,99.3,5.9,8.4
2026-08-11T01:55,,0.1,,,,,,,
2026-08-11T02:00,243.8,0.0,1021.1,0.0,0.0,17.2,100.0,6.5,8.0
2026-08-11T02:05,,0.0,,,,,,,
2026-08-11T02:10,246.1,0.0,1021.2,0.0,0.0,17.0,100.0,6.0,8.1
2026-08-11T02:15,,0.0,,,,,,,
2026-08-11T02:20,234.2,0.0,1021.0,0.0,0.0,17.2,100.0,5.5,7.6
2026-08-11T02:25,,0.0,,,,,,,
2026-08-11T02:30,214.5,0.0,1020.9,0.0,0.0,17.2,100.0,3.2,5.4
2026-08-11T02:35,,0.0,,,,,,,
2026-08-11T02:40,216.2,0.0,1021.1,0.0,0.0,16.9,100.0,2.9,4.5
2026-08-11T02:45,,0.0,,,,,,,
2026-08-11T02:50,192.4,0.0,1021.1,0.0,0.0,16.9,100.0,0.9,2.5
2026-08-11T02:55,,0.0,,,,,,,
2026-08-11T03:00,205.9,0.0,1021.2,0.0,0.0,16.7,100.0,1.5,3.1
2026-08-11T03:05,,0.0,,,,,,,
2026-08-11T03:10,241.5,0.0,1021.1,0.0,0.0,16.7,100.0,1.0,2.4
2026-08-11T03:15,,0.0,,,,,,,
2026-08-11T03:20,264.5,0.0,1021.1,0.0,0.0,16.7,100.0,1.2,1.9
2026-08-11T03:25,,0.0,,,,,,,
2026-08-11T03:30,241.6,0.0,1021.0,0.0,0.0,16.6,100.0,2.4,4.2
2026-08-11T03:35,,0.0,,,,,,,
2026-08-11T03:40,208.7,0.0,1020.9,0.0,0.0,16.6,100.0,2.3,4.2
2026-08-11T03:45,,0.0,,,,,,,
2026-08-11T03:50,223.3,0.0,1021.1,0.0,0.0,16.3,100.0,2.5,4.4
2026-08-11T03:55,,0.0,,,,,,,
2026-08-11T04:00,222.2,0.0,1021.1,0.0,0.0,16.3,100.0,2.7,4.4
2026-08-11T04:05,,0.0,,,,,,,
2026-08-11T04:10,237.5,0.0,1021.1,0.0,0.0,16.2,100.0,2.7,4.1
2026-08-11T04:15,,0.0,,,,,,,
2026-08-11T04:20,217.2,0.0,1021.1,0.0,0.0,16.0,100.0,2.3,4.2
2026-08-11T04:25,,0.0,,,,,,,
2026-08-11T04:30,224.3,0.0,1021.1,0.0,0.0,15.9,100.0,3.3,4.6
2026-08-11T04:35,,0.0,,,,,,,
2026-08-11T04:40,228.6,0.0,1021.0,0.0,0.0,15.8,100.0,3.5,4.4
2026-08-11T04:45,,0.0,,,,,,,
2026-08-11T04:50,207.6,0.0,1021.0,0.0,0.0,15.8,100.0,2.8,4.1
2026-08-11T04:55,,0.0,,,,,,,
2026-08-11T05:00,233.9,0.0,1020.9,0.0,0.0,15.8,100.0,3.1,4.4
2026-08-11T05:05,,0.0,,,,,,,
2026-08-11T05:10,215.9,0.0,1020.9,0.0,0.0,15.7,100.0,2.9,4.2
2026-08-11T05:15,,0.0,,,,,,,
2026-08-11T05:20,226.5,0.0,1020.9,0.0,0.0,15.7,100.0,3.9,4.7
2026-08-11T05:25,,0.0,,,,,,,
2026-08-11T05:30,215.1,0.0,1020.7,0.0,0.0,15.7,100.0,3.6,4.8
2026-08-11T05:35,,0.0,,,,,,,
2026-08-11T05:40,232.2,0.0,1020.8,0.0,0.0,15.6,100.0,3.5,5.0
2026-08-11T05:45,,0.0,,,,,,,
2026-08-11T05:50,228.7,0.0,1020.8,0.0,0.0,15.6,100.0,3.0,4.2
2026-08-11T05:55,,0.0,,,,,,,
2026-08-11T06:00,211.7,0.0,1020.8,0.0,0.0,15.6,100.0,3.1,4.3
2026-08-11T06:05,,0.0,,,,,,,
2026-08-11T06:10,228.5,0.0,1020.9,0.6,0.0,15.5,100.0,3.8,5.2
2026-08-11T06:15,,0.0,,,,,,,
2026-08-11T06:20,220.6,0.0,1021.0,4.0,0.0,15.4,100.0,3.0,4.1
2026-08-11T06:25,,0.0,,,,,,,
2026-08-11T06:30,227.4,0.0,1021.1,10.3,0.0,15.4,100.0,3.5,4.3
2026-08-11T06:35,,0.0,,,,,,,
2026-08-11T06:40,211.6,0.0,1021.1,16.4,0.0,15.5,100.0,3.6,5.3
2026-08-11T06:45,,0.0,,,,,,,
2026-08-11T06:50,225.9,0.0,1021.1,21.0,0.0,15.5,100.0,3.5,5.3
2026-08-11T06:55,,0.0,,,,,,,
2026-08-11T07:00,231.5,0.0,1021.2,24.8,0.0,15.4,100.0,3.6,4.9
2026-08-11T07:05,,0.0,,,,,,,
2026-08-11T07:10,231.0,0.0,1021.1,28.7,0.0,15.7,100.0,3.6,4.6
2026-08-11T07:15,,0.0,,,,,,,
2026-08-11T07:20,237.3,0.0,1021.1,32.6,0.0,15.8,100.0,3.4,4.7
2026-08-11T07:25,,0.0,,,,,,,
2026-08-11T07:30,216.8,0.0,1021.0,35.9,0.0,15.8,100.0,2.0,3.5
2026-08-11T07:35,,0.0,,,,,,,
2026-08-11T07:40,239.0,0.0,1020.9,39.4,0.0,15.9,100.0,2.7,3.4
2026-08-11T07:45,,0.0,,,,,,,
2026-08-11T07:50,228.1,0.0,1020.8,43.1,0.0,16.0,100.0,2.2,3.3
2026-08-11T07:55,,0.0,,,,,,,
2026-08-11T08:00,237.7,0.0,1020.7,45.9,0.0,16.3,100.0,2.1,3.2
2026-08-11T08:05,,0.0,,,,,,,
2026-08-11T08:10,233.4,0.0,1020.6,49.6,0.0,16.4,99.5,1.5,2.4
2026-08-11T08:15,,0.0,,,,,,,
2026-08-11T08:20,245.0,0.0,1020.5,53.0,0.0,16.8,97.7,1.3,1.8
2026-08-11T08:25,,0.0,,,,,,,
2026-08-11T08:30,204.2,0.0,1020.4,56.1,0.0,16.9,98.0,0.5,1.5
2026-08-11T08:35,,0.0,,,,,,,
2026-08-11T08:40,235.7,0.0,1020.2,66.9,0.0,17.3,96.6,1.1,1.8
2026-08-11T08:45,,0.0,,,,,,,
2026-08-11T08:50,217.4,0.0,1020.1,152.3,0.0,17.5,97.7,0.8,1.6
2026-08-11T08:55,,0.0,,,,,,,
2026-08-11T09:00,196.9,0.0,1019.9,389.5,143.0,17.8,96.1,0.7,1.5
2026-08-11T09:05,,0.0,,,,,,,
2026-08-11T09:10,212.4,0.0,1019.7,441.7,486.0,18.1,93.9,0.8,1.5
2026-08-11T09:15,,0.0,,,,,,,
2026-08-11T09:20,219.0,0.0,1019.6,478.3,600.0,18.3,94.8,1.0,1.8
2026-08-11T09:25,,0.0,,,,,,,
2026-08-11T09:30,204.8,0.0,1019.3,509.0,600.0,18.9,92.2,1.1,2.0
2026-08-11T09:35,,0.0,,,,,,,
2026-08-11T09:40,232.3,0.0,1019.3,539.0,600.0,18.9,89.8,1.5,1.9
2026-08-11T09:45,,0.0,,,,,,,
2026-08-11T09:50,208.2,0.0,1018.9,565.5,600.0,19.7,87.5,0.8,1.6
2026-08-11T09:55,,0.0,,,,,,,
2026-08-11T10:00,226.4,0.0,1018.7,593.5,600.0,20.1,79.0,0.7,1.6
2026-08-11T10:05,,0.0,,,,,,,
2026-08-11T10:10,199.5,0.0,1018.5,620.4,600.0,20.5,77.0,0.9,1.6
2026-08-11T10:15,,0.0,,,,,,,
2026-08-11T10:20,175.0,0.0,1018.4,646.6,600.0,20.7,74.7,0.9,1.8
2026-08-11T10:25,,0.0,,,,,,,
2026-08-11T10:30,216.6,0.0,1018.1,667.6,600.0,21.3,73.8,1.1,1.8
2026-08-11T10:35,,0.0,,,,,,,
2026-08-11T10:40,190.0,0.0,1017.9,691.1,600.0,21.8,70.9,0.5,1.2
2026-08-11T10:45,,0.0,,,,,,,
2026-08-11T10:50,217.6,0.0,1017.9,712.0,600.0,21.3,77.4,1.5,2.1
2026-08-11T10:55,,0.0,,,,,,,
2026-08-11T11:00,152.9,0.0,1017.4,734.1,600.0,22.4,68.9,1.0,2.4
2026-08-11T11:05,,0.0,,,,,,,
2026-08-11T11:10,105.8,0.0,1016.8,753.3,599.0,23.6,63.2,1.6,2.8
2026-08-11T11:15,,0.0,,,,,,,
2026-08-11T11:20,100.6,0.0,1016.6,770.7,600.0,23.9,62.4,1.0,2.9
2026-08-11T11:25,,0.0,,,,,,,
2026-08-11T11:30,78.8,0.0,1016.4,790.3,600.0,24.1,62.2,1.4,2.6
2026-08-11T11:35,,0.0,,,,,,,
2026-08-11T11:40,66.0,0.0,1016.3,799.2,600.0,24.3,59.6,1.1,2.9
2026-08-11T11:45,,0.0,,,,,,,
2026-08-11T11:50,66.3,0.0,1016.1,817.8,600.0,24.5,58.7,1.2,2.8
2026-08-11T11:55,,0.0,,,,,,,
2026-08-11T12:00,75.9,0.0,1015.9,834.7,600.0,24.9,56.9,1.2,2.9
2026-08-11T12:05,,0.0,,,,,,,
2026-08-11T12:10,61.7,0.0,1015.7,840.7,599.0,25.3,55.8,1.3,3.1
2026-08-11T12:15,,0.0,,,,,,,
2026-08-11T12:20,85.8,0.0,1015.4,859.1,600.0,25.8,55.5,1.2,2.8
2026-08-11T12:25,,0.0,,,,,,,
2026-08-11T12:30,75.5,0.0,1015.1,866.6,600.0,26.2,53.6,1.7,3.8
2026-08-11T12:35,,0.0,,,,,,,
2026-08-11T12:40,86.8,0.0,1014.9,872.9,600.0,26.4,52.6,1.5,4.0
2026-08-11T12:45,,0.0,,,,,,,
2026-08-11T12:50,81.9,0.0,1014.8,890.8,600.0,26.7,50.4,1.1,3.2
2026-08-11T12:55,,0.0,,,,,,,
2026-08-11T13:00,89.3,0.0,1014.6,917.1,600.0,27.0,48.7,1.6,4.2
2026-08-11T13:05,,0.0,,,,,,,
2026-08-11T13:10,97.9,0.0,1014.3,903.0,600.0,27.4,49.7,1.7,3.4
2026-08-11T13:15,,0.0,,,,,,,
2026-08-11T13:20,101.4,0.0,1014.3,796.4,546.0,27.4,49.5,2.4,4.0
2026-08-11T13:25,,0.0,,,,,,,
2026-08-11T13:30,97.5,0.0,1014.0,897.9,599.0,27.8,47.1,2.1,3.8
2026-08-11T13:35,,0.0,,,,,,,
2026-08-11T13:40,100.4,0.0,1013.9,919.2,600.0,28.2,42.3,2.5,4.3
2026-08-11T13:45,,0.0,,,,,,,
2026-08-11T13:50,97.3,0.0,1013.8,675.9,470.0,28.2,41.5,2.2,3.5
2026-08-11T13:55,,0.0,,,,,,,
2026-08-11T14:00,97.9,0.0,1013.8,888.9,592.0,28.1,40.3,2.2,4.3
2026-08-11T14:05,,0.0,,,,,,,
2026-08-11T14:10,100.9,0.0,1013.6,740.7,528.0,28.5,37.6,2.3,4.2
2026-08-11T14:15,,0.0,,,,,,,
2026-08-11T14:20,94.6,0.0,1013.7,419.9,227.0,28.2,37.6,1.6,3.8
2026-08-11T14:25,,0.0,,,,,,,
2026-08-11T14:30,105.5,0.0,1013.3,913.3,600.0,28.8,37.0,1.8,3.6
2026-08-11T14:35,,0.0,,,,,,,
2026-08-11T14:40,94.3,0.0,1013.0,893.7,600.0,29.3,35.7,1.8,3.6
2026-08-11T14:45,,0.0,,,,,,,
2026-08-11T14:50,84.4,0.0,1012.8,880.2,600.0,29.4,35.8,1.2,3.4
2026-08-11T14:55,,0.0,,,,,,,
2026-08-11T15:00,101.2,0.0,1012.7,878.0,600.0,29.6,34.6,2.1,3.6
2026-08-11T15:05,,0.0,,,,,,,
2026-08-11T15:10,95.0,0.0,1012.5,863.6,600.0,29.6,34.1,2.0,3.5
2026-08-11T15:15,,0.0,,,,,,,
2026-08-11T15:20,96.3,0.0,1012.4,841.0,600.0,29.6,34.6,1.9,4.7
2026-08-11T15:25,,0.0,,,,,,,
2026-08-11T15:30,98.4,0.0,1012.3,812.0,600.0,29.6,34.4,2.3,4.3
2026-08-11T15:35,,0.0,,,,,,,
2026-08-11T15:40,97.9,0.0,1012.3,757.7,598.0,29.4,34.9,2.1,4.3
2026-08-11T15:45,,0.0,,,,,,,
2026-08-11T15:50,92.4,0.0,1012.1,770.4,599.0,29.6,35.0,1.8,3.5
2026-08-11T15:55,,0.0,,,,,,,
2026-08-11T16:00,96.1,0.0,1011.8,639.9,543.0,29.8,35.0,1.7,3.6
2026-08-11T16:05,,0.0,,,,,,,
2026-08-11T16:10,98.0,0.0,1012.1,425.7,303.0,28.9,36.1,1.8,3.5
2026-08-11T16:15,,0.0,,,,,,,
2026-08-11T16:20,98.9,0.0,1011.8,689.6,600.0,29.4,34.9,1.9,3.1
2026-08-11T16:25,,0.0,,,,,,,
2026-08-11T16:30,91.1,0.0,1011.8,665.2,600.0,29.5,35.1,1.6,3.7
2026-08-11T16:35,,0.0,,,,,,,
2026-08-11T16:40,79.0,0.0,1011.8,641.3,600.0,29.5,34.7,1.3,3.5
2026-08-11T16:45,,0.0,,,,,,,
2026-08-11T16:50,78.4,0.0,1011.8,615.7,600.0,29.5,34.6,1.5,3.3
2026-08-11T16:55,,0.0,,,,,,,
2026-08-11T17:00,87.9,0.0,1011.8,577.9,600.0,29.4,34.2,1.7,3.6
2026-08-11T17:05,,0.0,,,,,,,
2026-08-11T17:10,85.0,0.0,1011.8,548.7,600.0,29.4,34.7,1.4,3.2
2026-08-11T17:15,,0.0,,,,,,,
2026-08-11T17:20,87.3,0.0,1011.9,511.5,600.0,29.3,34.8,1.5,3.5
2026-08-11T17:25,,0.0,,,,,,,
2026-08-11T17:30,91.3,0.0,1012.0,479.5,600.0,29.1,34.1,1.9,4.1
2026-08-11T17:35,,0.0,,,,,,,
2026-08-11T17:40,72.9,0.0,1012.0,451.1,600.0,29.1,34.4,1.5,3.5
2026-08-11T17:45,,0.0,,,,,,,
2026-08-11T17:50,93.8,0.0,1012.0,415.8,600.0,29.0,34.4,1.5,3.0
2026-08-11T17:55,,0.0,,,,,,,
2026-08-11T18:00,96.8,0.0,1012.1,382.2,600.0,29.0,34.1,1.7,3.5
2026-08-11T18:05,,0.0,,,,,,,
2026-08-11T18:10,81.7,0.0,1012.1,309.1,9.0,28.8,34.9,1.2,2.6
2026-08-11T18:15,,0.0,,,,,,,
2026-08-11T18:20,51.1,0.0,1012.2,300.8,0.0,28.6,36.7,1.0,3.1
2026-08-11T18:25,,0.0,,,,,,,
2026-08-11T18:30,27.6,0.0,1012.5,289.7,350.0,28.1,38.0,1.5,2.9
2026-08-11T18:35,,0.0,,,,,,,
2026-08-11T18:40,200.4,0.0,1012.9,242.0,600.0,27.2,43.3,0.6,3.6
2026-08-11T18:45,,0.0,,,,,,,
2026-08-11T18:50,239.5,0.0,1013.4,217.6,600.0,26.2,49.6,1.6,4.0
2026-08-11T18:55,,0.0,,,,,,,
2026-08-11T19:00,243.0,0.0,1013.9,113.1,258.0,25.3,53.0,4.4,6.5
2026-08-11T19:05,,0.0,,,,,,,
2026-08-11T19:10,240.8,0.0,1014.3,55.6,0.0,24.6,55.5,3.6,6.3
2026-08-11T19:15,,0.0,,,,,,,
2026-08-11T19:20,235.7,0.0,1014.7,54.9,0.0,24.1,59.2,4.8,5.6
2026-08-11T19:25,,0.0,,,,,,,
2026-08-11T19:30,238.3,0.0,1015.0,54.1,0.0,23.7,60.6,4.5,5.8
2026-08-11T19:35,,0.0,,,,,,,
2026-08-11T19:40,227.0,0.0,1015.2,43.7,0.0,23.5,62.1,3.7,5.4
2026-08-11T19:45,,0.0,,,,,,,
2026-08-11T19:50,233.0,0.0,1015.6,31.7,0.0,23.1,64.1,3.1,4.1
2026-08-11T19:55,,0.0,,,,,,,
2026-08-11T20:00,219.0,0.0,1015.9,21.2,0.0,22.8,68.4,3.6,4.2
2026-08-11T20:05,,0.0,,,,,,,
2026-08-11T20:10,227.5,0.0,1016.1,16.4,0.0,22.6,68.5,3.9,4.6
2026-08-11T20:15,,0.0,,,,,,,
2026-08-11T20:20,225.0,0.0,1016.2,16.7,0.0,22.6,67.6,3.9,5.5
2026-08-11T20:25,,0.0,,,,,,,
2026-08-11T20:30,238.1,0.0,1016.4,10.1,0.0,22.3,70.2,3.1,4.3
2026-08-11T20:35,,0.0,,,,,,,
2026-08-11T20:40,252.6,0.0,1016.6,1.6,0.0,22.0,70.5,2.5,3.6
2026-08-11T20:45,,0.0,,,,,,,
2026-08-11T20:50,235.9,0.0,1016.7,0.0,0.0,22.2,68.6,2.2,3.0
2026-08-11T20:55,,0.0,,,,,,,
2026-08-11T21:00,247.7,0.0,1016.9,0.0,0.0,22.0,69.8,2.3,3.2
2026-08-11T21:05,,0.0,,,,,,,
2026-08-11T21:10,239.5,0.0,1017.1,0.0,0.0,21.9,71.3,1.7,2.9
2026-08-11T21:15,,0.0,,,,,,,
2026-08-11T21:20,247.3,0.0,1017.4,0.0,0.0,21.5,72.8,2.9,3.9
2026-08-11T21:25,,0.0,,,,,,,
2026-08-11T21:30,284.9,0.0,1017.8,0.0,0.0,21.4,70.2,1.3,3.2
2026-08-11T21:35,,0.0,,,,,,,
2026-08-11T21:40,211.2,0.0,1017.9,0.0,0.0,21.5,69.0,1.5,3.5
2026-08-11T21:45,,0.0,,,,,,,
2026-08-11T21:50,257.9,0.0,1018.1,0.0,0.0,21.2,70.5,2.1,2.8
2026-08-11T21:55,,0.0,,,,,,,
2026-08-11T22:00,231.8,0.0,1018.2,0.0,0.0,20.9,73.3,2.8,3.3
2026-08-11T22:05,,0.0,,,,,,,
2026-08-11T22:10,250.9,0.0,1018.6,0.0,0.0,20.7,74.5,2.2,3.4
2026-08-11T22:15,,0.0,,,,,,,
2026-08-11T22:20,239.1,0.0,1018.9,0.0,0.0,20.6,74.3,1.6,2.4
2026-08-11T22:25,,0.0,,,,,,,
2026-08-11T22:30,270.0,0.0,1019.1,0.0,0.0,20.4,75.0,1.6,2.4
2026-08-11T22:35,,0.0,,,,,,,
2026-08-11T22:40,238.7,0.0,1019.3,0.0,0.0,20.3,77.6,1.8,3.0
2026-08-11T22:45,,0.0,,,,,,,
2026-08-11T22:50,250.8,0.0,1019.7,0.0,0.0,19.9,80.8,2.4,3.4
2026-08-11T22:55,,0.0,,,,,,,
2026-08-11T23:00,242.6,0.0,1020.0,0.0,0.0,19.6,83.7,2.9,3.7
2026-08-11T23:05,,0.0,,,,,,,
2026-08-11T23:10,244.4,0.0,1020.2,0.0,0.0,19.6,82.7,3.3,3.9
2026-08-11T23:15,,0.0,,,,,,,
2026-08-11T23:20,246.0,0.0,1020.4,0.0,0.0,19.5,81.8,3.4,4.1
2026-08-11T23:25,,0.0,,,,,,,
2026-08-11T23:30,249.9,0.0,1020.7,0.0,0.0,19.4,81.5,3.0,3.9
2026-08-11T23:35,,0.0,,,,,,,
2026-08-11T23:40,242.4,0.0,1020.8,0.0,0.0,19.5,80.9,3.6,4.3
2026-08-11T23:45,,0.0,,,,,,,
2026-08-11T23:50,243.9,0.0,1021.0,0.0,0.0,19.5,80.3,3.0,4.2
2026-08-11T23:55,,0.0,,,,,,,
2026-08-12T00:00,234.3,0.0,1021.1,0.0,0.0,19.4,80.9,2.1,3.0
2026-08-12T00:05,,0.0,,,,,,,
2026-08-12T00:10,282.9,0.0,1021.2,0.0,0.0,19.4,80.5,1.4,2.0
2026-08-12T00:15,,0.0,,,,,,,
2026-08-12T00:20,251.3,0.0,1021.3,0.0,0.0,19.4,80.6,1.9,2.3
2026-08-12T00:25,,0.0,,,,,,,
2026-08-12T00:30,242.0,0.0,1021.5,0.0,0.0,19.3,81.0,2.2,3.4
2026-08-12T00:35,,0.0,,,,,,,
2026-08-12T00:40,257.1,0.0,1021.6,0.0,0.0,19.1,81.8,2.2,3.0
2026-08-12T00:45,,0.0,,,,,,,
2026-08-12T00:50,254.2,0.0,1021.6,0.0,0.0,19.1,81.3,1.8,2.4
2026-08-12T00:55,,0.0,,,,,,,
2026-08-12T01:00,251.0,0.0,1021.6,0.0,0.0,19.0,83.2,2.2,2.9
2026-08-12T01:05,,0.0,,,,,,,
2026-08-12T01:10,251.9,0.0,1021.6,0.0,0.0,18.8,85.7,2.6,3.6
2026-08-12T01:15,,0.0,,,,,,,
2026-08-12T01:20,256.7,0.0,1021.6,0.0,0.0,18.5,88.7,2.5,3.1
2026-08-12T01:25,,0.0,,,,,,,
2026-08-12T01:30,245.6,0.0,1021.6,0.0,0.0,18.5,89.7,3.4,4.8
2026-08-12T01:35,,0.0,,,,,,,
2026-08-12T01:40,243.5,0.0,1021.5,0.0,0.0,18.5,88.6,3.5,4.2
2026-08-12T01:45,,0.0,,,,,,,
2026-08-12T01:50,247.4,0.0,1021.4,0.0,0.0,18.5,88.7,3.6,4.6
2026-08-12T01:55,,0.0,,,,,,,
2026-08-12T02:00,235.8,0.0,1021.4,0.0,0.0,18.5,88.5,3.7,4.8
2026-08-12T02:05,,0.0,,,,,,,
2026-08-12T02:10,263.7,0.0,1021.4,0.0,0.0,18.5,87.3,2.7,4.1
2026-08-12T02:15,,0.0,,,,,,,
2026-08-12T02:20,237.4,0.0,1021.4,0.0,0.0,18.4,87.0,3.4,4.3
2026-08-12T02:25,,0.0,,,,,,,
2026-08-12T02:30,272.4,0.0,1021.4,0.0,0.0,18.3,86.4,2.3,3.6
2026-08-12T02:35,,0.0,,,,,,,
2026-08-12T02:40,273.7,0.0,1021.3,0.0,0.0,18.3,85.0,0.9,1.8
2026-08-12T02:45,,0.0,,,,,,,
2026-08-12T02:50,287.2,0.0,1021.6,0.0,0.0,17.9,86.6,0.5,1.1
2026-08-12T02:55,,0.0,,,,,,,
2026-08-12T03:00,290.6,0.0,1021.8,0.0,0.0,17.6,87.9,0.5,1.0
2026-08-12T03:05,,0.0,,,,,,,
2026-08-12T03:10,334.9,0.0,1021.9,0.0,0.0,17.4,88.8,0.7,1.5
2026-08-12T03:15,,0.0,,,,,,,
2026-08-12T03:20,263.6,0.0,1022.0,0.0,0.0,17.3,89.4,0.7,1.2
2026-08-12T03:25,,0.0,,,,,,,
2026-08-12T03:30,283.0,0.0,1022.0,0.0,0.0,17.4,90.5,1.4,2.0
2026-08-12T03:35,,0.0,,,,,,,
2026-08-12T03:40,258.5,0.0,1021.8,0.0,0.0,17.5,88.3,1.2,1.8
2026-08-12T03:45,,0.0,,,,,,,
2026-08-12T03:50,246.3,0.0,1021.9,0.0,0.0,17.5,89.9,1.7,2.2
2026-08-12T03:55,,0.0,,,,,,,
2026-08-12T04:00,247.3,0.0,1022.0,0.0,0.0,17.1,94.2,2.7,3.6
2026-08-12T04:05,,0.0,,,,,,,
2026-08-12T04:10,238.7,0.0,1022.0,0.0,0.0,16.9,99.7,3.4,3.9
2026-08-12T04:15,,0.0,,,,,,,
2026-08-12T04:20,255.7,0.0,1022.2,0.0,0.0,16.7,99.8,2.0,2.8
2026-08-12T04:25,,0.0,,,,,,,
2026-08-12T04:30,258.9,0.0,1022.2,0.0,0.0,16.7,98.3,2.1,2.7
2026-08-12T04:35,,0.0,,,,,,,
2026-08-12T04:40,250.6,0.0,1022.3,0.0,0.0,16.7,97.0,2.0,2.5
2026-08-12T04:45,,0.0,,,,,,,
2026-08-12T04:50,247.0,0.0,1022.3,0.0,0.0,16.8,97.2,2.1,3.1
2026-08-12T04:55,,0.0,,,,,,,
2026-08-12T05:00,248.8,0.0,1022.4,0.0,0.0,16.6,99.7,2.5,3.2
2026-08-12T05:05,,0.0,,,,,,,
2026-08-12T05:10,250.8,0.0,1022.4,0.0,0.0,16.4,99.9,2.5,3.2
2026-08-12T05:15,,0.0,,,,,,,
2026-08-12T05:20,244.5,0.0,1022.5,0.0,0.0,16.4,99.6,3.0,3.7
2026-08-12T05:25,,0.0,,,,,,,
2026-08-12T05:30,247.9,0.0,1022.5,0.0,0.0,16.4,99.8,2.7,3.8
2026-08-12T05:35,,0.0,,,,,,,
2026-08-12T05:40,249.6,0.0,1022.7,0.0,0.0,16.2,100.0,2.9,3.7
2026-08-12T05:45,,0.0,,,,,,,
2026-08-12T05:50,249.5,0.0,1022.7,0.0,0.0,16.3,99.7,2.1,3.2
2026-08-12T05:55,,0.0,,,,,,,
2026-08-12T06:00,249.9,0.0,1022.8,0.0,0.0,16.3,100.0,2.6,3.3
2026-08-12T06:05,,0.0,,,,,,,
2026-08-12T06:10,262.9,0.0,1022.8,0.0,0.0,16.2,98.6,2.5,3.3
2026-08-12T06:15,,0.0,,,,,,,
2026-08-12T06:20,242.8,0.0,1022.8,2.4,0.0,16.4,98.6,2.7,3.7
2026-08-12T06:25,,0.0,,,,,,,
2026-08-12T06:30,245.8,0.0,1023.0,7.3,0.0,16.2,100.0,2.7,3.4
2026-08-12T06:35,,0.0,,,,,,,
2026-08-12T06:40,239.1,0.0,1023.0,13.2,0.0,16.3,100.0,3.1,4.3
2026-08-12T06:45,,0.0,,,,,,,
2026-08-12T06:50,242.2,0.0,1023.0,19.1,0.0,16.3,100.0,3.5,4.1
2026-08-12T06:55,,0.0,,,,,,,
2026-08-12T07:00,243.9,0.0,1023.0,24.4,0.0,16.4,100.0,3.1,4.1
2026-08-12T07:05,,0.0,,,,,,,
2026-08-12T07:10,249.0,0.0,1022.9,29.7,0.0,16.6,98.9,3.2,4.1
2026-08-12T07:15,,0.0,,,,,,,
2026-08-12T07:20,242.2,0.0,1022.8,34.7,0.0,16.8,98.3,3.1,4.0
2026-08-12T07:25,,0.0,,,,,,,
2026-08-12T07:30,239.8,0.0,1022.8,39.3,0.0,17.0,97.0,3.1,3.5
2026-08-12T07:35,,0.0,,,,,,,
2026-08-12T07:40,235.8,0.0,1022.7,43.6,0.0,17.3,97.0,3.0,3.6
2026-08-12T07:45,,0.0,,,,,,,
2026-08-12T07:50,239.1,0.0,1022.5,48.4,0.0,17.6,93.1,2.7,3.3
2026-08-12T07:55,,0.0,,,,,,,
2026-08-12T08:00,245.7,0.0,1022.3,51.9,0.0,18.0,90.3,1.6,2.4
2026-08-12T08:05,,0.0,,,,,,,
2026-08-12T08:10,257.5,0.0,1022.2,56.0,0.0,18.1,91.2,1.0,2.0
2026-08-12T08:15,,0.0,,,,,,,
2026-08-12T08:20,135.9,0.0,1022.1,59.7,0.0,18.4,90.9,0.4,1.4
2026-08-12T08:25,,0.0,,,,,,,
2026-08-12T08:30,90.3,0.0,1021.9,64.5,0.0,18.9,87.7,0.8,1.9
2026-08-12T08:35,,0.0,,,,,,,
2026-08-12T08:40,78.0,0.0,1021.8,111.4,0.0,19.2,83.9,0.7,1.9
2026-08-12T08:45,,0.0,,,,,,,
2026-08-12T08:50,89.2,0.0,1021.6,200.1,0.0,19.4,83.8,1.0,2.5
2026-08-12T08:55,,0.0,,,,,,,
2026-08-12T09:00,92.7,0.0,1021.5,340.9,209.0,19.8,79.3,1.4,2.8
2026-08-12T09:05,,0.0,,,,,,,
2026-08-12T09:10,95.7,0.0,1021.5,425.4,586.0,20.0,78.1,1.6,2.9
2026-08-12T09:15,,0.0,,,,,,,
2026-08-12T09:20,76.7,0.0,1021.5,456.7,600.0,20.1,77.0,1.0,2.3
2026-08-12T09:25,,0.0,,,,,,,
2026-08-12T09:30,75.6,0.0,1021.3,485.9,600.0,20.4,75.2,1.1,2.4
2026-08-12T09:35,,0.0,,,,,,,
2026-08-12T09:40,88.3,0.0,1021.1,514.1,600.0,20.8,73.3,1.2,2.7
2026-08-12T09:45,,0.0,,,,,,,
2026-08-12T09:50,106.6,0.0,1020.8,541.4,599.0,21.4,70.3,1.9,2.9
2026-08-12T09:55,,0.0,,,,,,,
2026-08-12T10:00,98.5,0.0,1020.6,568.6,600.0,21.7,69.1,1.4,2.4
2026-08-12T10:05,,0.0,,,,,,,
2026-08-12T10:10,102.1,0.0,1020.4,595.2,600.0,22.0,68.1,1.9,3.1
2026-08-12T10:15,,0.0,,,,,,,
2026-08-12T10:20,95.0,0.0,1020.3,621.8,600.0,22.3,65.8,1.4,3.3
2026-08-12T10:25,,0.0,,,,,,,
2026-08-12T10:30,87.6,0.0,1020.1,644.7,600.0,22.7,65.2,1.3,2.8
2026-08-12T10:35,,0.0,,,,,,,
2026-08-12T10:40,91.8,0.0,1019.9,668.8,600.0,23.0,64.4,1.6,3.5
2026-08-12T10:45,,0.0,,,,,,,
2026-08-12T10:50,87.9,0.0,1019.7,691.9,600.0,23.3,63.8,1.5,3.0
2026-08-12T10:55,,0.0,,,,,,,
2026-08-12T11:00,61.0,0.0,1019.6,713.9,600.0,23.5,63.1,1.3,2.6
2026-08-12T11:05,,0.0,,,,,,,
2026-08-12T11:10,64.7,0.0,1019.5,734.2,600.0,23.8,61.6,1.4,3.3
2026-08-12T11:15,,0.0,,,,,,,
2026-08-12T11:20,78.5,0.0,1019.3,755.7,600.0,24.0,63.4,1.4,3.2
2026-08-12T11:25,,0.0,,,,,,,
2026-08-12T11:30,67.1,0.0,1019.1,761.2,600.0,24.2,64.5,1.3,4.1
2026-08-12T11:35,,0.0,,,,,,,
2026-08-12T11:40,81.9,0.0,1018.8,781.8,599.0,24.6,62.2,1.3,3.4
2026-08-12T11:45,,0.0,,,,,,,
2026-08-12T11:50,90.8,0.0,1018.5,802.5,600.0,25.0,61.4,1.5,3.1
2026-08-12T11:55,,0.0,,,,,,,
2026-08-12T12:00,95.1,0.0,1018.3,816.4,600.0,25.3,59.9,1.6,3.8
2026-08-12T12:05,,0.0,,,,,,,
2026-08-12T12:10,95.7,0.0,1018.0,838.8,600.0,25.7,57.7,1.9,3.8
2026-08-12T12:15,,0.0,,,,,,,
2026-08-12T12:20,91.8,0.0,1017.8,844.4,600.0,26.0,54.5,1.8,4.0
2026-08-12T12:25,,0.0,,,,,,,
2026-08-12T12:30,91.7,0.0,1017.5,858.6,600.0,26.4,54.0,1.6,3.9
2026-08-12T12:35,,0.0,,,,,,,
2026-08-12T12:40,82.6,0.0,1017.3,871.5,600.0,26.9,51.6,1.6,3.4
2026-08-12T12:45,,0.0,,,,,,,
2026-08-12T12:50,88.5,0.0,1017.1,870.6,600.0,27.1,50.3,1.7,3.8
2026-08-12T12:55,,0.0,,,,,,,
2026-08-12T13:00,95.8,0.0,1016.9,876.0,600.0,27.3,50.3,2.3,3.8
2026-08-12T13:05,,0.0,,,,,,,
2026-08-12T13:10,93.6,0.0,1016.7,897.4,599.0,27.6,49.7,2.3,5.0
2026-08-12T13:15,,0.0,,,,,,,
2026-08-12T13:20,86.7,0.0,1016.5,899.1,600.0,27.7,49.4,1.9,4.7
2026-08-12T13:25,,0.0,,,,,,,
2026-08-12T13:30,94.0,0.0,1016.3,884.2,600.0,28.0,48.3,2.4,5.4
2026-08-12T13:35,,0.0,,,,,,,
2026-08-12T13:40,86.8,0.0,1016.1,893.3,600.0,28.1,48.3,1.8,4.8
2026-08-12T13:45,,0.0,,,,,,,
2026-08-12T13:50,87.7,0.0,1015.9,899.5,600.0,28.4,47.8,2.0,4.0
2026-08-12T13:55,,0.0,,,,,,,
2026-08-12T14:00,91.3,0.0,1015.8,902.4,600.0,28.5,47.2,2.2,4.7
2026-08-12T14:05,,0.0,,,,,,,
2026-08-12T14:10,93.3,0.0,1015.5,901.0,600.0,28.8,46.6,2.3,4.7
2026-08-12T14:15,,0.0,,,,,,,
2026-08-12T14:20,92.6,0.0,1015.4,896.9,600.0,28.8,46.7,2.4,5.3
2026-08-12T14:25,,0.0,,,,,,,
2026-08-12T14:30,90.4,0.0,1015.3,907.2,600.0,28.9,45.8,2.3,5.5
2026-08-12T14:35,,0.0,,,,,,,
2026-08-12T14:40,97.3,0.0,1015.2,814.9,600.0,28.8,45.8,2.8,5.7
2026-08-12T14:45,,0.0,,,,,,,
2026-08-12T14:50,89.9,0.0,1015.1,596.6,408.0,28.7,46.1,2.1,4.5
2026-08-12T14:55,,0.0,,,,,,,
2026-08-12T15:00,92.7,0.0,1015.2,338.8,270.0,28.2,47.2,2.0,4.1
2026-08-12T15:05,,0.0,,,,,,,
2026-08-12T15:10,92.9,0.0,1015.0,787.9,600.0,28.7,45.6,2.1,4.5
2026-08-12T15:15,,0.0,,,,,,,
2026-08-12T15:20,92.1,0.0,1014.9,788.1,600.0,29.1,44.4,2.2,4.5
2026-08-12T15:25,,0.0,,,,,,,
2026-08-12T15:30,80.5,0.0,1014.6,798.3,600.0,29.5,44.0,1.5,3.8
2026-08-12T15:35,,0.0,,,,,,,
2026-08-12T15:40,80.2,0.0,1014.4,777.1,600.0,29.8,43.3,1.8,4.4
2026-08-12T15:45,,0.0,,,,,,,
2026-08-12T15:50,74.8,0.0,1014.2,754.8,600.0,30.1,42.5,1.8,5.3
2026-08-12T15:55,,0.0,,,,,,,
2026-08-12T16:00,71.6,0.0,1014.5,246.3,207.0,29.3,43.9,1.7,4.3
2026-08-12T16:05,,0.0,,,,,,,
2026-08-12T16:10,70.7,0.0,1015.1,81.1,0.0,28.3,46.3,1.1,2.3
2026-08-12T16:15,,0.0,,,,,,,
2026-08-12T16:20,66.0,0.0,1015.3,94.6,0.0,27.7,48.0,1.2,2.5
2026-08-12T16:25,,0.0,,,,,,,
2026-08-12T16:30,42.8,0.0,1015.3,134.4,0.0,27.8,46.9,1.1,3.3
2026-08-12T16:35,,0.0,,,,,,,
2026-08-12T16:40,237.8,0.0,1015.7,92.4,0.0,27.0,53.8,2.4,4.1
2026-08-12T16:45,,0.0,,,,,,,
2026-08-12T16:50,243.6,0.0,1016.0,96.4,0.0,26.9,48.5,5.0,6.5
2026-08-12T16:55,,0.0,,,,,,,
2026-08-12T17:00,246.1,0.0,1016.0,211.8,363.0,27.2,46.8,6.1,8.3
2026-08-12T17:05,,0.0,,,,,,,
2026-08-12T17:10,253.8,0.0,1016.4,84.6,0.0,26.5,52.3,4.5,6.7
2026-08-12T17:15,,0.0,,,,,,,
2026-08-12T17:20,251.1,0.0,1016.5,66.3,0.0,26.5,50.5,4.3,5.9
2026-08-12T17:25,,0.0,,,,,,,
2026-08-12T17:30,245.3,0.0,1016.7,75.5,0.0,25.7,57.3,4.9,6.3
2026-08-12T17:35,,0.0,,,,,,,
2026-08-12T17:40,241.6,0.0,1016.9,146.7,300.0,25.3,64.1,4.1,4.8
2026-08-12T17:45,,0.0,,,,,,,
2026-08-12T17:50,245.2,0.0,1016.8,353.2,572.0,25.3,65.1,3.6,4.3
2026-08-12T17:55,,0.0,,,,,,,
2026-08-12T18:00,242.4,0.0,1016.5,305.5,376.0,25.9,61.7,4.1,4.9
2026-08-12T18:05,,0.0,,,,,,,
2026-08-12T18:10,242.2,0.0,1016.2,247.3,111.0,26.5,53.7,3.8,5.1
2026-08-12T18:15,,0.0,,,,,,,
2026-08-12T18:20,231.3,0.0,1016.4,72.6,0.0,25.9,58.2,3.4,4.3
2026-08-12T18:25,,0.0,,,,,,,
2026-08-12T18:30,240.8,0.0,1016.8,39.9,0.0,24.9,68.6,2.6,3.5
2026-08-12T18:35,,0.0,,,,,,,
2026-08-12T18:40,243.4,0.0,1017.1,38.0,0.0,24.4,72.9,2.6,3.5
2026-08-12T18:45,,0.0,,,,,,,
2026-08-12T18:50,246.0,0.0,1017.2,30.5,0.0,24.4,69.3,3.2,4.7
2026-08-12T18:55,,0.0,,,,,,,
2026-08-12T19:00,232.9,0.0,1017.7,18.4,0.0,23.8,74.5,3.6,4.7
2026-08-12T19:05,,0.0,,,,,,,
2026-08-12T19:10,222.6,0.0,1017.9,13.8,0.0,23.9,68.2,3.5,4.7
2026-08-12T19:15,,0.0,,,,,,,
2026-08-12T19:20,242.0,0.0,1018.2,13.1,0.0,23.5,70.6,2.8,3.7
2026-08-12T19:25,,0.0,,,,,,,
2026-08-12T19:30,226.8,0.0,1018.3,14.1,0.0,23.3,71.9,3.9,4.7
2026-08-12T19:35,,0.0,,,,,,,
2026-08-12T19:40,258.6,0.0,1018.6,12.5,0.0,23.0,70.9,3.1,4.2
2026-08-12T19:45,,0.0,,,,,,,
2026-08-12T19:50,266.6,0.0,1018.5,7.9,0.0,23.3,63.4,2.2,3.5
2026-08-12T19:55,,0.0,,,,,,,
2026-08-12T20:00,222.7,0.0,1018.7,4.0,0.0,22.8,71.3,2.8,3.8
2026-08-12T20:05,,0.0,,,,,,,
2026-08-12T20:10,241.4,0.0,1019.1,0.7,0.0,22.3,74.7,3.1,4.1
2026-08-12T20:15,,0.0,,,,,,,
2026-08-12T20:20,254.8,0.0,1019.4,0.0,0.0,22.0,73.0,2.1,3.5
2026-08-12T20:25,,0.0,,,,,,,
2026-08-12T20:30,260.8,0.0,1019.7,0.0,0.0,21.7,75.4,1.8,2.5
2026-08-12T20:35,,0.0,,,,,,,
2026-08-12T20:40,256.9,0.0,1020.0,0.0,0.0,21.5,74.5,2.1,2.8
2026-08-12T20:45,,0.0,,,,,,,
2026-08-12T20:50,254.7,0.0,1020.1,0.0,0.0,21.4,73.3,2.0,3.2
2026-08-12T20:55,,0.0,,,,,,,
2026-08-12T21:00,261.2,0.0,1020.4,0.0,0.0,21.0,76.4,2.7,3.4
2026-08-12T21:05,,0.0,,,,,,,
2026-08-12T21:10,266.6,0.0,1020.5,0.0,0.0,21.1,72.4,1.9,2.6
2026-08-12T21:15,,0.0,,,,,,,
2026-08-12T21:20,245.0,0.0,1020.8,0.0,0.0,20.6,81.7,3.1,4.4
2026-08-12T21:25,,0.0,,,,,,,
2026-08-12T21:30,246.6,0.0,1021.2,0.0,0.0,20.3,83.4,3.0,3.9
2026-08-12T21:35,,0.0,,,,,,,
2026-08-12T21:40,229.0,0.0,1021.3,0.0,0.0,20.2,84.3,2.2,3.3
2026-08-12T21:45,,0.0,,,,,,,
2026-08-12T21:50,251.2,0.0,1021.5,0.0,0.0,20.1,82.9,3.0,3.7
2026-08-12T21:55,,0.0,,,,,,,
2026-08-12T22:00,246.8,0.0,1021.6,0.0,0.0,20.0,82.3,3.0,3.9
2026-08-12T22:05,,0.0,,,,,,,
2026-08-12T22:10,241.4,0.0,1021.8,0.0,0.0,19.8,85.1,4.1,4.8
2026-08-12T22:15,,0.0,,,,,,,
2026-08-12T22:20,241.6,0.0,1021.9,0.0,0.0,19.8,83.7,3.9,4.7
2026-08-12T22:25,,0.0,,,,,,,
2026-08-12T22:30,229.6,0.0,1021.8,0.0,0.0,20.0,82.9,4.3,5.1
2026-08-12T22:35,,0.0,,,,,,,
2026-08-12T22:40,234.0,0.0,1021.9,0.0,0.0,19.9,82.6,4.0,4.8
2026-08-12T22:45,,0.0,,,,,,,
2026-08-12T22:50,242.8,0.0,1022.0,0.0,0.0,19.8,83.2,3.4,4.2
2026-08-12T22:55,,0.0,,,,,,,
2026-08-12T23:00,245.2,0.0,1022.0,0.0,0.0,19.6,85.2,3.6,4.4
2026-08-12T23:05,,0.0,,,,,,,
2026-08-12T23:10,248.2,0.0,1022.0,0.0,0.0,19.7,83.5,3.7,4.5
2026-08-12T23:15,,0.0,,,,,,,
2026-08-12T23:20,259.4,0.0,1022.1,0.0,0.0,19.6,83.6,3.2,4.1
2026-08-12T23:25,,0.0,,,,,,,
2026-08-12T23:30,256.1,0.0,1022.2,0.0,0.0,19.6,83.7,3.6,4.4
2026-08-12T23:35,,0.0,,,,,,,
2026-08-12T23:40,257.6,0.0,1022.3,0.0,0.0,19.5,84.6,3.3,4.2
2026-08-12T23:45,,0.0,,,,,,,
2026-08-12T23:50,267.2,0.0,1022.3,0.0,0.0,19.4,83.9,3.1,3.7
2026-08-12T23:55,,0.0,,,,,,,
2026-08-13T00:00,253.9,0.0,1022.4,0.0,0.0,19.4,85.4,2.7,3.8
2026-08-13T00:05,,0.0,,,,,,,
2026-08-13T00:10,246.0,0.0,1022.5,0.0,0.0,19.3,86.2,3.4,4.3
2026-08-13T00:15,,0.0,,,,,,,
2026-08-13T00:20,244.0,0.0,1022.6,0.0,0.0,19.2,88.2,3.3,4.3
2026-08-13T00:25,,0.0,,,,,,,
2026-08-13T00:30,254.8,0.0,1022.7,0.0,0.0,19.1,87.8,3.3,4.2
2026-08-13T00:35,,0.0,,,,,,,
2026-08-13T00:40,265.6,0.0,1022.8,0.0,0.0,19.0,87.6,2.9,3.4
2026-08-13T00:45,,0.0,,,,,,,
2026-08-13T00:50,258.3,0.0,1022.8,0.0,0.0,19.0,87.6,2.7,3.5
2026-08-13T00:55,,0.0,,,,,,,
2026-08-13T01:00,251.7,0.0,1022.7,0.0,0.0,19.0,88.4,2.5,3.2
2026-08-13T01:05,,0.0,,,,,,,
2026-08-13T01:10,255.1,0.0,1022.8,0.0,0.0,18.9,89.3,2.8,3.7
2026-08-13T01:15,,0.0,,,,,,,
2026-08-13T01:20,248.8,0.0,1022.8,0.0,0.0,18.8,92.3,2.6,3.4
2026-08-13T01:25,,0.0,,,,,,,
2026-08-13T01:30,254.1,0.0,1022.8,0.0,0.0,18.7,92.5,2.4,3.2
2026-08-13T01:35,,0.0,,,,,,,
2026-08-13T01:40,250.6,0.0,1022.7,0.0,0.0,18.7,92.6,2.0,2.9
2026-08-13T01:45,,0.0,,,,,,,
2026-08-13T01:50,265.6,0.0,1022.8,0.0,0.0,18.6,91.9,1.9,2.3
2026-08-13T01:55,,0.0,,,,,,,
2026-08-13T02:00,271.8,0.0,1022.8,0.0,0.0,18.6,90.1,2.0,2.8
2026-08-13T02:05,,0.0,,,,,,,
2026-08-13T02:10,266.4,0.0,1022.7,0.0,0.0,18.8,86.8,1.8,2.4
2026-08-13T02:15,,0.0,,,,,,,
2026-08-13T02:20,248.9,0.0,1022.8,0.0,0.0,18.4,96.3,2.5,3.2
2026-08-13T02:25,,0.0,,,,,,,
2026-08-13T02:30,262.6,0.0,1022.9,0.0,0.0,18.1,99.5,2.1,2.7
2026-08-13T02:35,,0.0,,,,,,,
2026-08-13T02:40,261.2,0.0,1022.9,0.0,0.0,18.2,97.4,1.7,2.4
2026-08-13T02:45,,0.0,,,,,,,
2026-08-13T02:50,253.9,0.0,1022.9,0.0,0.0,18.1,98.2,1.9,2.4
2026-08-13T02:55,,0.0,,,,,,,
2026-08-13T03:00,250.6,0.0,1023.1,0.0,0.0,18.0,98.7,1.8,2.8
2026-08-13T03:05,,0.0,,,,,,,
2026-08-13T03:10,258.1,0.0,1023.2,0.0,0.0,17.7,100.0,2.4,3.0
2026-08-13T03:15,,0.0,,,,,,,
2026-08-13T03:20,255.4,0.0,1023.3,0.0,0.0,17.5,100.0,2.0,2.7
2026-08-13T03:25,,0.0,,,,,,,
2026-08-13T03:30,254.1,0.0,1023.2,0.0,0.0,17.6,99.3,2.4,3.2
2026-08-13T03:35,,0.0,,,,,,,
2026-08-13T03:40,242.7,0.0,1023.1,0.0,0.0,17.7,99.1,3.1,3.6
2026-08-13T03:45,,0.0,,,,,,,
2026-08-13T03:50,242.8,0.0,1023.1,0.0,0.0,17.6,100.0,3.6,4.1
2026-08-13T03:55,,0.0,,,,,,,
2026-08-13T04:00,249.9,0.0,1023.2,0.0,0.0,17.4,100.0,3.0,4.0
2026-08-13T04:05,,0.0,,,,,,,
2026-08-13T04:10,253.4,0.0,1023.2,0.0,0.0,17.4,100.0,3.2,4.4
2026-08-13T04:15,,0.0,,,,,,,
2026-08-13T04:20,257.0,0.0,1023.2,0.0,0.0,17.4,99.8,2.8,3.9
2026-08-13T04:25,,0.0,,,,,,,
2026-08-13T04:30,258.0,0.0,1023.2,0.0,0.0,17.3,100.0,2.4,3.3
2026-08-13T04:35,,0.0,,,,,,,
2026-08-13T04:40,256.8,0.0,1023.1,0.0,0.0,17.3,99.9,2.4,3.4
2026-08-13T04:45,,0.0,,,,,,,
2026-08-13T04:50,247.9,0.0,1023.1,0.0,0.0,17.4,99.8,2.5,4.3
2026-08-13T04:55,,0.0,,,,,,,
2026-08-13T05:00,246.5,0.0,1023.1,0.0,0.0,17.4,100.0,3.1,4.0
2026-08-13T05:05,,0.0,,,,,,,
2026-08-13T05:10,248.4,0.0,1023.2,0.0,0.0,17.2,100.0,2.8,4.0
2026-08-13T05:15,,0.0,,,,,,,
2026-08-13T05:20,249.7,0.0,1023.2,0.0,0.0,17.2,99.9,2.6,3.7
2026-08-13T05:25,,0.0,,,,,,,
2026-08-13T05:30,258.4,0.0,1023.3,0.0,0.0,17.2,99.7,2.5,3.4
2026-08-13T05:35,,0.0,,,,,,,
2026-08-13T05:40,255.7,0.0,1023.4,0.0,0.0,17.1,99.8,2.2,3.1
2026-08-13T05:45,,0.0,,,,,,,
2026-08-13T05:50,247.3,0.0,1023.4,0.0,0.0,17.1,100.0,3.0,3.8
2026-08-13T05:55,,0.0,,,,,,,
2026-08-13T06:00,245.2,0.0,1023.4,0.0,0.0,17.1,100.0,3.2,4.1
2026-08-13T06:05,,0.0,,,,,,,
2026-08-13T06:10,249.6,0.0,1023.4,0.0,0.0,17.0,100.0,3.5,4.3
2026-08-13T06:15,,0.0,,,,,,,
2026-08-13T06:20,245.9,0.0,1023.5,2.1,0.0,16.9,100.0,3.2,4.2
2026-08-13T06:25,,0.0,,,,,,,
2026-08-13T06:30,243.8,0.0,1023.4,6.4,0.0,16.9,100.0,3.4,4.3
2026-08-13T06:35,,0.0,,,,,,,
2026-08-13T06:40,256.1,0.0,1023.5,12.0,0.0,16.8,100.0,2.8,3.6
2026-08-13T06:45,,0.0,,,,,,,
2026-08-13T06:50,262.6,0.0,1023.5,17.7,0.0,16.8,100.0,2.6,3.0
2026-08-13T06:55,,0.0,,,,,,,
2026-08-13T07:00,253.5,0.0,1023.4,23.0,0.0,16.9,100.0,3.0,3.7
2026-08-13T07:05,,0.0,,,,,,,
2026-08-13T07:10,250.1,0.0,1023.3,27.9,0.0,17.1,100.0,3.1,4.1
2026-08-13T07:15,,0.0,,,,,,,
2026-08-13T07:20,239.6,0.0,1023.2,32.2,0.0,17.3,99.5,3.5,4.1
2026-08-13T07:25,,0.0,,,,,,,
2026-08-13T07:30,232.4,0.0,1023.0,36.6,0.0,17.6,98.9,3.7,4.3
2026-08-13T07:35,,0.0,,,,,,,
2026-08-13T07:40,241.9,0.0,1022.9,41.3,0.0,17.7,97.0,3.6,4.3
2026-08-13T07:45,,0.0,,,,,,,
2026-08-13T07:50,238.4,0.0,1022.9,45.1,0.0,17.8,98.3,3.4,4.2
2026-08-13T07:55,,0.0,,,,,,,
2026-08-13T08:00,227.3,0.0,1022.8,48.3,0.0,18.0,98.6,3.4,4.1
2026-08-13T08:05,,0.0,,,,,,,
2026-08-13T08:10,222.4,0.0,1022.7,51.9,0.0,18.2,97.6,2.6,3.2
2026-08-13T08:15,,0.0,,,,,,,
2026-08-13T08:20,232.2,0.0,1022.6,55.9,0.0,18.5,94.7,2.3,3.0
2026-08-13T08:25,,0.0,,,,,,,
2026-08-13T08:30,246.7,0.0,1022.3,58.8,0.0,18.9,93.5,1.8,2.9
2026-08-13T08:35,,0.0,,,,,,,
2026-08-13T08:40,258.1,0.0,1022.1,161.5,68.0,19.3,92.0,1.2,1.8
2026-08-13T08:45,,0.0,,,,,,,
2026-08-13T08:50,237.2,0.0,1021.8,190.1,0.0,19.8,88.4,0.9,1.6
2026-08-13T08:55,,0.0,,,,,,,
2026-08-13T09:00,211.0,0.0,1021.7,320.6,237.0,20.1,83.4,0.4,0.8
2026-08-13T09:05,,0.0,,,,,,,
2026-08-13T09:10,119.7,0.0,1021.3,437.1,600.0,20.9,82.2,1.0,1.7
2026-08-13T09:15,,0.0,,,,,,,
2026-08-13T09:20,124.1,0.0,1021.1,467.7,600.0,21.3,78.4,1.2,2.1
2026-08-13T09:25,,0.0,,,,,,,
2026-08-13T09:30,139.0,0.0,1020.9,497.2,600.0,21.4,79.6,1.0,1.9
2026-08-13T09:35,,0.0,,,,,,,
2026-08-13T09:40,93.5,0.0,1020.6,526.6,600.0,22.0,72.6,1.3,2.5
2026-08-13T09:45,,0.0,,,,,,,
2026-08-13T09:50,101.1,0.0,1020.3,554.7,600.0,22.5,71.6,1.8,2.9
2026-08-13T09:55,,0.0,,,,,,,
2026-08-13T10:00,91.3,0.0,1020.1,581.7,600.0,22.8,71.5,1.4,2.8
2026-08-13T10:05,,0.0,,,,,,,
2026-08-13T10:10,86.0,0.0,1019.9,608.1,600.0,23.2,69.5,1.0,2.8
2026-08-13T10:15,,0.0,,,,,,,
2026-08-13T10:20,98.7,0.0,1019.7,634.0,600.0,23.5,67.7,1.7,3.2
2026-08-13T10:25,,0.0,,,,,,,
2026-08-13T10:30,83.3,0.0,1019.6,658.8,600.0,23.7,67.1,1.3,2.8
2026-08-13T10:35,,0.0,,,,,,,
2026-08-13T10:40,94.0,0.0,1019.3,683.4,600.0,24.2,66.0,1.3,3.2
2026-08-13T10:45,,0.0,,,,,,,
2026-08-13T10:50,77.1,0.0,1019.1,706.8,599.0,24.3,64.6,1.3,3.0
2026-08-13T10:55,,0.0,,,,,,,
2026-08-13T11:00,63.6,0.0,1019.0,728.6,600.0,24.4,63.4,1.6,4.0
2026-08-13T11:05,,0.0,,,,,,,
2026-08-13T11:10,76.8,0.0,1018.8,749.1,600.0,24.8,61.4,1.3,3.7
2026-08-13T11:15,,0.0,,,,,,,
2026-08-13T11:20,73.2,0.0,1018.6,767.1,600.0,25.0,60.5,1.5,3.2
2026-08-13T11:25,,0.0,,,,,,,
2026-08-13T11:30,63.9,0.0,1018.5,785.7,600.0,25.2,59.3,1.6,4.2
2026-08-13T11:35,,0.0,,,,,,,
2026-08-13T11:40,61.0,0.0,1018.3,796.7,600.0,25.5,58.2,1.8,4.0
2026-08-13T11:45,,0.0,,,,,,,
2026-08-13T11:50,84.8,0.0,1018.0,806.7,600.0,25.8,56.9,1.5,3.0
2026-08-13T11:55,,0.0,,,,,,,
2026-08-13T12:00,86.6,0.0,1017.7,813.8,600.0,26.3,54.7,1.5,3.4
2026-08-13T12:05,,0.0,,,,,,,
2026-08-13T12:10,92.2,0.0,1017.6,825.4,600.0,26.6,54.0,1.6,3.1
2026-08-13T12:15,,0.0,,,,,,,
2026-08-13T12:20,95.4,0.0,1017.4,830.6,600.0,26.8,53.5,1.7,3.2
2026-08-13T12:25,,0.0,,,,,,,
2026-08-13T12:30,78.5,0.0,1017.1,838.2,600.0,27.1,53.0,1.3,2.9
2026-08-13T12:35,,0.0,,,,,,,
2026-08-13T12:40,58.9,0.0,1017.0,846.6,600.0,27.2,52.9,1.7,4.2
2026-08-13T12:45,,0.0,,,,,,,
2026-08-13T12:50,75.9,0.0,1016.7,854.5,600.0,27.7,50.9,1.5,3.9
2026-08-13T12:55,,0.0,,,,,,,
2026-08-13T13:00,76.2,0.0,1016.6,860.0,600.0,27.8,49.8,1.7,4.3
2026-08-13T13:05,,0.0,,,,,,,
2026-08-13T13:10,94.0,0.0,1016.3,858.3,600.0,28.2,48.6,2.0,4.0
2026-08-13T13:15,,0.0,,,,,,,
2026-08-13T13:20,95.5,0.0,1016.1,866.2,600.0,28.3,47.7,2.5,4.2
2026-08-13T13:25,,0.0,,,,,,,
2026-08-13T13:30,98.5,0.0,1015.9,866.2,600.0,28.5,47.5,2.3,4.6
2026-08-13T13:35,,0.0,,,,,,,
2026-08-13T13:40,97.0,0.0,1015.7,879.3,600.0,28.7,46.6,2.4,4.0
2026-08-13T13:45,,0.0,,,,,,,
2026-08-13T13:50,100.3,0.0,1015.6,873.8,600.0,29.0,46.5,2.8,4.8
2026-08-13T13:55,,0.0,,,,,,,
2026-08-13T14:00,104.0,0.0,1015.4,870.6,600.0,29.0,46.6,3.2,4.8
2026-08-13T14:05,,0.0,,,,,,,
2026-08-13T14:10,98.1,0.0,1015.2,864.7,600.0,29.3,45.8,2.9,4.6
2026-08-13T14:15,,0.0,,,,,,,
2026-08-13T14:20,93.1,0.0,1015.1,858.4,600.0,29.3,45.2,2.3,4.6
2026-08-13T14:25,,0.0,,,,,,,
2026-08-13T14:30,85.8,0.0,1014.9,854.9,600.0,29.6,44.8,1.9,4.2
2026-08-13T14:35,,0.0,,,,,,,
2026-08-13T14:40,74.0,0.0,1014.7,841.5,600.0,29.7,43.7,2.4,7.1
2026-08-13T14:45,,0.0,,,,,,,
2026-08-13T14:50,72.1,0.0,1014.6,829.9,600.0,29.8,43.7,2.1,4.6
2026-08-13T14:55,,0.0,,,,,,,
2026-08-13T15:00,78.3,0.0,1014.4,822.7,600.0,30.1,42.6,2.2,4.3
2026-08-13T15:05,,0.0,,,,,,,
2026-08-13T15:10,78.5,0.0,1014.4,805.4,600.0,30.2,42.0,2.1,7.5
2026-08-13T15:15,,0.0,,,,,,,
2026-08-13T15:20,85.3,0.0,1014.2,784.7,600.0,30.3,41.6,1.7,3.8
2026-08-13T15:25,,0.0,,,,,,,
2026-08-13T15:30,76.0,0.0,1014.0,767.1,600.0,30.6,41.3,1.6,2.9
2026-08-13T15:35,,0.0,,,,,,,
2026-08-13T15:40,63.0,0.0,1014.0,752.2,600.0,30.5,40.7,2.6,5.4
2026-08-13T15:45,,0.0,,,,,,,
2026-08-13T15:50,78.7,0.0,1013.8,725.4,600.0,30.7,40.4,1.8,4.6
2026-08-13T15:55,,0.0,,,,,,,
2026-08-13T16:00,73.7,0.0,1013.8,706.9,600.0,30.6,39.6,2.0,4.8
2026-08-13T16:05,,0.0,,,,,,,
2026-08-13T16:10,77.7,0.0,1013.7,670.0,600.0,30.6,39.7,1.6,3.4
2026-08-13T16:15,,0.0,,,,,,,
2026-08-13T16:20,60.8,0.0,1013.5,659.5,600.0,30.8,38.6,2.1,6.4
2026-08-13T16:25,,0.0,,,,,,,
2026-08-13T16:30,59.6,0.0,1013.6,628.5,600.0,30.7,37.6,2.4,6.4
2026-08-13T16:35,,0.0,,,,,,,
2026-08-13T16:40,61.2,0.0,1013.5,604.6,600.0,30.7,37.4,1.6,4.6
2026-08-13T16:45,,0.0,,,,,,,
2026-08-13T16:50,87.0,0.0,1013.4,582.5,600.0,30.7,36.7,1.8,3.5
2026-08-13T16:55,,0.0,,,,,,,
2026-08-13T17:00,85.7,0.0,1013.4,539.4,600.0,30.8,35.4,1.8,3.9
2026-08-13T17:05,,0.0,,,,,,,
2026-08-13T17:10,88.0,0.0,1013.4,520.8,600.0,30.6,35.4,1.8,3.8
2026-08-13T17:15,,0.0,,,,,,,
2026-08-13T17:20,74.3,0.0,1013.4,509.4,600.0,30.6,34.7,1.7,4.1
2026-08-13T17:25,,0.0,,,,,,,
2026-08-13T17:30,65.8,0.0,1013.3,478.6,600.0,30.6,34.3,2.0,5.4
2026-08-13T17:35,,0.0,,,,,,,
2026-08-13T17:40,56.8,0.0,1013.4,433.5,600.0,30.5,34.2,2.0,5.1
2026-08-13T17:45,,0.0,,,,,,,
2026-08-13T17:50,88.8,0.0,1013.4,399.5,600.0,30.2,35.1,1.6,3.6
2026-08-13T17:55,,0.0,,,,,,,
2026-08-13T18:00,94.6,0.0,1013.5,341.7,584.0,29.9,35.5,1.6,3.3
2026-08-13T18:05,,0.0,,,,,,,
2026-08-13T18:10,61.3,0.0,1013.5,308.3,168.0,29.7,35.7,1.4,3.0
2026-08-13T18:15,,0.0,,,,,,,
2026-08-13T18:20,49.6,0.0,1013.6,275.2,0.0,29.6,35.0,2.2,3.8
2026-08-13T18:25,,0.0,,,,,,,
2026-08-13T18:30,10.0,0.0,1013.9,80.7,0.0,28.7,40.5,0.8,2.4
2026-08-13T18:35,,0.0,,,,,,,
2026-08-13T18:40,267.3,0.0,1014.2,95.0,143.0,28.2,41.7,0.2,2.0
2026-08-13T18:45,,0.0,,,,,,,
2026-08-13T18:50,344.8,0.0,1014.7,90.7,197.0,27.1,46.3,2.0,2.7
2026-08-13T18:55,,0.0,,,,,,,
2026-08-13T19:00,258.3,0.0,1014.9,105.4,213.0,26.7,50.6,1.1,2.4
2026-08-13T19:05,,0.0,,,,,,,
2026-08-13T19:10,284.5,0.0,1015.1,62.0,0.0,26.5,49.3,1.5,2.3
2026-08-13T19:15,,0.0,,,,,,,
2026-08-13T19:20,278.4,0.0,1015.3,58.1,0.0,26.3,50.1,1.3,2.1
2026-08-13T19:25,,0.0,,,,,,,
2026-08-13T19:30,273.2,0.0,1015.5,45.1,0.0,26.1,51.7,1.2,2.4
2026-08-13T19:35,,0.0,,,,,,,
2026-08-13T19:40,269.1,0.0,1015.7,38.7,0.0,25.8,52.4,0.5,1.3
2026-08-13T19:45,,0.0,,,,,,,
2026-08-13T19:50,282.2,0.0,1016.0,26.8,0.0,25.4,55.3,0.6,1.2
2026-08-13T19:55,,0.0,,,,,,,
2026-08-13T20:00,261.7,0.0,1016.1,18.7,0.0,25.4,55.6,1.8,2.8
2026-08-13T20:05,,0.0,,,,,,,
2026-08-13T20:10,277.7,0.0,1016.4,12.9,0.0,25.0,57.9,2.1,2.8
2026-08-13T20:15,,0.0,,,,,,,
2026-08-13T20:20,281.4,0.0,1016.6,7.4,0.0,24.8,57.4,1.8,2.6
2026-08-13T20:25,,0.0,,,,,,,
2026-08-13T20:30,272.6,0.0,1016.7,2.8,0.0,24.6,57.1,1.8,2.8
2026-08-13T20:35,,0.0,,,,,,,
2026-08-13T20:40,273.3,0.0,1016.9,0.1,0.0,24.3,58.1,2.0,3.2
2026-08-13T20:45,,0.0,,,,,,,
2026-08-13T20:50,269.9,0.0,1017.2,0.0,0.0,23.9,61.1,1.5,2.4
2026-08-13T20:55,,0.0,,,,,,,
2026-08-13T21:00,296.4,0.0,1017.6,0.0,0.0,23.5,61.1,1.1,2.0
2026-08-13T21:05,,0.0,,,,,,,
2026-08-13T21:10,253.9,0.0,1018.0,0.0,0.0,23.2,64.7,0.7,1.7
2026-08-13T21:15,,0.0,,,,,,,
2026-08-13T21:20,292.1,0.0,1018.4,0.0,0.0,22.8,67.0,0.9,1.7
2026-08-13T21:25,,0.0,,,,,,,
2026-08-13T21:30,288.9,0.0,1018.6,0.0,0.0,22.7,65.4,0.9,1.5
2026-08-13T21:35,,0.0,,,,,,,
2026-08-13T21:40,298.9,0.0,1018.8,0.0,0.0,22.4,67.3,0.7,1.2
2026-08-13T21:45,,0.0,,,,,,,
2026-08-13T21:50,285.7,0.0,1019.0,0.0,0.0,22.3,67.5,0.7,1.3
2026-08-13T21:55,,0.0,,,,,,,
2026-08-13T22:00,271.2,0.0,1019.1,0.0,0.0,22.0,71.0,1.0,1.5
2026-08-13T22:05,,0.0,,,,,,,
2026-08-13T22:10,259.4,0.0,1019.4,0.0,0.0,21.5,78.3,1.7,3.0
2026-08-13T22:15,,0.0,,,,,,,
2026-08-13T22:20,252.8,0.0,1019.6,0.0,0.0,21.0,85.6,1.3,2.1
2026-08-13T22:25,,0.0,,,,,,,
2026-08-13T22:30,271.2,0.0,1019.8,0.0,0.0,20.9,83.7,1.4,1.9
2026-08-13T22:35,,0.0,,,,,,,
2026-08-13T22:40,244.6,0.0,1019.9,0.0,0.0,20.8,84.7,2.5,3.3
2026-08-13T22:45,,0.0,,,,,,,
2026-08-13T22:50,255.4,0.0,1020.1,0.0,0.0,20.4,89.2,2.1,3.2
2026-08-13T22:55,,0.0,,,,,,,
2026-08-13T23:00,253.4,0.0,1020.2,0.0,0.0,20.3,88.0,2.6,3.6
2026-08-13T23:05,,0.0,,,,,,,
2026-08-13T23:10,247.4,0.0,1020.3,0.0,0.0,20.3,89.2,2.6,3.7
2026-08-13T23:15,,0.0,,,,,,,
2026-08-13T23:20,253.7,0.0,1020.5,0.0,0.0,20.2,87.7,2.9,3.7
2026-08-13T23:25,,0.0,,,,,,,
2026-08-13T23:30,262.2,0.0,1020.5,0.0,0.0,20.2,84.9,2.3,2.9
2026-08-13T23:35,,0.0,,,,,,,
2026-08-13T23:40,259.2,0.0,1020.4,0.0,0.0,20.5,80.1,2.2,3.6
2026-08-13T23:45,,0.0,,,,,,,
2026-08-13T23:50,254.2,0.0,1020.5,0.0,0.0,20.5,83.5,2.3,3.2
2026-08-13T23:55,,0.0,,,,,,,
2026-08-14T00:00,269.7,0.0,1020.5,0.0,0.0,20.3,83.7,1.7,2.9
2026-08-14T00:05,,0.0,,,,,,,
2026-08-14T00:10,267.4,0.0,1020.4,0.0,0.0,20.6,78.9,1.6,2.6
2026-08-14T00:15,,0.0,,,,,,,
2026-08-14T00:20,255.0,0.0,1020.4,0.0,0.0,20.3,83.5,1.5,2.1
2026-08-14T00:25,,0.0,,,,,,,
2026-08-14T00:30,256.3,0.0,1020.6,0.0,0.0,20.0,85.5,1.9,2.9
2026-08-14T00:35,,0.0,,,,,,,
2026-08-14T00:40,245.3,0.0,1020.7,0.0,0.0,19.8,89.8,1.8,2.3
2026-08-14T00:45,,0.0,,,,,,,
2026-08-14T00:50,262.2,0.0,1020.8,0.0,0.0,19.6,88.6,1.8,2.3
2026-08-14T00:55,,0.0,,,,,,,
2026-08-14T01:00,274.9,0.0,1020.9,0.0,0.0,19.8,84.5,1.9,2.8
2026-08-14T01:05,,0.0,,,,,,,
2026-08-14T01:10,253.8,0.0,1020.8,0.0,0.0,19.9,82.4,1.9,3.0
2026-08-14T01:15,,0.0,,,,,,,
2026-08-14T01:20,258.8,0.0,1020.9,0.0,0.0,19.6,88.6,1.9,2.8
2026-08-14T01:25,,0.0,,,,,,,
2026-08-14T01:30,261.1,0.0,1020.9,0.0,0.0,19.5,88.5,2.1,2.8
2026-08-14T01:35,,0.0,,,,,,,
2026-08-14T01:40,261.9,0.0,1021.0,0.0,0.0,19.1,91.9,2.1,2.7
2026-08-14T01:45,,0.0,,,,,,,
2026-08-14T01:50,256.1,0.0,1021.1,0.0,0.0,19.1,89.9,2.1,3.3
2026-08-14T01:55,,0.0,,,,,,,
2026-08-14T02:00,252.0,0.0,1021.1,0.0,0.0,18.9,94.0,1.8,2.9
2026-08-14T02:05,,0.0,,,,,,,
2026-08-14T02:10,257.7,0.0,1021.2,0.0,0.0,18.7,93.9,2.0,2.7
2026-08-14T02:15,,0.0,,,,,,,
2026-08-14T02:20,259.0,0.0,1021.2,0.0,0.0,18.5,96.0,2.1,2.9
2026-08-14T02:25,,0.0,,,,,,,
2026-08-14T02:30,255.5,0.0,1021.1,0.0,0.0,18.5,95.4,1.9,2.8
2026-08-14T02:35,,0.0,,,,,,,
2026-08-14T02:40,258.9,0.0,1021.2,0.0,0.0,18.4,95.8,2.5,3.0
2026-08-14T02:45,,0.0,,,,,,,
2026-08-14T02:50,257.5,0.0,1021.1,0.0,0.0,18.4,94.0,2.3,3.0
2026-08-14T02:55,,0.0,,,,,,,
2026-08-14T03:00,255.5,0.0,1021.1,0.0,0.0,18.2,97.6,2.5,3.5
2026-08-14T03:05,,0.0,,,,,,,
2026-08-14T03:10,253.9,0.0,1021.0,0.0,0.0,18.2,96.7,2.4,3.3
2026-08-14T03:15,,0.0,,,,,,,
2026-08-14T03:20,260.6,0.0,1021.0,0.0,0.0,18.0,96.7,2.8,3.5
2026-08-14T03:25,,0.0,,,,,,,
2026-08-14T03:30,252.2,0.0,1021.0,0.0,0.0,18.0,97.7,2.6,3.5
2026-08-14T03:35,,0.0,,,,,,,
2026-08-14T03:40,252.9,0.0,1021.1,0.0,0.0,17.8,100.0,2.6,3.6
2026-08-14T03:45,,0.0,,,,,,,
2026-08-14T03:50,247.1,0.0,1021.1,0.0,0.0,17.7,100.0,3.1,3.9
2026-08-14T03:55,,0.0,,,,,,,
2026-08-14T04:00,256.8,0.0,1021.1,0.0,0.0,17.6,100.0,2.7,3.4
2026-08-14T04:05,,0.0,,,,,,,
2026-08-14T04:10,268.6,0.0,1021.1,0.0,0.0,17.6,99.2,2.4,3.0
2026-08-14T04:15,,0.0,,,,,,,
2026-08-14T04:20,257.8,0.0,1020.9,0.0,0.0,17.8,96.3,2.7,3.6
2026-08-14T04:25,,0.0,,,,,,,
2026-08-14T04:30,248.1,0.0,1021.0,0.0,0.0,17.6,99.6,2.9,3.6
2026-08-14T04:35,,0.0,,,,,,,
2026-08-14T04:40,245.1,0.0,1021.1,0.0,0.0,17.5,100.0,3.1,3.7
2026-08-14T04:45,,0.0,,,,,,,
2026-08-14T04:50,251.2,0.0,1021.1,0.0,0.0,17.3,100.0,3.1,3.8
2026-08-14T04:55,,0.0,,,,,,,
2026-08-14T05:00,257.9,0.0,1021.1,0.0,0.0,17.2,100.0,2.9,4.0
2026-08-14T05:05,,0.0,,,,,,,
2026-08-14T05:10,263.2,0.0,1021.1,0.0,0.0,17.1,100.0,2.8,3.8
2026-08-14T05:15,,0.0,,,,,,,
2026-08-14T05:20,251.7,0.0,1020.9,0.0,0.0,17.2,99.7,3.0,4.0
2026-08-14T05:25,,0.0,,,,,,,
2026-08-14T05:30,249.0,0.0,1020.9,0.0,0.0,17.2,100.0,2.9,3.6
2026-08-14T05:35,,0.0,,,,,,,
2026-08-14T05:40,252.3,0.0,1021.0,0.0,0.0,17.1,100.0,3.0,4.2
2026-08-14T05:45,,0.0,,,,,,,
2026-08-14T05:50,254.5,0.0,1021.1,0.0,0.0,16.9,100.0,2.7,3.6
2026-08-14T05:55,,0.0,,,,,,,
2026-08-14T06:00,252.2,0.0,1021.1,0.0,0.0,17.0,100.0,2.8,3.7
2026-08-14T06:05,,0.0,,,,,,,
2026-08-14T06:10,255.2,0.0,1021.2,0.0,0.0,16.9,100.0,2.8,3.6
2026-08-14T06:15,,0.0,,,,,,,
2026-08-14T06:20,254.7,0.0,1021.2,1.4,0.0,16.9,100.0,3.0,4.1
2026-08-14T06:25,,0.0,,,,,,,
2026-08-14T06:30,253.0,0.0,1021.3,5.4,0.0,16.8,100.0,3.0,3.7
2026-08-14T06:35,,0.0,,,,,,,
2026-08-14T06:40,259.2,0.0,1021.2,10.8,0.0,16.9,100.0,2.9,3.8
2026-08-14T06:45,,0.0,,,,,,,
2026-08-14T06:50,247.1,0.0,1021.2,16.6,0.0,16.9,100.0,3.1,4.0
2026-08-14T06:55,,0.0,,,,,,,
2026-08-14T07:00,244.3,0.0,1021.1,21.8,0.0,17.0,100.0,3.6,4.1
2026-08-14T07:05,,0.0,,,,,,,
2026-08-14T07:10,244.2,0.0,1021.0,26.6,0.0,17.2,100.0,4.0,4.5
2026-08-14T07:15,,0.0,,,,,,,
2026-08-14T07:20,250.8,0.0,1020.9,30.6,0.0,17.3,99.9,3.4,4.3
2026-08-14T07:25,,0.0,,,,,,,
2026-08-14T07:30,239.7,0.0,1020.8,34.7,0.0,17.5,99.7,4.0,4.9
2026-08-14T07:35,,0.0,,,,,,,
2026-08-14T07:40,225.2,0.0,1020.6,39.3,0.0,17.8,97.9,3.9,4.4
2026-08-14T07:45,,0.0,,,,,,,
2026-08-14T07:50,231.2,0.0,1020.5,43.6,0.0,18.0,97.0,3.3,4.1
2026-08-14T07:55,,0.0,,,,,,,
2026-08-14T08:00,230.2,0.0,1020.4,45.8,0.0,18.2,96.2,3.1,3.8
2026-08-14T08:05,,0.0,,,,,,,
2026-08-14T08:10,228.2,0.0,1020.1,48.8,0.0,18.6,94.7,2.8,3.7
2026-08-14T08:15,,0.0,,,,,,,
2026-08-14T08:20,225.7,0.0,1020.0,52.4,0.0,18.7,94.2,2.6,3.3
2026-08-14T08:25,,0.0,,,,,,,
2026-08-14T08:30,243.4,0.0,1019.8,55.8,0.0,19.0,93.9,2.3,2.9
2026-08-14T08:35,,0.0,,,,,,,
2026-08-14T08:40,252.9,0.0,1019.6,189.9,141.0,19.4,90.9,1.8,2.9
2026-08-14T08:45,,0.0,,,,,,,
2026-08-14T08:50,244.2,0.0,1019.3,146.9,4.0,19.8,89.6,1.7,2.3
2026-08-14T08:55,,0.0,,,,,,,
2026-08-14T09:00,224.6,0.0,1019.2,301.2,481.0,19.9,87.1,0.7,1.6
2026-08-14T09:05,,0.0,,,,,,,
2026-08-14T09:10,113.2,0.0,1019.0,441.7,600.0,20.4,83.9,0.5,2.0
2026-08-14T09:15,,0.0,,,,,,,
2026-08-14T09:20,80.7,0.0,1018.7,472.0,600.0,21.0,82.3,1.0,2.4
2026-08-14T09:25,,0.0,,,,,,,
2026-08-14T09:30,82.1,0.0,1018.5,501.9,600.0,21.4,81.1,1.0,2.5
2026-08-14T09:35,,0.0,,,,,,,
2026-08-14T09:40,91.2,0.0,1018.4,530.2,600.0,21.6,78.7,1.3,2.8
2026-08-14T09:45,,0.0,,,,,,,
2026-08-14T09:50,89.7,0.0,1018.2,558.6,600.0,22.0,75.5,1.2,3.0
2026-08-14T09:55,,0.0,,,,,,,
2026-08-14T10:00,91.5,0.0,1017.9,585.8,600.0,22.5,72.0,1.2,2.5
2026-08-14T10:05,,0.0,,,,,,,
2026-08-14T10:10,85.5,0.0,1017.6,611.4,600.0,22.8,70.6,1.1,2.6
2026-08-14T10:15,,0.0,,,,,,,
2026-08-14T10:20,79.7,0.0,1017.4,636.8,600.0,23.1,68.7,1.3,3.1
2026-08-14T10:25,,0.0,,,,,,,
2026-08-14T10:30,57.7,0.0,1017.3,662.8,600.0,23.3,68.3,1.3,2.7
2026-08-14T10:35,,0.0,,,,,,,
2026-08-14T10:40,81.7,0.0,1017.0,685.8,600.0,23.8,66.3,1.3,3.7
2026-08-14T10:45,,0.0,,,,,,,
2026-08-14T10:50,92.3,0.0,1016.8,708.7,600.0,24.0,64.4,1.5,3.1
2026-08-14T10:55,,0.0,,,,,,,
2026-08-14T11:00,72.9,0.0,1016.6,729.7,600.0,24.3,63.4,1.4,2.9
2026-08-14T11:05,,0.0,,,,,,,
2026-08-14T11:10,58.9,0.0,1016.4,748.9,600.0,24.5,62.4,1.6,3.8
2026-08-14T11:15,,0.0,,,,,,,
2026-08-14T11:20,79.1,0.0,1016.1,770.8,600.0,24.9,60.3,1.3,3.2
2026-08-14T11:25,,0.0,,,,,,,
2026-08-14T11:30,70.6,0.0,1015.8,786.4,600.0,25.2,59.6,1.4,3.0
2026-08-14T11:35,,0.0,,,,,,,
2026-08-14T11:40,76.9,0.0,1015.5,799.1,600.0,25.5,58.0,1.5,3.9
2026-08-14T11:45,,0.0,,,,,,,
2026-08-14T11:50,67.6,0.0,1015.3,808.4,600.0,25.6,58.2,1.5,3.4
2026-08-14T11:55,,0.0,,,,,,,
2026-08-14T12:00,90.2,0.0,1015.0,816.4,599.0,26.1,57.0,1.7,3.5
2026-08-14T12:05,,0.0,,,,,,,
2026-08-14T12:10,94.9,0.0,1014.8,827.3,600.0,26.2,56.0,2.1,4.0
2026-08-14T12:15,,0.0,,,,,,,
2026-08-14T12:20,93.4,0.0,1014.6,832.6,599.0,26.5,55.3,2.2,4.6
2026-08-14T12:25,,0.0,,,,,,,
2026-08-14T12:30,97.4,0.0,1014.4,839.3,600.0,26.8,54.2,2.3,4.5
2026-08-14T12:35,,0.0,,,,,,,
2026-08-14T12:40,100.1,0.0,1014.2,844.8,600.0,26.9,53.5,2.6,4.2
2026-08-14T12:45,,0.0,,,,,,,
2026-08-14T12:50,96.7,0.0,1014.0,852.3,600.0,27.1,53.3,2.3,4.6
2026-08-14T12:55,,0.0,,,,,,,
2026-08-14T13:00,93.5,0.0,1013.6,858.6,600.0,27.6,52.0,2.3,4.4
2026-08-14T13:05,,0.0,,,,,,,
2026-08-14T13:10,98.8,0.0,1013.4,864.1,600.0,27.6,50.8,3.0,5.4
2026-08-14T13:15,,0.0,,,,,,,
2026-08-14T13:20,95.6,0.0,1013.1,869.1,600.0,27.8,49.7,2.8,4.7
2026-08-14T13:25,,0.0,,,,,,,
2026-08-14T13:30,100.9,0.0,1012.9,871.0,600.0,28.1,48.2,3.1,5.1
2026-08-14T13:35,,0.0,,,,,,,
2026-08-14T13:40,101.6,0.0,1012.6,874.4,600.0,28.4,46.3,3.4,5.5
2026-08-14T13:45,,0.0,,,,,,,
2026-08-14T13:50,100.3,0.0,1012.4,874.5,599.0,28.7,45.0,3.0,5.3
2026-08-14T13:55,,0.0,,,,,,,
2026-08-14T14:00,99.6,0.0,1012.2,877.0,600.0,28.8,43.7,3.1,4.6
2026-08-14T14:05,,0.0,,,,,,,
2026-08-14T14:10,98.0,0.0,1012.0,874.7,600.0,29.1,42.7,2.5,4.9
2026-08-14T14:15,,0.0,,,,,,,
2026-08-14T14:20,94.5,0.0,1011.7,861.0,600.0,29.4,41.6,2.4,5.1
2026-08-14T14:25,,0.0,,,,,,,
2026-08-14T14:30,91.7,0.0,1011.6,851.6,600.0,29.6,40.5,2.0,4.5
2026-08-14T14:35,,0.0,,,,,,,
2026-08-14T14:40,69.8,0.0,1011.4,840.1,600.0,29.7,39.4,1.9,5.9
2026-08-14T14:45,,0.0,,,,,,,
2026-08-14T14:50,91.8,0.0,1011.2,831.2,599.0,29.9,38.5,2.2,4.7
2026-08-14T14:55,,0.0,,,,,,,
2026-08-14T15:00,77.9,0.0,1011.1,821.8,600.0,30.0,37.2,1.9,4.2
2026-08-14T15:05,,0.0,,,,,,,
2026-08-14T15:10,61.2,0.0,1011.0,810.7,600.0,30.1,35.5,2.6,6.0
2026-08-14T15:15,,0.0,,,,,,,
2026-08-14T15:20,79.7,0.0,1010.8,787.6,600.0,30.3,35.2,1.9,4.4
2026-08-14T15:25,,0.0,,,,,,,
2026-08-14T15:30,68.0,0.0,1010.6,766.0,600.0,30.4,34.7,2.0,5.7
2026-08-14T15:35,,0.0,,,,,,,
2026-08-14T15:40,83.7,0.0,1010.4,750.8,600.0,30.6,34.9,1.8,4.3
2026-08-14T15:45,,0.0,,,,,,,
2026-08-14T15:50,91.4,0.0,1010.3,721.7,600.0,30.5,34.6,2.1,4.1
2026-08-14T15:55,,0.0,,,,,,,
2026-08-14T16:00,79.9,0.0,1010.2,703.8,600.0,30.5,33.9,1.8,3.9
2026-08-14T16:05,,0.0,,,,,,,
2026-08-14T16:10,85.9,0.0,1010.1,688.2,600.0,30.7,33.0,1.8,4.2
2026-08-14T16:15,,0.0,,,,,,,
2026-08-14T16:20,64.0,0.0,1010.0,666.6,600.0,30.7,32.5,1.7,4.1
2026-08-14T16:25,,0.0,,,,,,,
2026-08-14T16:30,74.4,0.0,1009.9,649.1,600.0,30.8,32.3,1.5,5.4
2026-08-14T16:35,,0.0,,,,,,,
2026-08-14T16:40,54.4,0.0,1009.8,616.3,600.0,30.6,31.8,3.0,5.8
2026-08-14T16:45,,0.0,,,,,,,
2026-08-14T16:50,65.3,0.0,1009.7,578.3,600.0,30.6,32.0,1.8,4.3
2026-08-14T16:55,,0.0,,,,,,,
2026-08-14T17:00,66.7,0.0,1009.7,556.0,600.0,30.6,32.1,1.7,4.2
2026-08-14T17:05,,0.0,,,,,,,
2026-08-14T17:10,67.8,0.0,1009.6,528.6,600.0,30.6,31.6,1.7,4.7
2026-08-14T17:15,,0.0,,,,,,,
2026-08-14T17:20,62.4,0.0,1009.6,496.5,600.0,30.6,31.8,1.9,4.8
2026-08-14T17:25,,0.0,,,,,,,
2026-08-14T17:30,75.8,0.0,1009.5,466.6,600.0,30.5,31.6,1.8,4.5
2026-08-14T17:35,,0.0,,,,,,,
2026-08-14T17:40,65.3,0.0,1009.5,432.8,600.0,30.4,32.7,1.4,3.3
2026-08-14T17:45,,0.0,,,,,,,
2026-08-14T17:50,50.9,0.0,1009.5,401.0,600.0,30.1,33.4,2.8,4.7
2026-08-14T17:55,,0.0,,,,,,,
2026-08-14T18:00,68.8,0.0,1009.5,370.4,600.0,30.1,33.2,1.4,3.3
2026-08-14T18:05,,0.0,,,,,,,
2026-08-14T18:10,69.7,0.0,1009.5,258.0,151.0,29.9,34.3,1.0,2.5
2026-08-14T18:15,,0.0,,,,,,,
2026-08-14T18:20,340.6,0.0,1009.7,298.1,0.0,29.4,38.3,0.9,1.6
2026-08-14T18:25,,0.0,,,,,,,
2026-08-14T18:30,354.0,0.0,1010.1,267.4,152.0,28.6,39.0,1.5,2.8
2026-08-14T18:35,,0.0,,,,,,,
2026-08-14T18:40,336.2,0.0,1010.5,223.5,590.0,27.8,42.6,1.5,2.4
2026-08-14T18:45,,0.0,,,,,,,
2026-08-14T18:50,250.1,0.0,1010.7,203.8,600.0,27.4,44.2,0.4,2.5
2026-08-14T18:55,,0.0,,,,,,,
2026-08-14T19:00,349.2,0.0,1011.1,75.0,189.0,26.7,44.8,0.9,1.8
2026-08-14T19:05,,0.0,,,,,,,
2026-08-14T19:10,344.0,0.0,1011.4,36.6,0.0,26.2,45.1,1.2,2.5
2026-08-14T19:15,,0.0,,,,,,,
2026-08-14T19:20,356.9,0.0,1011.5,32.8,0.0,26.4,42.7,1.1,2.8
2026-08-14T19:25,,0.0,,,,,,,
2026-08-14T19:30,359.3,0.0,1011.8,29.2,0.0,25.8,45.5,1.2,2.0
2026-08-14T19:35,,0.0,,,,,,,
2026-08-14T19:40,345.7,0.0,1012.0,24.0,0.0,25.5,46.0,1.7,2.9
2026-08-14T19:45,,0.0,,,,,,,
2026-08-14T19:50,316.0,0.0,1012.3,19.1,0.0,25.1,47.6,1.3,2.8
2026-08-14T19:55,,0.0,,,,,,,
2026-08-14T20:00,310.4,0.0,1012.6,14.1,0.0,24.6,50.1,1.0,2.2
2026-08-14T20:05,,0.0,,,,,,,
2026-08-14T20:10,276.2,0.0,1012.9,9.1,0.0,24.2,52.2,1.0,2.1
2026-08-14T20:15,,0.0,,,,,,,
2026-08-14T20:20,276.7,0.0,1013.1,4.6,0.0,23.9,53.6,0.8,1.8
2026-08-14T20:25,,0.0,,,,,,,
2026-08-14T20:30,247.7,0.0,1013.2,1.0,0.0,24.0,54.8,1.6,3.4
2026-08-14T20:35,,0.0,,,,,,,
2026-08-14T20:40,219.2,0.0,1013.3,0.0,0.0,23.7,57.1,2.5,4.6
2026-08-14T20:45,,0.0,,,,,,,
2026-08-14T20:50,245.4,0.0,1013.6,0.0,0.0,23.3,58.4,1.3,3.1
2026-08-14T20:55,,0.0,,,,,,,
2026-08-14T21:00,298.1,0.0,1014.1,0.0,0.0,22.6,59.6,1.7,2.4
2026-08-14T21:05,,0.0,,,,,,,
2026-08-14T21:10,268.1,0.0,1014.4,0.0,0.0,22.4,59.2,1.5,2.2
2026-08-14T21:15,,0.0,,,,,,,
2026-08-14T21:20,286.6,0.0,1014.7,0.0,0.0,22.2,60.7,1.1,1.9
2026-08-14T21:25,,0.0,,,,,,,
2026-08-14T21:30,316.1,0.0,1015.2,0.0,0.0,21.6,61.9,1.3,2.2
2026-08-14T21:35,,0.0,,,,,,,
2026-08-14T21:40,285.8,0.0,1015.5,0.0,0.0,21.2,65.3,1.0,1.6
2026-08-14T21:45,,0.0,,,,,,,
2026-08-14T21:50,291.4,0.0,1015.7,0.0,0.0,21.2,65.2,0.9,1.4
2026-08-14T21:55,,0.0,,,,,,,
2026-08-14T22:00,261.6,0.0,1015.8,0.0,0.0,21.2,68.5,1.2,1.8
2026-08-14T22:05,,0.0,,,,,,,
2026-08-14T22:10,274.6,0.0,1016.0,0.0,0.0,20.9,69.7,1.5,2.6
2026-08-14T22:15,,0.0,,,,,,,
2026-08-14T22:20,252.8,0.0,1016.3,0.0,0.0,20.4,77.7,2.2,2.8
2026-08-14T22:25,,0.0,,,,,,,
2026-08-14T22:30,247.1,0.0,1016.5,0.0,0.0,20.2,79.2,2.5,3.4
2026-08-14T22:35,,0.0,,,,,,,
2026-08-14T22:40,242.0,0.0,1016.7,0.0,0.0,19.9,83.1,2.7,3.9
2026-08-14T22:45,,0.0,,,,,,,
2026-08-14T22:50,252.3,0.0,1016.8,0.0,0.0,19.8,82.6,2.7,3.5
2026-08-14T22:55,,0.0,,,,,,,
2026-08-14T23:00,242.0,0.0,1016.8,0.0,0.0,19.7,84.4,2.9,3.9
2026-08-14T23:05,,0.0,,,,,,,
2026-08-14T23:10,244.2,0.0,1016.9,0.0,0.0,19.6,83.8,3.3,4.0
2026-08-14T23:15,,0.0,,,,,,,
2026-08-14T23:20,239.6,0.0,1017.1,0.0,0.0,19.5,86.1,3.2,4.0
2026-08-14T23:25,,0.0,,,,,,,
2026-08-14T23:30,262.9,0.0,1017.2,0.0,0.0,19.5,82.1,2.5,3.3
2026-08-14T23:35,,0.0,,,,,,,
2026-08-14T23:40,266.2,0.0,1017.2,0.0,0.0,19.4,81.4,2.3,3.3
2026-08-14T23:45,,0.0,,,,,,,
2026-08-14T23:50,262.9,0.0,1017.3,0.0,0.0,19.4,82.2,1.9,2.8
2026-08-14T23:55,,0.0,,,,,,,
2026-08-15T00:00,256.7,0.0,1017.4,0.0,0.0,19.3,82.2,1.9,2.4
2026-08-15T00:05,,0.0,,,,,,,
2026-08-15T00:10,271.9,0.0,1017.4,0.0,0.0,19.3,80.5,1.8,2.7
2026-08-15T00:15,,0.0,,,,,,,
2026-08-15T00:20,271.5,0.0,1017.5,0.0,0.0,19.2,79.9,1.3,1.7
2026-08-15T00:25,,0.0,,,,,,,
2026-08-15T00:30,268.9,0.0,1017.4,0.0,0.0,19.2,80.3,1.0,1.7
2026-08-15T00:35,,0.0,,,,,,,
2026-08-15T00:40,258.7,0.0,1017.3,0.0,0.0,19.4,78.4,1.7,2.2
2026-08-15T00:45,,0.0,,,,,,,
2026-08-15T00:50,265.1,0.0,1017.4,0.0,0.0,19.2,81.5,1.3,1.7
2026-08-15T00:55,,0.0,,,,,,,
2026-08-15T01:00,247.4,0.0,1017.5,0.0,0.0,19.0,81.8,1.6,2.3
2026-08-15T01:05,,0.0,,,,,,,
2026-08-15T01:10,245.6,0.0,1017.6,0.0,0.0,18.8,86.9,2.2,3.6
2026-08-15T01:15,,0.0,,,,,,,
2026-08-15T01:20,259.9,0.0,1017.8,0.0,0.0,18.5,88.3,2.5,3.5
2026-08-15T01:25,,0.0,,,,,,,
2026-08-15T01:30,252.1,0.0,1017.8,0.0,0.0,18.5,87.1,2.7,3.4
2026-08-15T01:35,,0.0,,,,,,,
2026-08-15T01:40,259.1,0.0,1017.9,0.0,0.0,18.4,90.0,2.4,2.9
2026-08-15T01:45,,0.0,,,,,,,
2026-08-15T01:50,265.0,0.0,1017.9,0.0,0.0,18.4,86.4,2.1,3.3
2026-08-15T01:55,,0.0,,,,,,,
2026-08-15T02:00,252.7,0.0,1017.9,0.0,0.0,18.3,90.4,2.5,3.4
2026-08-15T02:05,,0.0,,,,,,,
2026-08-15T02:10,257.8,0.0,1017.9,0.0,0.0,18.1,92.7,2.1,2.6
2026-08-15T02:15,,0.0,,,,,,,
2026-08-15T02:20,253.3,0.0,1017.9,0.0,0.0,18.2,91.1,3.0,3.7
2026-08-15T02:25,,0.0,,,,,,,
2026-08-15T02:30,253.3,0.0,1017.9,0.0,0.0,18.3,92.1,2.6,3.3
2026-08-15T02:35,,0.0,,,,,,,
2026-08-15T02:40,246.5,0.0,1017.8,0.0,0.0,18.4,91.0,3.2,4.0
2026-08-15T02:45,,0.0,,,,,,,
2026-08-15T02:50,261.8,0.0,1017.7,0.0,0.0,18.2,91.5,2.0,3.2
2026-08-15T02:55,,0.0,,,,,,,
2026-08-15T03:00,252.3,0.0,1017.7,0.0,0.0,18.1,91.7,2.6,3.7
2026-08-15T03:05,,0.0,,,,,,,
2026-08-15T03:10,243.6,0.0,1017.7,0.0,0.0,18.2,91.9,3.4,4.8
2026-08-15T03:15,,0.0,,,,,,,
2026-08-15T03:20,240.4,0.0,1017.8,0.0,0.0,18.1,93.1,3.8,4.6
2026-08-15T03:25,,0.0,,,,,,,
2026-08-15T03:30,242.6,0.0,1017.7,0.0,0.0,18.2,90.8,2.5,4.0
2026-08-15T03:35,,0.0,,,,,,,
2026-08-15T03:40,253.5,0.0,1017.8,0.0,0.0,18.0,92.7,2.3,3.3
2026-08-15T03:45,,0.0,,,,,,,
2026-08-15T03:50,263.1,0.0,1017.8,0.0,0.0,18.0,89.9,1.8,2.5
2026-08-15T03:55,,0.0,,,,,,,
2026-08-15T04:00,249.4,0.0,1017.7,0.0,0.0,18.0,91.2,1.9,2.7
2026-08-15T04:05,,0.0,,,,,,,
2026-08-15T04:10,250.9,0.0,1017.8,0.0,0.0,17.8,93.4,2.8,3.5
2026-08-15T04:15,,0.0,,,,,,,
2026-08-15T04:20,262.6,0.0,1017.9,0.0,0.0,17.5,94.2,2.6,3.5
2026-08-15T04:25,,0.0,,,,,,,
2026-08-15T04:30,256.0,0.0,1018.0,0.0,0.0,17.4,95.2,2.3,3.0
2026-08-15T04:35,,0.0,,,,,,,
2026-08-15T04:40,265.5,0.0,1018.0,0.0,0.0,17.5,92.2,2.5,3.2
2026-08-15T04:45,,0.0,,,,,,,
2026-08-15T04:50,253.0,0.0,1018.0,0.0,0.0,17.5,93.4,2.2,2.9
2026-08-15T04:55,,0.0,,,,,,,
2026-08-15T05:00,254.3,0.0,1018.0,0.0,0.0,17.3,95.8,2.3,3.0
2026-08-15T05:05,,0.0,,,,,,,
2026-08-15T05:10,257.6,0.0,1018.1,0.0,0.0,17.1,99.4,2.2,2.8
2026-08-15T05:15,,0.0,,,,,,,
2026-08-15T05:20,254.3,0.0,1018.1,0.0,0.0,17.0,99.1,2.4,3.1
2026-08-15T05:25,,0.0,,,,,,,
2026-08-15T05:30,261.1,0.0,1018.1,0.0,0.0,16.9,99.7,2.4,3.3
2026-08-15T05:35,,0.0,,,,,,,
2026-08-15T05:40,245.4,0.0,1018.0,0.0,0.0,17.0,99.4,2.5,3.7
2026-08-15T05:45,,0.0,,,,,,,
2026-08-15T05:50,244.3,0.0,1018.0,0.0,0.0,17.0,100.0,3.3,4.1
2026-08-15T05:55,,0.0,,,,,,,
2026-08-15T06:00,255.2,0.0,1018.0,0.0,0.0,16.8,100.0,2.8,3.8
2026-08-15T06:05,,0.0,,,,,,,
2026-08-15T06:10,258.9,0.0,1018.1,0.0,0.0,16.8,100.0,2.9,3.7
2026-08-15T06:15,,0.0,,,,,,,
2026-08-15T06:20,254.5,0.0,1018.0,1.4,0.0,16.8,99.8,2.2,2.9
2026-08-15T06:25,,0.0,,,,,,,
2026-08-15T06:30,245.9,0.0,1018.0,5.8,0.0,16.9,99.9,3.0,4.0
2026-08-15T06:35,,0.0,,,,,,,
2026-08-15T06:40,246.7,0.0,1018.0,11.1,0.0,16.8,100.0,2.9,3.8
2026-08-15T06:45,,0.0,,,,,,,
2026-08-15T06:50,245.9,0.0,1018.0,16.9,0.0,16.9,99.7,3.1,4.3
2026-08-15T06:55,,0.0,,,,,,,
2026-08-15T07:00,254.2,0.0,1017.9,22.3,0.0,16.9,100.0,2.7,3.5
2026-08-15T07:05,,0.0,,,,,,,
2026-08-15T07:10,250.0,0.0,1017.8,27.5,0.0,17.0,99.7,2.6,3.6
2026-08-15T07:15,,0.0,,,,,,,
2026-08-15T07:20,235.7,0.0,1017.7,32.5,0.0,17.3,98.4,3.8,4.4
2026-08-15T07:25,,0.0,,,,,,,
2026-08-15T07:30,236.1,0.0,1017.6,37.2,0.0,17.5,96.0,3.7,4.0
2026-08-15T07:35,,0.0,,,,,,,
2026-08-15T07:40,236.7,0.0,1017.4,41.8,0.0,17.7,96.3,3.4,4.0
2026-08-15T07:45,,0.0,,,,,,,
2026-08-15T07:50,238.0,0.0,1017.2,45.2,0.0,18.0,94.6,3.1,3.9
2026-08-15T07:55,,0.0,,,,,,,
2026-08-15T08:00,230.5,0.0,1017.1,48.9,0.0,18.1,95.2,3.1,3.6
2026-08-15T08:05,,0.0,,,,,,,
2026-08-15T08:10,241.5,0.0,1017.0,52.0,0.0,18.3,94.4,2.7,3.4
2026-08-15T08:15,,0.0,,,,,,,
2026-08-15T08:20,240.2,0.0,1016.8,55.6,0.0,18.6,92.8,2.4,3.2
2026-08-15T08:25,,0.0,,,,,,,
2026-08-15T08:30,245.0,0.0,1016.6,62.2,0.0,19.0,91.3,1.8,2.5
2026-08-15T08:35,,0.0,,,,,,,
2026-08-15T08:40,241.7,0.0,1016.4,198.1,93.0,19.3,88.7,1.3,2.1
2026-08-15T08:45,,0.0,,,,,,,
2026-08-15T08:50,255.1,0.0,1016.2,120.9,41.0,19.6,82.6,0.9,1.8
2026-08-15T08:55,,0.0,,,,,,,
2026-08-15T09:00,145.8,0.0,1016.0,258.9,499.0,20.2,79.5,0.4,1.5
2026-08-15T09:05,,0.0,,,,,,,
2026-08-15T09:10,87.5,0.0,1015.7,426.0,600.0,20.7,77.6,1.1,2.2
2026-08-15T09:15,,0.0,,,,,,,
2026-08-15T09:20,89.0,0.0,1015.6,456.8,600.0,21.0,76.2,1.0,2.5
2026-08-15T09:25,,0.0,,,,,,,
2026-08-15T09:30,86.9,0.0,1015.4,487.5,600.0,21.2,75.7,1.1,3.0
2026-08-15T09:35,,0.0,,,,,,,
2026-08-15T09:40,83.5,0.0,1015.2,517.1,600.0,21.4,74.3,1.1,2.4
2026-08-15T09:45,,0.0,,,,,,,
2026-08-15T09:50,69.4,0.0,1015.1,545.4,599.0,21.7,72.8,1.3,3.1
2026-08-15T09:55,,0.0,,,,,,,
2026-08-15T10:00,90.3,0.0,1014.9,572.9,600.0,22.0,71.3,1.5,3.3
2026-08-15T10:05,,0.0,,,,,,,
2026-08-15T10:10,88.8,0.0,1014.7,599.4,600.0,22.4,69.2,1.3,3.3
2026-08-15T10:15,,0.0,,,,,,,
2026-08-15T10:20,87.8,0.0,1014.4,625.4,600.0,22.7,67.6,1.4,2.7
2026-08-15T10:25,,0.0,,,,,,,
2026-08-15T10:30,96.7,0.0,1014.2,650.8,600.0,22.9,66.1,1.8,3.3
2026-08-15T10:35,,0.0,,,,,,,
2026-08-15T10:40,97.1,0.0,1013.9,676.2,600.0,23.3,64.2,1.9,3.5
2026-08-15T10:45,,0.0,,,,,,,
2026-08-15T10:50,92.2,0.0,1013.7,698.4,600.0,23.8,63.3,1.5,3.4
2026-08-15T10:55,,0.0,,,,,,,
2026-08-15T11:00,99.6,0.0,1013.4,719.9,600.0,24.1,61.4,2.1,3.7
2026-08-15T11:05,,0.0,,,,,,,
2026-08-15T11:10,96.7,0.0,1013.1,738.6,600.0,24.5,60.8,1.8,4.0
2026-08-15T11:15,,0.0,,,,,,,
2026-08-15T11:20,84.1,0.0,1012.7,751.2,599.0,25.0,59.1,1.2,3.4
2026-08-15T11:25,,0.0,,,,,,,
2026-08-15T11:30,66.4,0.0,1012.5,767.4,600.0,25.1,57.6,1.5,3.2
2026-08-15T11:35,,0.0,,,,,,,
2026-08-15T11:40,82.7,0.0,1012.3,784.5,600.0,25.4,56.1,1.5,3.1
2026-08-15T11:45,,0.0,,,,,,,
2026-08-15T11:50,87.2,0.0,1012.1,795.1,599.0,25.7,54.3,1.9,4.3
2026-08-15T11:55,,0.0,,,,,,,
2026-08-15T12:00,80.6,0.0,1011.9,806.7,600.0,26.1,53.4,1.4,3.8
2026-08-15T12:05,,0.0,,,,,,,
2026-08-15T12:10,76.2,0.0,1011.8,818.4,600.0,26.2,53.1,1.6,3.8
2026-08-15T12:15,,0.0,,,,,,,
2026-08-15T12:20,90.7,0.0,1011.5,829.1,600.0,26.6,52.2,1.9,3.6
2026-08-15T12:25,,0.0,,,,,,,
2026-08-15T12:30,95.8,0.0,1011.3,836.5,600.0,26.7,50.9,2.2,4.4
2026-08-15T12:35,,0.0,,,,,,,
2026-08-15T12:40,81.7,0.0,1011.0,849.6,600.0,27.2,50.7,1.4,3.3
2026-08-15T12:45,,0.0,,,,,,,
2026-08-15T12:50,86.6,0.0,1010.8,871.1,600.0,27.5,49.7,1.9,4.1
2026-08-15T12:55,,0.0,,,,,,,
2026-08-15T13:00,85.9,0.0,1010.5,899.7,600.0,27.8,49.0,1.7,3.5
2026-08-15T13:05,,0.0,,,,,,,
2026-08-15T13:10,95.4,0.0,1010.3,927.0,600.0,28.1,47.6,2.1,4.4
2026-08-15T13:15,,0.0,,,,,,,
2026-08-15T13:20,100.4,0.0,1010.2,646.5,515.0,28.2,46.8,2.6,5.3
2026-08-15T13:25,,0.0,,,,,,,
2026-08-15T13:30,100.7,0.0,1010.6,161.1,91.0,27.1,49.1,2.2,4.1
2026-08-15T13:35,,0.0,,,,,,,
2026-08-15T13:40,105.4,0.0,1010.8,104.2,0.0,26.6,50.8,1.4,3.2
2026-08-15T13:45,,0.0,,,,,,,
2026-08-15T13:50,206.8,0.0,1011.3,95.0,0.0,26.0,52.0,1.6,8.7
2026-08-15T13:55,,0.0,,,,,,,
2026-08-15T14:00,244.2,0.0,1012.3,97.6,0.0,24.3,61.0,10.9,13.7
2026-08-15T14:05,,0.0,,,,,,,
2026-08-15T14:10,245.9,0.0,1013.4,89.7,0.0,22.3,74.7,11.0,13.4
2026-08-15T14:15,,0.0,,,,,,,
2026-08-15T14:20,247.8,0.0,1014.1,84.2,0.0,21.5,71.4,10.9,14.0
2026-08-15T14:25,,0.0,,,,,,,
2026-08-15T14:30,242.7,0.0,1015.1,85.2,0.0,19.9,78.5,12.1,13.5
2026-08-15T14:35,,0.0,,,,,,,
2026-08-15T14:40,250.8,0.0,1015.4,97.2,0.0,19.6,79.9,9.4,12.6
2026-08-15T14:45,,0.0,,,,,,,
2026-08-15T14:50,255.5,0.0,1015.4,123.0,0.0,19.7,75.2,6.8,9.1
2026-08-15T14:55,,0.0,,,,,,,
2026-08-15T15:00,241.9,0.0,1015.3,126.9,0.0,19.3,81.9,8.4,11.4
2026-08-15T15:05,,0.0,,,,,,,
2026-08-15T15:10,240.1,0.0,1015.0,155.8,0.0,19.0,84.0,10.8,13.2
2026-08-15T15:15,,0.0,,,,,,,
2026-08-15T15:20,250.5,0.0,1014.7,210.6,0.0,19.4,79.0,10.2,12.6
2026-08-15T15:25,,0.0,,,,,,,
2026-08-15T15:30,256.9,0.0,1014.3,260.7,0.0,19.8,75.8,9.7,11.8
2026-08-15T15:35,,0.0,,,,,,,
2026-08-15T15:40,248.9,0.0,1013.8,302.3,0.0,20.8,69.4,8.4,11.7
2026-08-15T15:45,,0.0,,,,,,,
2026-08-15T15:50,222.9,0.0,1013.2,532.7,588.0,21.7,72.5,8.4,9.8
2026-08-15T15:55,,0.0,,,,,,,
2026-08-15T16:00,240.8,0.0,1013.0,303.6,232.0,22.0,71.1,7.8,9.9
2026-08-15T16:05,,0.0,,,,,,,
2026-08-15T16:10,247.4,0.0,1013.0,321.1,600.0,22.1,68.7,6.8,8.5
2026-08-15T16:15,,0.0,,,,,,,
2026-08-15T16:20,236.3,0.0,1012.8,376.4,600.0,22.3,70.9,6.7,8.2
2026-08-15T16:25,,0.0,,,,,,,
2026-08-15T16:30,238.6,0.0,1012.8,272.1,126.0,22.3,71.1,7.3,8.5
2026-08-15T16:35,,0.0,,,,,,,
2026-08-15T16:40,238.6,0.0,1013.0,205.2,0.0,22.0,74.6,7.5,9.4
2026-08-15T16:45,,0.0,,,,,,,
2026-08-15T16:50,238.3,0.0,1013.0,162.9,0.0,21.8,77.3,6.4,7.3
2026-08-15T16:55,,0.0,,,,,,,
2026-08-15T17:00,233.4,0.0,1013.0,142.5,0.0,21.6,77.5,7.5,8.4
2026-08-15T17:05,,0.0,,,,,,,
2026-08-15T17:10,230.5,0.0,1013.0,160.7,0.0,21.5,77.7,7.1,8.5
2026-08-15T17:15,,0.0,,,,,,,
2026-08-15T17:20,225.0,0.0,1012.7,159.6,0.0,21.6,77.2,4.8,6.7
2026-08-15T17:25,,0.0,,,,,,,
2026-08-15T17:30,241.7,0.0,1012.6,273.0,389.0,22.0,66.9,6.4,8.5
2026-08-15T17:35,,0.0,,,,,,,
2026-08-15T17:40,228.3,0.0,1012.1,272.7,251.0,22.5,67.2,3.5,5.6
2026-08-15T17:45,,0.0,,,,,,,
2026-08-15T17:50,240.8,0.0,1012.1,215.7,223.0,22.4,68.6,3.8,4.6
2026-08-15T17:55,,0.0,,,,,,,
2026-08-15T18:00,217.4,0.0,1011.8,411.0,600.0,22.9,71.7,4.5,5.6
2026-08-15T18:05,,0.0,,,,,,,
2026-08-15T18:10,234.0,0.0,1011.7,273.2,310.0,22.9,71.7,4.9,5.5
2026-08-15T18:15,,0.0,,,,,,,
2026-08-15T18:20,245.2,0.0,1011.8,269.1,0.0,22.9,70.1,4.7,5.7
2026-08-15T18:25,,0.0,,,,,,,
2026-08-15T18:30,232.0,0.0,1011.8,163.5,0.0,22.9,67.7,4.9,7.3
2026-08-15T18:35,,0.0,,,,,,,
2026-08-15T18:40,231.2,0.0,1012.2,52.9,0.0,22.0,72.8,6.8,7.9
2026-08-15T18:45,,0.0,,,,,,,
2026-08-15T18:50,243.7,0.0,1012.5,45.1,0.0,21.4,71.2,5.6,7.2
2026-08-15T18:55,,0.0,,,,,,,
2026-08-15T19:00,231.1,0.0,1012.6,45.8,0.0,21.4,68.7,6.2,7.7
2026-08-15T19:05,,0.0,,,,,,,
2026-08-15T19:10,240.8,0.0,1012.8,51.1,0.0,21.0,68.5,6.3,7.9
2026-08-15T19:15,,0.0,,,,,,,
2026-08-15T19:20,242.9,0.0,1012.9,51.4,0.0,21.0,66.9,5.9,7.5
2026-08-15T19:25,,0.0,,,,,,,
2026-08-15T19:30,244.1,0.0,1013.0,42.1,0.0,21.3,61.4,5.3,7.3
2026-08-15T19:35,,0.0,,,,,,,
2026-08-15T19:40,235.6,0.0,1013.1,32.0,0.0,21.2,64.9,5.4,6.6
2026-08-15T19:45,,0.0,,,,,,,
2026-08-15T19:50,236.0,0.0,1013.2,24.1,0.0,20.9,67.0,4.7,5.9
2026-08-15T19:55,,0.0,,,,,,,
2026-08-15T20:00,232.7,0.0,1013.3,18.3,0.0,20.7,67.7,5.9,7.0
2026-08-15T20:05,,0.0,,,,,,,
2026-08-15T20:10,237.3,0.0,1013.3,9.9,0.0,21.0,64.7,5.5,6.8
2026-08-15T20:15,,0.0,,,,,,,
2026-08-15T20:20,228.0,0.0,1013.3,3.2,0.0,20.8,66.6,5.2,7.2
2026-08-15T20:25,,0.0,,,,,,,
2026-08-15T20:30,232.7,0.0,1013.4,0.0,0.0,20.7,68.5,6.2,7.5
2026-08-15T20:35,,0.0,,,,,,,
2026-08-15T20:40,239.8,0.0,1013.7,0.0,0.0,20.4,69.1,6.2,7.3
2026-08-15T20:45,,0.0,,,,,,,
2026-08-15T20:50,246.5,0.0,1013.9,0.0,0.0,20.6,64.4,5.2,7.9
2026-08-15T20:55,,0.0,,,,,,,
2026-08-15T21:00,225.1,0.0,1013.8,0.0,0.0,21.0,64.2,5.2,7.1
2026-08-15T21:05,,0.0,,,,,,,
2026-08-15T21:10,228.6,0.0,1013.9,0.0,0.0,21.2,62.5,5.8,7.2
2026-08-15T21:15,,0.0,,,,,,,
2026-08-15T21:20,229.2,0.0,1013.8,0.0,0.0,21.5,57.4,3.2,5.6
2026-08-15T21:25,,0.0,,,,,,,
2026-08-15T21:30,210.5,0.0,1014.3,0.0,0.0,20.5,67.2,1.3,2.7
2026-08-15T21:35,,0.0,,,,,,,
2026-08-15T21:40,252.3,0.0,1014.7,0.0,0.0,20.0,70.3,1.6,2.7
2026-08-15T21:45,,0.0,,,,,,,
2026-08-15T21:50,232.5,0.0,1014.9,0.0,0.0,20.2,69.4,3.2,4.5
2026-08-15T21:55,,0.0,,,,,,,
2026-08-15T22:00,218.0,0.0,1014.9,0.0,0.0,20.4,67.7,4.5,5.7
2026-08-15T22:05,,0.0,,,,,,,
2026-08-15T22:10,227.6,0.0,1015.0,0.0,0.0,20.3,68.2,2.6,4.6
2026-08-15T22:15,,0.0,,,,,,,
2026-08-15T22:20,248.2,0.0,1015.1,0.0,0.0,19.9,70.7,1.9,4.0
2026-08-15T22:25,,0.0,,,,,,,
2026-08-15T22:30,254.0,0.0,1015.2,0.0,0.0,19.9,69.8,2.1,3.8
2026-08-15T22:35,,0.0,,,,,,,
2026-08-15T22:40,258.4,0.0,1015.3,0.0,0.0,19.8,70.3,1.4,2.1
2026-08-15T22:45,,0.0,,,,,,,
2026-08-15T22:50,238.9,0.0,1015.4,0.0,0.0,19.6,72.7,3.3,4.9
2026-08-15T22:55,,0.0,,,,,,,
2026-08-15T23:00,287.9,0.0,1015.6,0.0,0.0,19.4,70.6,1.5,3.2
2026-08-15T23:05,,0.0,,,,,,,
2026-08-15T23:10,240.1,0.0,1015.5,0.0,0.0,19.6,73.3,1.6,3.1
2026-08-15T23:15,,0.0,,,,,,,
2026-08-15T23:20,236.0,0.0,1015.7,0.0,0.0,19.4,74.2,3.4,5.3
2026-08-15T23:25,,0.0,,,,,,,
2026-08-15T23:30,219.1,0.0,1015.7,0.0,0.0,19.5,72.0,3.2,5.7
2026-08-15T23:35,,0.0,,,,,,,
2026-08-15T23:40,223.3,0.0,1015.9,0.0,0.0,19.3,72.4,3.8,5.1
2026-08-15T23:45,,0.0,,,,,,,
2026-08-15T23:50,228.1,0.0,1015.9,0.0,0.0,19.0,73.9,4.3,5.3
2026-08-15T23:55,,0.0,,,,,,,
2026-08-16T00:00,228.8,0.0,1016.1,0.0,0.0,18.8,73.9,4.4,5.9
2026-08-16T00:05,,0.0,,,,,,,
2026-08-16T00:10,229.9,0.0,1016.2,0.0,0.0,18.7,73.5,3.9,4.8
2026-08-16T00:15,,0.0,,,,,,,
2026-08-16T00:20,237.1,0.0,1016.2,0.0,0.0,18.7,72.2,3.5,4.7
2026-08-16T00:25,,0.0,,,,,,,
2026-08-16T00:30,226.4,0.0,1016.3,0.0,0.0,18.6,74.1,3.7,4.8
2026-08-16T00:35,,0.0,,,,,,,
2026-08-16T00:40,223.6,0.0,1016.3,0.0,0.0,18.5,74.0,4.3,5.2
2026-08-16T00:45,,0.0,,,,,,,
2026-08-16T00:50,219.7,0.0,1016.5,0.0,0.0,18.4,74.0,3.9,4.8
2026-08-16T00:55,,0.0,,,,,,,
2026-08-16T01:00,235.6,0.0,1016.5,0.0,0.0,18.2,73.0,3.4,4.3
2026-08-16T01:05,,0.0,,,,,,,
2026-08-16T01:10,244.1,0.0,1016.6,0.0,0.0,18.0,73.4,3.0,3.9
2026-08-16T01:15,,0.0,,,,,,,
2026-08-16T01:20,244.9,0.0,1016.7,0.0,0.0,17.8,73.7,3.2,4.5
2026-08-16T01:25,,0.0,,,,,,,
2026-08-16T01:30,248.5,0.0,1016.8,0.0,0.0,17.6,75.9,3.3,4.4
2026-08-16T01:35,,0.0,,,,,,,
2026-08-16T01:40,248.9,0.0,1016.9,0.0,0.0,17.3,77.6,3.2,5.0
2026-08-16T01:45,,0.0,,,,,,,
2026-08-16T01:50,248.7,0.0,1016.9,0.0,0.0,17.2,78.3,3.4,5.0
2026-08-16T01:55,,0.0,,,,,,,
2026-08-16T02:00,232.7,0.0,1016.9,0.0,0.0,17.3,78.9,4.5,5.2
2026-08-16T02:05,,0.0,,,,,,,
2026-08-16T02:10,242.2,0.0,1016.9,0.0,0.0,17.3,78.6,4.0,4.9
2026-08-16T02:15,,0.0,,,,,,,
2026-08-16T02:20,249.4,0.0,1017.0,0.0,0.0,17.0,79.5,3.4,4.3
2026-08-16T02:25,,0.0,,,,,,,
2026-08-16T02:30,246.1,0.0,1017.0,0.0,0.0,16.8,80.9,3.7,5.0
2026-08-16T02:35,,0.0,,,,,,,
2026-08-16T02:40,242.3,0.0,1016.9,0.0,0.0,16.9,79.2,4.0,5.1
2026-08-16T02:45,,0.0,,,,,,,
2026-08-16T02:50,243.0,0.0,1016.7,0.0,0.0,16.8,79.6,3.7,4.6
2026-08-16T02:55,,0.0,,,,,,,
2026-08-16T03:00,241.9,0.0,1016.8,0.0,0.0,16.6,81.1,4.1,4.8
2026-08-16T03:05,,0.0,,,,,,,
2026-08-16T03:10,239.1,0.0,1016.7,0.0,0.0,16.6,82.3,4.0,4.8
2026-08-16T03:15,,0.0,,,,,,,
2026-08-16T03:20,246.7,0.0,1016.7,0.0,0.0,16.4,83.1,3.4,4.3
2026-08-16T03:25,,0.0,,,,,,,
2026-08-16T03:30,251.3,0.0,1016.8,0.0,0.0,16.4,83.3,2.2,3.9
2026-08-16T03:35,,0.0,,,,,,,
2026-08-16T03:40,264.5,0.0,1016.8,0.0,0.0,16.3,83.0,3.0,3.8
2026-08-16T03:45,,0.0,,,,,,,
2026-08-16T03:50,264.1,0.0,1017.0,0.0,0.0,16.2,80.3,1.8,2.6
2026-08-16T03:55,,0.0,,,,,,,
2026-08-16T04:00,232.9,0.0,1017.0,0.0,0.0,16.4,81.0,3.3,4.6
2026-08-16T04:05,,0.0,,,,,,,
2026-08-16T04:10,247.7,0.0,1017.0,0.0,0.0,16.2,83.9,2.8,4.0
2026-08-16T04:15,,0.0,,,,,,,
2026-08-16T04:20,252.8,0.0,1017.0,0.0,0.0,16.1,84.6,3.0,3.9
2026-08-16T04:25,,0.0,,,,,,,
2026-08-16T04:30,245.3,0.0,1017.0,0.0,0.0,15.9,86.5,3.8,4.6
2026-08-16T04:35,,0.0,,,,,,,
2026-08-16T04:40,244.9,0.0,1017.0,0.0,0.0,15.9,86.6,3.8,4.9
2026-08-16T04:45,,0.0,,,,,,,
2026-08-16T04:50,245.6,0.0,1017.0,0.0,0.0,15.8,87.1,3.9,4.8
2026-08-16T04:55,,0.0,,,,,,,
2026-08-16T05:00,239.6,0.0,1016.8,0.0,0.0,15.9,87.3,4.0,4.8
2026-08-16T05:05,,0.0,,,,,,,
2026-08-16T05:10,248.9,0.0,1016.7,0.0,0.0,15.9,87.1,3.7,4.7
2026-08-16T05:15,,0.0,,,,,,,
2026-08-16T05:20,246.5,0.0,1016.6,0.0,0.0,16.0,85.4,3.6,4.5
2026-08-16T05:25,,0.0,,,,,,,
2026-08-16T05:30,244.0,0.0,1016.6,0.0,0.0,16.2,84.1,3.8,4.9
2026-08-16T05:35,,0.0,,,,,,,
2026-08-16T05:40,234.8,0.0,1016.7,0.0,0.0,16.1,85.9,4.4,5.1
2026-08-16T05:45,,0.0,,,,,,,
2026-08-16T05:50,249.9,0.0,1016.7,0.0,0.0,16.1,84.7,3.4,4.5
2026-08-16T05:55,,0.0,,,,,,,
2026-08-16T06:00,249.2,0.0,1016.8,0.0,0.0,15.8,87.6,3.6,4.5
2026-08-16T06:05,,0.0,,,,,,,
2026-08-16T06:10,244.5,0.0,1016.8,0.0,0.0,15.9,86.1,2.6,4.1
2026-08-16T06:15,,0.0,,,,,,,
2026-08-16T06:20,243.0,0.0,1016.9,0.9,0.0,15.9,86.2,2.9,3.8
2026-08-16T06:25,,0.0,,,,,,,
2026-08-16T06:30,245.9,0.0,1016.9,4.6,0.0,15.9,85.9,3.1,4.5
2026-08-16T06:35,,0.0,,,,,,,
2026-08-16T06:40,251.5,0.0,1017.0,10.0,0.0,15.7,88.2,2.5,3.9
2026-08-16T06:45,,0.0,,,,,,,
2026-08-16T06:50,240.8,0.0,1017.0,16.2,0.0,15.8,86.0,3.2,4.1
2026-08-16T06:55,,0.0,,,,,,,
2026-08-16T07:00,251.4,0.0,1017.0,21.1,0.0,15.8,87.2,2.7,3.9
2026-08-16T07:05,,0.0,,,,,,,
2026-08-16T07:10,242.5,0.0,1016.9,26.6,0.0,15.9,87.1,3.4,5.2
2026-08-16T07:15,,0.0,,,,,,,
2026-08-16T07:20,250.7,0.0,1016.8,32.4,0.0,15.9,85.7,3.8,4.8
2026-08-16T07:25,,0.0,,,,,,,
2026-08-16T07:30,235.4,0.0,1016.7,37.5,0.0,16.3,86.7,4.4,5.2
2026-08-16T07:35,,0.0,,,,,,,
2026-08-16T07:40,215.8,0.0,1016.4,43.4,0.0,16.7,84.1,4.0,5.0
2026-08-16T07:45,,0.0,,,,,,,
2026-08-16T07:50,228.7,0.0,1016.3,48.8,0.0,16.9,83.3,3.8,4.8
2026-08-16T07:55,,0.0,,,,,,,
2026-08-16T08:00,229.4,0.0,1016.1,53.5,0.0,17.1,83.2,3.3,4.3
2026-08-16T08:05,,0.0,,,,,,,
2026-08-16T08:10,233.4,0.0,1016.0,58.2,0.0,17.3,80.5,3.1,3.9
2026-08-16T08:15,,0.0,,,,,,,
2026-08-16T08:20,244.4,0.0,1015.8,64.3,0.0,17.7,76.8,2.4,3.3
2026-08-16T08:25,,0.0,,,,,,,
2026-08-16T08:30,251.1,0.0,1015.6,76.6,0.0,18.0,74.7,2.4,3.3
2026-08-16T08:35,,0.0,,,,,,,
2026-08-16T08:40,242.1,0.0,1015.4,217.4,35.0,18.4,73.7,1.5,2.0
2026-08-16T08:45,,0.0,,,,,,,
2026-08-16T08:50,253.2,0.0,1015.1,143.5,121.0,18.8,72.1,1.6,2.1
2026-08-16T08:55,,0.0,,,,,,,
2026-08-16T09:00,226.7,0.0,1015.0,145.9,455.0,19.2,71.9,0.5,1.8
2026-08-16T09:05,,0.0,,,,,,,
2026-08-16T09:10,279.2,0.0,1015.0,383.5,600.0,19.4,66.7,0.3,0.8
2026-08-16T09:15,,0.0,,,,,,,
2026-08-16T09:20,115.4,0.0,1014.6,445.8,600.0,20.2,61.1,1.0,2.6
2026-08-16T09:25,,0.0,,,,,,,
2026-08-16T09:30,95.6,0.0,1014.4,484.9,600.0,20.8,58.7,1.2,2.3
2026-08-16T09:35,,0.0,,,,,,,
2026-08-16T09:40,100.1,0.0,1014.1,512.7,600.0,21.1,57.8,1.7,3.0
2026-08-16T09:45,,0.0,,,,,,,
2026-08-16T09:50,99.5,0.0,1013.9,535.2,600.0,21.4,57.8,1.6,2.8
2026-08-16T09:55,,0.0,,,,,,,
2026-08-16T10:00,102.4,0.0,1013.6,561.9,600.0,21.8,56.5,1.8,3.1
2026-08-16T10:05,,0.0,,,,,,,
2026-08-16T10:10,95.1,0.0,1013.4,585.4,600.0,22.1,55.5,1.3,2.8
2026-08-16T10:15,,0.0,,,,,,,
2026-08-16T10:20,88.2,0.0,1013.3,609.9,600.0,22.3,53.8,1.2,2.6
2026-08-16T10:25,,0.0,,,,,,,
2026-08-16T10:30,95.4,0.0,1013.0,635.2,600.0,22.8,51.8,1.4,3.0
2026-08-16T10:35,,0.0,,,,,,,
2026-08-16T10:40,101.3,0.0,1012.8,659.9,600.0,23.3,50.7,1.6,3.0
2026-08-16T10:45,,0.0,,,,,,,
2026-08-16T10:50,78.8,0.0,1012.8,684.5,600.0,23.5,49.8,1.3,2.9
2026-08-16T10:55,,0.0,,,,,,,
2026-08-16T11:00,55.7,0.0,1012.6,706.4,600.0,23.7,49.3,1.5,3.9
2026-08-16T11:05,,0.0,,,,,,,
2026-08-16T11:10,89.2,0.0,1012.3,723.1,600.0,24.3,47.8,1.5,3.9
2026-08-16T11:15,,0.0,,,,,,,
2026-08-16T11:20,91.1,0.0,1012.1,745.2,600.0,24.6,46.1,1.6,3.3
2026-08-16T11:25,,0.0,,,,,,,
2026-08-16T11:30,89.5,0.0,1011.8,765.6,599.0,25.0,46.2,1.5,3.2
2026-08-16T11:35,,0.0,,,,,,,
2026-08-16T11:40,93.9,0.0,1011.6,786.8,600.0,25.3,44.1,2.0,3.9
2026-08-16T11:45,,0.0,,,,,,,
2026-08-16T11:50,84.7,0.0,1011.5,807.8,600.0,25.5,43.5,1.7,3.6
2026-08-16T11:55,,0.0,,,,,,,
2026-08-16T12:00,67.8,0.0,1011.2,823.6,600.0,25.8,43.1,1.7,5.1
2026-08-16T12:05,,0.0,,,,,,,
2026-08-16T12:10,81.7,0.0,1010.9,849.1,600.0,26.2,41.6,1.7,4.8
2026-08-16T12:15,,0.0,,,,,,,
2026-08-16T12:20,89.8,0.0,1010.7,895.2,599.0,26.4,41.0,1.9,4.6
2026-08-16T12:25,,0.0,,,,,,,
2026-08-16T12:30,92.4,0.0,1010.5,912.6,600.0,26.7,40.8,1.9,4.3
2026-08-16T12:35,,0.0,,,,,,,
2026-08-16T12:40,89.1,0.0,1010.1,832.3,555.0,27.0,40.8,1.9,4.3
2026-08-16T12:45,,0.0,,,,,,,
2026-08-16T12:50,99.2,0.0,1010.0,766.5,448.0,27.2,40.4,2.5,4.2
2026-08-16T12:55,,0.0,,,,,,,
2026-08-16T13:00,98.1,0.0,1010.0,377.7,102.0,26.8,41.2,2.4,4.3
2026-08-16T13:05,,0.0,,,,,,,
2026-08-16T13:10,103.3,0.0,1010.3,236.8,0.0,26.1,42.5,2.3,3.9
2026-08-16T13:15,,0.0,,,,,,,
2026-08-16T13:20,100.3,0.0,1010.4,423.4,180.0,25.8,42.8,2.6,4.5
2026-08-16T13:25,,0.0,,,,,,,
2026-08-16T13:30,103.9,0.0,1010.0,839.6,525.0,26.6,40.4,3.0,5.0
2026-08-16T13:35,,0.0,,,,,,,
2026-08-16T13:40,100.1,0.0,1010.1,305.0,125.0,26.3,41.9,2.0,4.1
2026-08-16T13:45,,0.0,,,,,,,
2026-08-16T13:50,103.5,0.0,1010.0,503.1,343.0,26.3,41.6,2.7,4.2
2026-08-16T13:55,,0.0,,,,,,,
2026-08-16T14:00,97.1,0.0,1009.7,569.1,326.0,26.8,40.4,2.0,4.4
2026-08-16T14:05,,0.0,,,,,,,
2026-08-16T14:10,50.2,0.0,1009.8,140.6,0.0,26.6,41.2,1.6,3.2
2026-08-16T14:15,,0.0,,,,,,,
2026-08-16T14:20,249.3,0.0,1010.1,103.1,0.0,25.9,45.0,3.7,9.4
2026-08-16T14:25,,0.0,,,,,,,
2026-08-16T14:30,271.3,0.0,1010.8,97.8,0.0,24.9,43.9,5.0,8.6
2026-08-16T14:35,,0.0,,,,,,,
2026-08-16T14:40,311.1,0.0,1011.6,102.1,0.0,24.0,49.7,4.7,7.2
2026-08-16T14:45,,0.1,,,,,,,
2026-08-16T14:50,315.4,0.1,1012.9,71.6,0.0,22.1,63.1,5.4,10.9
2026-08-16T14:55,,0.1,,,,,,,
2026-08-16T15:00,308.3,0.1,1014.3,58.9,0.0,19.6,72.7,5.8,10.2
2026-08-16T15:05,,0.1,,,,,,,
2026-08-16T15:10,318.3,0.2,1014.9,48.3,0.0,19.0,74.9,4.7,9.2
2026-08-16T15:15,,0.1,,,,,,,
2026-08-16T15:20,311.7,0.1,1015.3,51.3,0.0,18.0,95.7,3.2,4.3
2026-08-16T15:25,,0.0,,,,,,,
2026-08-16T15:30,244.9,0.0,1015.3,49.4,0.0,17.9,98.3,3.5,6.7
2026-08-16T15:35,,0.1,,,,,,,
2026-08-16T15:40,231.4,0.0,1015.5,32.6,0.0,17.8,99.9,6.4,8.9
2026-08-16T15:45,,0.0,,,,,,,
2026-08-16T15:50,242.1,0.0,1016.0,22.7,0.0,17.6,100.0,9.2,11.7
2026-08-16T15:55,,0.0,,,,,,,
2026-08-16T16:00,247.4,0.1,1016.2,25.6,0.0,17.7,100.0,9.4,11.3
2026-08-16T16:05,,0.1,,,,,,,
2026-08-16T16:10,251.8,0.0,1016.6,30.1,0.0,17.2,100.0,8.5,13.1
2026-08-16T16:15,,0.0,,,,,,,
2026-08-16T16:20,252.0,0.1,1016.6,39.4,0.0,17.2,98.3,8.3,11.3
2026-08-16T16:25,,0.0,,,,,,,
2026-08-16T16:30,245.3,0.0,1016.6,52.0,0.0,17.0,99.9,8.0,10.5
2026-08-16T16:35,,0.0,,,,,,,
2026-08-16T16:40,239.5,0.0,1016.6,64.2,0.0,16.9,100.0,9.5,11.8
2026-08-16T16:45,,0.0,,,,,,,
2026-08-16T16:50,229.6,0.0,1016.3,85.4,0.0,17.0,100.0,8.8,10.2
2026-08-16T16:55,,0.0,,,,,,,
2026-08-16T17:00,243.4,0.0,1016.0,172.3,0.0,17.1,100.0,6.5,9.7
2026-08-16T17:05,,0.0,,,,,,,
2026-08-16T17:10,248.8,0.0,1015.6,298.7,239.0,17.6,96.7,7.8,10.6
2026-08-16T17:15,,0.0,,,,,,,
2026-08-16T17:20,257.4,0.0,1015.0,258.5,92.0,18.6,88.2,6.7,8.6
2026-08-16T17:25,,0.0,,,,,,,
2026-08-16T17:30,251.5,0.0,1014.6,180.8,0.0,19.2,84.1,5.2,7.3
2026-08-16T17:35,,0.0,,,,,,,
2026-08-16T17:40,242.4,0.0,1014.5,164.3,0.0,19.3,87.1,5.6,6.9
2026-08-16T17:45,,0.0,,,,,,,
2026-08-16T17:50,236.9,0.0,1014.6,143.3,0.0,18.9,96.2,6.3,7.3
2026-08-16T17:55,,0.0,,,,,,,
2026-08-16T18:00,237.6,0.0,1014.7,104.0,0.0,18.6,96.4,6.0,7.6
2026-08-16T18:05,,0.0,,,,,,,
2026-08-16T18:10,211.3,0.0,1014.7,71.8,0.0,18.5,99.4,4.4,7.4
2026-08-16T18:15,,0.0,,,,,,,
2026-08-16T18:20,220.1,0.0,1014.7,55.7,0.0,18.3,100.0,5.1,7.3
2026-08-16T18:25,,0.0,,,,,,,
2026-08-16T18:30,235.8,0.0,1014.7,44.8,0.0,18.4,98.1,6.5,7.7
2026-08-16T18:35,,0.0,,,,,,,
2026-08-16T18:40,241.2,0.0,1014.7,35.4,0.0,18.4,97.1,6.5,7.9
2026-08-16T18:45,,0.0,,,,,,,
2026-08-16T18:50,236.4,0.0,1014.7,36.1,0.0,18.3,96.7,6.1,8.0
2026-08-16T18:55,,0.0,,,,,,,
2026-08-16T19:00,243.4,0.0,1014.8,26.3,0.0,18.0,98.6,5.6,7.8
2026-08-16T19:05,,0.0,,,,,,,
2026-08-16T19:10,253.4,0.0,1015.1,15.5,0.0,18.0,96.3,4.6,8.0
2026-08-16T19:15,,0.0,,,,,,,
2026-08-16T19:20,245.9,0.0,1015.1,12.1,0.0,18.1,95.4,4.7,7.1
2026-08-16T19:25,,0.0,,,,,,,
2026-08-16T19:30,223.0,0.0,1015.2,7.1,0.0,18.4,92.8,5.1,6.8
2026-08-16T19:35,,0.0,,,,,,,
2026-08-16T19:40,214.9,0.0,1015.4,5.0,0.0,18.3,94.0,3.6,5.6
2026-08-16T19:45,,0.0,,,,,,,
2026-08-16T19:50,214.7,0.0,1015.8,2.5,0.0,18.0,97.4,3.7,6.2
2026-08-16T19:55,,0.0,,,,,,,
2026-08-16T20:00,226.5,0.0,1016.1,1.2,0.0,17.8,98.5,4.9,5.9
2026-08-16T20:05,,0.0,,,,,,,
2026-08-16T20:10,234.6,0.0,1016.2,0.5,0.0,17.8,99.0,4.1,5.4
2026-08-16T20:15,,0.0,,,,,,,
2026-08-16T20:20,260.2,0.0,1016.3,0.0,0.0,17.7,97.9,3.0,4.5
2026-08-16T20:25,,0.1,,,,,,,
2026-08-16T20:30,270.1,0.0,1016.2,0.0,0.0,18.0,95.2,3.5,4.9
2026-08-16T20:35,,0.0,,,,,,,
2026-08-16T20:40,269.4,0.0,1016.6,0.0,0.0,17.3,99.1,5.3,8.4
2026-08-16T20:45,,0.0,,,,,,,
2026-08-16T20:50,244.4,0.1,1017.0,0.0,0.0,16.8,100.0,7.2,9.3
2026-08-16T20:55,,0.2,,,,,,,
2026-08-16T21:00,242.4,0.1,1017.5,0.0,0.0,16.5,100.0,7.1,8.1
2026-08-16T21:05,,0.1,,,,,,,
2026-08-16T21:10,234.4,0.1,1017.7,0.0,0.0,16.4,100.0,6.5,8.1
2026-08-16T21:15,,0.1,,,,,,,
2026-08-16T21:20,233.3,0.1,1017.9,0.0,0.0,16.3,100.0,6.4,7.5
2026-08-16T21:25,,0.0,,,,,,,
2026-08-16T21:30,226.8,0.1,1017.9,0.0,0.0,16.3,100.0,6.3,8.0
2026-08-16T21:35,,0.0,,,,,,,
2026-08-16T21:40,224.6,0.0,1017.8,0.0,0.0,16.5,100.0,6.6,8.6
2026-08-16T21:45,,0.0,,,,,,,
2026-08-16T21:50,238.7,0.0,1017.9,0.0,0.0,16.1,100.0,5.0,6.6
2026-08-16T21:55,,0.0,,,,,,,
2026-08-16T22:00,218.0,0.0,1017.7,0.0,0.0,16.1,100.0,4.1,7.0
2026-08-16T22:05,,0.0,,,,,,,
2026-08-16T22:10,208.9,0.0,1017.6,0.0,0.0,16.1,100.0,4.1,6.4
2026-08-16T22:15,,0.0,,,,,,,
2026-08-16T22:20,198.5,0.0,1017.8,0.0,0.0,15.7,100.0,3.2,6.1
2026-08-16T22:25,,0.0,,,,,,,
2026-08-16T22:30,203.5,0.0,1017.7,0.0,0.0,15.8,100.0,4.1,6.4
2026-08-16T22:35,,0.0,,,,,,,
2026-08-16T22:40,210.7,0.0,1017.8,0.0,0.0,15.9,100.0,4.0,6.4
2026-08-16T22:45,,0.0,,,,,,,
2026-08-16T22:50,222.5,0.0,1017.8,0.0,0.0,15.8,100.0,3.6,4.8
2026-08-16T22:55,,0.0,,,,,,,
2026-08-16T23:00,240.5,0.0,1017.8,0.0,0.0,15.7,100.0,3.0,5.1
2026-08-16T23:05,,0.0,,,,,,,
2026-08-16T23:10,247.2,0.0,1017.9,0.0,0.0,15.6,100.0,2.0,2.9
2026-08-16T23:15,,0.0,,,,,,,
2026-08-16T23:20,213.2,0.0,1017.8,0.0,0.0,15.6,100.0,2.1,3.7
2026-08-16T23:25,,0.0,,,,,,,
2026-08-16T23:30,219.6,0.0,1017.8,0.0,0.0,15.5,100.0,3.2,4.0
2026-08-16T23:35,,0.0,,,,,,,
2026-08-16T23:40,238.4,0.0,1017.8,0.0,0.0,15.5,100.0,3.1,3.8
2026-08-16T23:45,,0.0,,,,,,,
2026-08-16T23:50,234.0,0.0,1017.8,0.0,0.0,15.3,100.0,3.3,4.1
2026-08-16T23:55,,0.0,,,,,,,
2026-08-17T00:00,233.7,0.0,1017.8,0.0,0.0,15.3,100.0,3.2,4.0
2026-08-17T00:05,,0.0,,,,,,,
2026-08-17T00:10,232.4,0.0,1017.8,0.0,0.0,15.3,100.0,3.3,3.8
2026-08-17T00:15,,0.0,,,,,,,
2026-08-17T00:20,236.5,0.0,1017.9,0.0,0.0,15.4,100.0,3.2,4.0
2026-08-17T00:25,,0.0,,,,,,,
2026-08-17T00:30,225.9,0.0,1018.0,0.0,0.0,15.3,100.0,3.4,3.9
2026-08-17T00:35,,0.0,,,,,,,
2026-08-17T00:40,231.6,0.0,1018.0,0.0,0.0,15.4,100.0,3.9,4.6
2026-08-17T00:45,,0.0,,,,,,,
2026-08-17T00:50,237.9,0.0,1017.9,0.0,0.0,15.5,100.0,4.1,5.5
2026-08-17T00:55,,0.0,,,,,,,
2026-08-17T01:00,218.1,0.0,1017.8,0.0,0.0,15.7,100.0,4.0,5.3
2026-08-17T01:05,,0.0,,,,,,,
2026-08-17T01:10,222.6,0.0,1017.8,0.0,0.0,15.6,100.0,4.6,5.4
2026-08-17T01:15,,0.0,,,,,,,
2026-08-17T01:20,231.8,0.0,1017.5,0.0,0.0,15.7,100.0,4.5,5.6
2026-08-17T01:25,,0.0,,,,,,,
2026-08-17T01:30,241.3,0.0,1017.4,0.0,0.0,15.6,100.0,3.7,5.7
2026-08-17T01:35,,0.0,,,,,,,
2026-08-17T01:40,244.5,0.0,1017.3,0.0,0.0,15.6,100.0,2.7,4.1
2026-08-17T01:45,,0.0,,,,,,,
2026-08-17T01:50,231.5,0.0,1017.2,0.0,0.0,15.7,100.0,2.5,3.7
2026-08-17T01:55,,0.0,,,,,,,
2026-08-17T02:00,224.8,0.0,1017.2,0.0,0.0,15.6,100.0,2.5,3.4
2026-08-17T02:05,,0.0,,,,,,,
2026-08-17T02:10,257.8,0.0,1017.1,0.0,0.0,15.5,100.0,1.3,2.3
2026-08-17T02:15,,0.0,,,,,,,
2026-08-17T02:20,224.3,0.0,1016.9,0.0,0.0,15.4,100.0,1.6,2.8
2026-08-17T02:25,,0.0,,,,,,,
2026-08-17T02:30,238.7,0.0,1016.7,0.0,0.0,15.4,100.0,2.1,3.2
2026-08-17T02:35,,0.0,,,,,,,
2026-08-17T02:40,233.8,0.0,1016.6,0.0,0.0,15.3,100.0,0.6,2.5
2026-08-17T02:45,,0.0,,,,,,,
2026-08-17T02:50,243.6,0.0,1016.6,0.0,0.0,15.2,100.0,1.9,2.6
2026-08-17T02:55,,0.0,,,,,,,
2026-08-17T03:00,259.7,0.0,1016.7,0.0,0.0,15.1,100.0,1.8,2.5
2026-08-17T03:05,,0.0,,,,,,,
2026-08-17T03:10,221.7,0.0,1016.5,0.0,0.0,15.2,100.0,1.3,2.2
2026-08-17T03:15,,0.0,,,,,,,
2026-08-17T03:20,227.7,0.0,1016.6,0.0,0.0,15.2,100.0,2.7,3.4
2026-08-17T03:25,,0.0,,,,,,,
2026-08-17T03:30,275.7,0.0,1016.6,0.0,0.0,14.9,100.0,1.4,2.5
2026-08-17T03:35,,0.0,,,,,,,
2026-08-17T03:40,253.2,0.0,1016.5,0.0,0.0,15.0,100.0,1.1,1.8
2026-08-17T03:45,,0.0,,,,,,,
2026-08-17T03:50,244.0,0.0,1016.5,0.0,0.0,15.0,100.0,2.2,3.2
2026-08-17T03:55,,0.0,,,,,,,
2026-08-17T04:00,244.4,0.0,1016.6,0.0,0.0,14.7,100.0,2.5,3.2
2026-08-17T04:05,,0.0,,,,,,,
2026-08-17T04:10,235.2,0.0,1016.5,0.0,0.0,14.8,100.0,3.2,4.0
2026-08-17T04:15,,0.0,,,,,,,
2026-08-17T04:20,241.7,0.0,1016.5,0.0,0.0,14.7,100.0,3.8,4.7
2026-08-17T04:25,,0.0,,,,,,,
2026-08-17T04:30,238.9,0.0,1016.4,0.0,0.0,14.5,100.0,3.9,4.8
2026-08-17T04:35,,0.0,,,,,,,
2026-08-17T04:40,242.2,0.0,1016.3,0.0,0.0,14.6,100.0,3.5,4.5
2026-08-17T04:45,,0.0,,,,,,,
2026-08-17T04:50,241.9,0.0,1016.2,0.0,0.0,14.6,100.0,4.0,4.8
2026-08-17T04:55,,0.0,,,,,,,
2026-08-17T05:00,230.5,0.0,1016.0,0.0,0.0,14.7,100.0,4.2,5.1
2026-08-17T05:05,,0.0,,,,,,,
2026-08-17T05:10,233.4,0.0,1015.9,0.0,0.0,14.5,100.0,4.0,5.2
2026-08-17T05:15,,0.0,,,,,,,
2026-08-17T05:20,249.8,0.0,1015.7,0.0,0.0,14.3,100.0,3.9,5.5
2026-08-17T05:25,,0.0,,,,,,,
2026-08-17T05:30,252.7,0.0,1015.5,0.0,0.0,14.4,100.0,4.1,5.4
2026-08-17T05:35,,0.0,,,,,,,
2026-08-17T05:40,248.5,0.0,1015.4,0.0,0.0,14.4,100.0,3.1,5.1
2026-08-17T05:45,,0.0,,,,,,,
2026-08-17T05:50,234.0,0.0,1015.3,0.0,0.0,14.6,100.0,1.8,3.6
2026-08-17T05:55,,0.0,,,,,,,
2026-08-17T06:00,217.7,0.0,1015.2,0.0,0.0,14.5,100.0,3.0,3.7
2026-08-17T06:05,,0.0,,,,,,,
2026-08-17T06:10,243.1,0.0,1015.3,0.0,0.0,14.2,100.0,3.6,4.6
2026-08-17T06:15,,0.0,,,,,,,
2026-08-17T06:20,265.7,0.0,1015.2,0.1,0.0,14.2,100.0,3.0,4.3
2026-08-17T06:25,,0.0,,,,,,,
2026-08-17T06:30,248.4,0.0,1015.0,2.5,0.0,14.6,100.0,1.6,3.4
2026-08-17T06:35,,0.0,,,,,,,
2026-08-17T06:40,226.2,0.0,1015.0,8.4,0.0,14.6,100.0,1.7,2.9
2026-08-17T06:45,,0.0,,,,,,,
2026-08-17T06:50,241.5,0.0,1014.9,14.1,0.0,14.7,100.0,2.4,3.6
2026-08-17T06:55,,0.0,,,,,,,
2026-08-17T07:00,234.1,0.0,1014.9,18.4,0.0,14.5,100.0,2.7,3.6
2026-08-17T07:05,,0.0,,,,,,,
2026-08-17T07:10,251.9,0.0,1014.8,22.9,0.0,14.6,100.0,2.0,3.2
2026-08-17T07:15,,0.0,,,,,,,
2026-08-17T07:20,234.2,0.0,1014.7,29.4,0.0,14.7,100.0,2.3,3.3
2026-08-17T07:25,,0.0,,,,,,,
2026-08-17T07:30,223.3,0.0,1014.7,34.0,0.0,14.7,100.0,2.0,2.7
2026-08-17T07:35,,0.0,,,,,,,
2026-08-17T07:40,233.9,0.0,1014.6,32.7,0.0,14.9,100.0,2.0,3.0
2026-08-17T07:45,,0.0,,,,,,,
2026-08-17T07:50,248.2,0.0,1014.6,39.9,0.0,14.9,100.0,1.1,2.8
2026-08-17T07:55,,0.0,,,,,,,
2026-08-17T08:00,261.2,0.0,1014.6,45.9,0.0,15.0,100.0,1.1,1.9
2026-08-17T08:05,,0.0,,,,,,,
2026-08-17T08:10,229.3,0.0,1014.5,51.0,0.0,15.1,100.0,2.5,3.8
2026-08-17T08:15,,0.0,,,,,,,
2026-08-17T08:20,220.8,0.0,1014.5,57.4,0.0,15.2,100.0,2.1,3.4
2026-08-17T08:25,,0.0,,,,,,,
2026-08-17T08:30,232.1,0.0,1014.6,61.9,0.0,15.3,100.0,1.8,2.7
2026-08-17T08:35,,0.0,,,,,,,
2026-08-17T08:40,221.7,0.0,1014.5,68.5,0.0,15.5,100.0,1.1,1.5
2026-08-17T08:45,,0.0,,,,,,,
2026-08-17T08:50,230.6,0.0,1014.3,86.4,0.0,15.8,100.0,1.0,2.0
2026-08-17T08:55,,0.0,,,,,,,
2026-08-17T09:00,248.0,0.0,1014.2,124.8,0.0,15.7,100.0,1.8,2.4
2026-08-17T09:05,,0.0,,,,,,,
2026-08-17T09:10,232.7,0.0,1013.9,151.4,0.0,15.9,100.0,2.3,3.0
2026-08-17T09:15,,0.0,,,,,,,
2026-08-17T09:20,219.0,0.0,1013.7,162.5,0.0,16.2,100.0,1.7,2.7
2026-08-17T09:25,,0.0,,,,,,,
2026-08-17T09:30,223.1,0.0,1013.5,214.1,0.0,16.3,99.9,1.1,1.8
2026-08-17T09:35,,0.0,,,,,,,
2026-08-17T09:40,293.1,0.0,1013.2,300.9,181.0,16.6,98.2,0.3,1.0
2026-08-17T09:45,,0.0,,,,,,,
2026-08-17T09:50,103.2,0.0,1012.8,356.8,180.0,17.3,95.6,1.0,1.9
2026-08-17T09:55,,0.0,,,,,,,
2026-08-17T10:00,80.0,0.0,1012.5,543.1,543.0,17.8,93.2,1.0,2.3
2026-08-17T10:05,,0.0,,,,,,,
2026-08-17T10:10,75.2,0.0,1012.1,417.0,600.0,18.1,89.5,1.1,2.6
2026-08-17T10:15,,0.0,,,,,,,
2026-08-17T10:20,83.9,0.0,1011.9,536.6,570.0,18.3,88.4,1.1,2.8
2026-08-17T10:25,,0.0,,,,,,,
2026-08-17T10:30,57.4,0.0,1011.7,697.5,600.0,18.8,83.0,1.7,3.4
2026-08-17T10:35,,0.0,,,,,,,
2026-08-17T10:40,85.3,0.0,1011.3,748.8,599.0,19.5,75.7,1.3,3.5
2026-08-17T10:45,,0.0,,,,,,,
2026-08-17T10:50,70.8,0.0,1011.2,515.5,600.0,19.7,72.9,1.3,3.3
2026-08-17T10:55,,0.0,,,,,,,
2026-08-17T11:00,89.9,0.0,1011.0,592.8,556.0,20.0,72.2,1.2,2.7
2026-08-17T11:05,,0.0,,,,,,,
2026-08-17T11:10,100.0,0.0,1010.5,734.5,600.0,20.6,70.5,1.9,3.4
2026-08-17T11:15,,0.0,,,,,,,
2026-08-17T11:20,85.3,0.0,1010.2,751.6,600.0,20.9,69.2,1.3,3.2
2026-08-17T11:25,,0.0,,,,,,,
2026-08-17T11:30,95.4,0.0,1009.8,768.3,600.0,21.5,67.4,1.7,3.2
2026-08-17T11:35,,0.0,,,,,,,
2026-08-17T11:40,69.5,0.0,1009.7,788.8,600.0,21.7,66.2,1.4,3.0
2026-08-17T11:45,,0.0,,,,,,,
2026-08-17T11:50,82.2,0.0,1009.3,847.0,600.0,22.1,65.5,1.5,3.2
2026-08-17T11:55,,0.0,,,,,,,
2026-08-17T12:00,94.6,0.0,1008.9,766.7,600.0,22.4,65.2,2.1,4.5
2026-08-17T12:05,,0.0,,,,,,,
2026-08-17T12:10,93.9,0.0,1008.6,827.9,600.0,22.9,62.4,1.7,3.5
2026-08-17T12:15,,0.0,,,,,,,
2026-08-17T12:20,62.2,0.0,1008.5,673.4,600.0,22.7,63.3,1.3,3.5
2026-08-17T12:25,,0.0,,,,,,,
2026-08-17T12:30,54.1,0.0,1008.3,809.0,584.0,22.9,63.3,2.2,4.0
2026-08-17T12:35,,0.0,,,,,,,
2026-08-17T12:40,68.8,0.0,1008.0,885.3,600.0,23.3,62.6,1.9,4.5
2026-08-17T12:45,,0.0,,,,,,,
2026-08-17T12:50,55.8,0.0,1008.0,560.2,248.0,23.4,62.9,2.0,4.7
2026-08-17T12:55,,0.0,,,,,,,
2026-08-17T13:00,64.4,0.0,1008.5,125.8,0.0,22.4,67.1,1.5,3.9
2026-08-17T13:05,,0.0,,,,,,,
2026-08-17T13:10,77.2,0.0,1009.0,81.2,0.0,21.7,68.1,1.3,3.3
2026-08-17T13:15,,0.1,,,,,,,
2026-08-17T13:20,119.0,1.1,1009.7,70.9,0.0,20.9,72.4,0.8,3.6
2026-08-17T13:25,,0.6,,,,,,,
2026-08-17T13:30,251.2,0.1,1010.6,42.1,0.0,19.4,80.8,3.2,10.8
2026-08-17T13:35,,0.7,,,,,,,
2026-08-17T13:40,213.9,0.9,1011.4,23.9,0.0,17.8,98.2,4.2,9.8
2026-08-17T13:45,,0.2,,,,,,,
2026-08-17T13:50,256.8,0.0,1011.9,77.8,0.0,16.9,99.7,2.8,4.9
2026-08-17T13:55,,0.0,,,,,,,
2026-08-17T14:00,220.5,0.0,1012.1,392.3,377.0,16.7,99.9,1.3,4.7
2026-08-17T14:05,,0.0,,,,,,,
2026-08-17T14:10,94.9,0.0,1011.8,773.6,600.0,17.4,100.0,1.0,2.3
2026-08-17T14:15,,0.0,,,,,,,
2026-08-17T14:20,220.2,0.0,1011.3,564.9,189.0,18.1,98.0,0.7,2.1
2026-08-17T14:25,,0.0,,,,,,,
2026-08-17T14:30,228.1,0.0,1011.0,533.5,476.0,18.3,98.5,1.4,2.5
2026-08-17T14:35,,0.0,,,,,,,
2026-08-17T14:40,204.3,0.0,1010.8,354.4,0.0,18.4,99.0,1.7,2.8
2026-08-17T14:45,,0.0,,,,,,,
2026-08-17T14:50,278.9,0.0,1010.9,269.0,0.0,18.4,96.9,0.9,1.9
2026-08-17T14:55,,0.0,,,,,,,
2026-08-17T15:00,240.7,0.0,1010.8,249.8,0.0,18.7,91.9,0.7,1.6
2026-08-17T15:05,,0.0,,,,,,,
2026-08-17T15:10,197.8,0.0,1010.8,246.2,0.0,19.0,95.4,0.5,2.4
2026-08-17T15:15,,0.0,,,,,,,
2026-08-17T15:20,231.8,0.0,1010.7,275.8,0.0,18.9,99.6,1.6,3.0
2026-08-17T15:25,,0.0,,,,,,,
2026-08-17T15:30,199.1,0.0,1010.2,282.3,0.0,19.5,84.2,4.1,10.3
2026-08-17T15:35,,0.0,,,,,,,
2026-08-17T15:40,194.7,0.0,1009.6,229.9,0.0,20.8,58.0,2.9,6.1
2026-08-17T15:45,,0.0,,,,,,,
2026-08-17T15:50,194.4,0.0,1009.4,212.0,0.0,20.9,56.4,3.0,6.2
2026-08-17T15:55,,0.0,,,,,,,
2026-08-17T16:00,194.7,0.0,1009.2,210.9,0.0,21.1,54.3,2.4,5.4
2026-08-17T16:05,,0.0,,,,,,,
2026-08-17T16:10,158.1,0.0,1009.0,214.5,0.0,21.2,57.6,1.0,3.6
2026-08-17T16:15,,0.0,,,,,,,
2026-08-17T16:20,57.5,0.0,1009.4,229.5,0.0,19.8,82.2,2.1,5.0
2026-08-17T16:25,,0.0,,,,,,,
2026-08-17T16:30,17.2,0.0,1009.6,225.9,0.0,19.4,82.0,1.8,4.4
2026-08-17T16:35,,0.0,,,,,,,
2026-08-17T16:40,104.3,0.0,1010.0,237.4,22.0,19.5,83.7,1.5,2.9
2026-08-17T16:45,,0.0,,,,,,,
2026-08-17T16:50,47.5,0.0,1009.8,228.2,0.0,19.6,86.2,0.9,2.6
2026-08-17T16:55,,0.0,,,,,,,
2026-08-17T17:00,89.2,0.0,1009.6,346.5,300.0,19.7,86.2,1.2,2.5
2026-08-17T17:05,,0.0,,,,,,,
2026-08-17T17:10,86.9,0.0,1009.3,571.1,600.0,20.2,83.4,1.8,3.5
2026-08-17T17:15,,0.0,,,,,,,
2026-08-17T17:20,164.1,0.0,1009.1,279.8,238.0,20.8,68.5,2.7,7.5
2026-08-17T17:25,,0.0,,,,,,,
2026-08-17T17:30,145.8,0.0,1009.0,409.0,538.0,21.2,65.9,2.3,7.3
2026-08-17T17:35,,0.0,,,,,,,
2026-08-17T17:40,99.8,0.0,1009.1,550.3,600.0,20.8,76.8,1.5,3.6
2026-08-17T17:45,,0.0,,,,,,,
2026-08-17T17:50,79.2,0.0,1008.8,529.4,600.0,21.2,75.6,1.5,3.7
2026-08-17T17:55,,0.0,,,,,,,
2026-08-17T18:00,66.6,0.0,1008.8,483.9,600.0,21.2,75.0,1.9,4.1
2026-08-17T18:05,,0.0,,,,,,,
2026-08-17T18:10,58.6,0.0,1009.1,345.0,397.0,20.7,75.7,2.3,5.4
2026-08-17T18:15,,0.0,,,,,,,
2026-08-17T18:20,65.0,0.0,1009.6,173.4,0.0,19.9,80.0,2.1,5.2
2026-08-17T18:25,,0.0,,,,,,,
2026-08-17T18:30,55.3,0.0,1010.1,94.5,0.0,19.2,85.8,2.0,4.3
2026-08-17T18:35,,0.0,,,,,,,
2026-08-17T18:40,46.4,0.0,1010.2,73.5,0.0,18.9,87.3,1.0,2.6
2026-08-17T18:45,,0.0,,,,,,,
2026-08-17T18:50,49.2,0.0,1010.2,67.4,0.0,18.6,88.9,2.3,4.1
2026-08-17T18:55,,0.0,,,,,,,
2026-08-17T19:00,74.6,0.0,1010.4,59.2,0.0,18.4,90.7,1.4,3.0
2026-08-17T19:05,,0.0,,,,,,,
2026-08-17T19:10,55.8,0.0,1010.5,50.5,0.0,18.0,94.5,1.5,3.2
2026-08-17T19:15,,0.0,,,,,,,
2026-08-17T19:20,80.2,0.0,1010.8,55.4,0.0,17.8,97.0,0.9,2.6
2026-08-17T19:25,,0.0,,,,,,,
2026-08-17T19:30,30.6,0.0,1010.9,39.5,0.0,17.7,97.8,1.1,2.8
2026-08-17T19:35,,0.0,,,,,,,
2026-08-17T19:40,136.8,0.0,1011.1,36.1,0.0,17.7,97.2,0.6,3.2
2026-08-17T19:45,,0.0,,,,,,,
2026-08-17T19:50,29.6,0.0,1011.1,28.1,0.0,17.6,99.6,0.0,2.4
2026-08-17T19:55,,0.0,,,,,,,
2026-08-17T20:00,10.9,0.0,1011.1,15.4,0.0,17.3,100.0,1.0,2.2
2026-08-17T20:05,,0.0,,,,,,,
2026-08-17T20:10,49.3,0.0,1011.4,6.6,0.0,16.7,100.0,1.7,3.1
2026-08-17T20:15,,0.0,,,,,,,
2026-08-17T20:20,32.3,0.0,1011.3,1.2,0.0,16.7,100.0,1.2,2.8
2026-08-17T20:25,,0.0,,,,,,,
2026-08-17T20:30,289.8,0.0,1011.4,0.0,0.0,16.7,98.0,0.5,1.5
2026-08-17T20:35,,0.0,,,,,,,
2026-08-17T20:40,261.0,0.0,1011.5,0.0,0.0,16.8,100.0,0.9,2.2
2026-08-17T20:45,,0.0,,,,,,,
2026-08-17T20:50,313.8,0.0,1011.7,0.0,0.0,16.8,99.6,0.5,1.8
2026-08-17T20:55,,0.0,,,,,,,
2026-08-17T21:00,39.0,0.0,1011.7,0.0,0.0,16.7,98.3,1.5,2.6
2026-08-17T21:05,,0.0,,,,,,,
2026-08-17T21:10,77.9,0.0,1012.0,0.0,0.0,16.4,99.3,1.3,2.6
2026-08-17T21:15,,0.0,,,,,,,
2026-08-17T21:20,359.2,0.0,1012.2,0.0,0.0,16.3,100.0,1.5,3.1
2026-08-17T21:25,,0.0,,,,,,,
2026-08-17T21:30,38.8,0.0,1012.4,0.0,0.0,16.3,99.9,1.0,1.9
2026-08-17T21:35,,0.0,,,,,,,
2026-08-17T21:40,18.3,0.0,1012.7,0.0,0.0,15.9,99.1,1.1,2.3
2026-08-17T21:45,,0.0,,,,,,,
2026-08-17T21:50,51.4,0.0,1012.9,0.0,0.0,15.6,100.0,0.5,1.9
2026-08-17T21:55,,0.0,,,,,,,
2026-08-17T22:00,275.9,0.0,1012.9,0.0,0.0,15.7,96.6,1.3,2.7
2026-08-17T22:05,,0.0,,,,,,,
2026-08-17T22:10,291.9,0.0,1012.8,0.0,0.0,15.9,98.8,1.1,2.4
2026-08-17T22:15,,0.0,,,,,,,
2026-08-17T22:20,257.9,0.0,1012.9,0.0,0.0,15.9,96.1,1.2,2.5
2026-08-17T22:25,,0.0,,,,,,,
2026-08-17T22:30,306.0,0.0,1012.9,0.0,0.0,15.8,95.8,1.1,2.0
2026-08-17T22:35,,0.0,,,,,,,
2026-08-17T22:40,269.6,0.0,1012.9,0.0,0.0,15.8,94.0,0.9,2.0
2026-08-17T22:45,,0.0,,,,,,,
2026-08-17T22:50,253.3,0.0,1012.9,0.0,0.0,15.9,95.1,1.0,2.1
2026-08-17T22:55,,0.0,,,,,,,
2026-08-17T23:00,328.3,0.0,1013.1,0.0,0.0,15.5,94.2,0.7,1.8
2026-08-17T23:05,,0.0,,,,,,,
2026-08-17T23:10,32.8,0.0,1013.1,0.0,0.0,15.4,95.2,0.5,2.1
2026-08-17T23:15,,0.0,,,,,,,
2026-08-17T23:20,28.7,0.0,1013.4,0.0,0.0,14.9,98.1,0.8,1.8
2026-08-17T23:25,,0.0,,,,,,,
2026-08-17T23:30,146.4,0.0,1013.7,0.0,0.0,14.7,98.6,0.1,1.4
2026-08-17T23:35,,0.0,,,,,,,
2026-08-17T23:40,306.1,0.0,1013.7,0.0,0.0,14.7,99.0,1.4,1.9
2026-08-17T23:45,,0.0,,,,,,,
2026-08-17T23:50,337.0,0.0,1013.7,0.0,0.0,14.6,96.4,0.5,1.7
2026-08-17T23:55,,0.0,,,,,,,
2026-08-18T00:00,322.7,0.0,1013.7,0.0,0.0,14.5,96.4,0.8,1.5
2026-08-18T00:05,,0.0,,,,,,,
2026-08-18T00:10,292.0,0.0,1013.7,0.0,0.0,14.7,95.9,0.8,1.4
2026-08-18T00:15,,0.0,,,,,,,
2026-08-18T00:20,322.4,0.0,1013.7,0.0,0.0,14.8,96.1,0.6,1.5
2026-08-18T00:25,,0.0,,,,,,,
2026-08-18T00:30,261.3,0.0,1013.8,0.0,0.0,14.9,98.3,1.3,2.4
2026-08-18T00:35,,0.0,,,,,,,
2026-08-18T00:40,260.9,0.0,1013.7,0.0,0.0,15.1,98.0,1.3,2.5
2026-08-18T00:45,,0.0,,,,,,,
2026-08-18T00:50,323.8,0.0,1013.6,0.0,0.0,15.0,96.0,0.9,3.8
2026-08-18T00:55,,0.0,,,,,,,
2026-08-18T01:00,255.1,0.0,1013.6,0.0,0.0,15.1,94.1,1.6,2.5
2026-08-18T01:05,,0.0,,,,,,,
2026-08-18T01:10,308.6,0.0,1013.7,0.0,0.0,15.0,93.4,0.8,1.4
2026-08-18T01:15,,0.0,,,,,,,
2026-08-18T01:20,326.7,0.0,1013.8,0.0,0.0,14.6,94.6,0.4,1.9
2026-08-18T01:25,,0.0,,,,,,,
2026-08-18T01:30,288.9,0.0,1013.9,0.0,0.0,14.6,94.8,0.9,2.1
2026-08-18T01:35,,0.0,,,,,,,
2026-08-18T01:40,309.6,0.0,1014.0,0.0,0.0,14.5,96.8,1.3,4.3
2026-08-18T01:45,,0.0,,,,,,,
2026-08-18T01:50,268.0,0.0,1014.1,0.0,0.0,14.4,97.9,1.8,4.5
2026-08-18T01:55,,0.0,,,,,,,
2026-08-18T02:00,238.4,0.0,1014.1,0.0,0.0,14.4,96.9,1.7,4.1
2026-08-18T02:05,,0.0,,,,,,,
2026-08-18T02:10,265.2,0.0,1014.3,0.0,0.0,14.2,97.2,1.6,3.0
2026-08-18T02:15,,0.0,,,,,,,
2026-08-18T02:20,245.0,0.0,1014.4,0.0,0.0,14.1,96.7,2.0,3.5
2026-08-18T02:25,,0.0,,,,,,,
2026-08-18T02:30,236.2,0.0,1014.5,0.0,0.0,14.2,96.7,2.7,4.0
2026-08-18T02:35,,0.0,,,,,,,
2026-08-18T02:40,267.1,0.0,1014.6,0.0,0.0,14.0,95.9,1.1,2.5
2026-08-18T02:45,,0.0,,,,,,,
2026-08-18T02:50,237.7,0.0,1014.4,0.0,0.0,14.0,97.8,1.6,3.4
2026-08-18T02:55,,0.0,,,,,,,
2026-08-18T03:00,260.2,0.0,1014.6,0.0,0.0,13.8,97.3,1.4,3.1
2026-08-18T03:05,,0.0,,,,,,,
2026-08-18T03:10,267.2,0.0,1014.7,0.0,0.0,13.7,97.5,1.7,3.0
2026-08-18T03:15,,0.0,,,,,,,
2026-08-18T03:20,259.2,0.0,1014.7,0.0,0.0,13.6,96.9,1.3,2.4
2026-08-18T03:25,,0.0,,,,,,,
2026-08-18T03:30,254.7,0.0,1014.7,0.0,0.0,13.6,97.4,2.0,3.1
2026-08-18T03:35,,0.0,,,,,,,
2026-08-18T03:40,257.2,0.0,1014.7,0.0,0.0,13.5,96.9,2.2,3.2
2026-08-18T03:45,,0.0,,,,,,,
2026-08-18T03:50,271.7,0.0,1014.7,0.0,0.0,13.3,98.7,1.3,2.8
2026-08-18T03:55,,0.0,,,,,,,
2026-08-18T04:00,296.5,0.0,1014.6,0.0,0.0,13.5,95.6,0.7,2.2
2026-08-18T04:05,,0.0,,,,,,,
2026-08-18T04:10,298.7,0.0,1014.6,0.0,0.0,13.5,96.8,1.3,3.7
2026-08-18T04:15,,0.0,,,,,,,
2026-08-18T04:20,273.1,0.0,1014.5,0.0,0.0,13.6,94.8,1.1,2.5
2026-08-18T04:25,,0.0,,,,,,,
2026-08-18T04:30,235.6,0.0,1014.3,0.0,0.0,13.7,95.2,2.0,4.0
2026-08-18T04:35,,0.0,,,,,,,
2026-08-18T04:40,259.5,0.0,1014.4,0.0,0.0,13.5,95.6,0.6,2.2
2026-08-18T04:45,,0.0,,,,,,,
2026-08-18T04:50,306.6,0.0,1014.3,0.0,0.0,13.5,95.8,1.8,2.7
2026-08-18T04:55,,0.0,,,,,,,
2026-08-18T05:00,243.6,0.0,1014.1,0.0,0.0,13.9,93.3,1.9,3.5
2026-08-18T05:05,,0.0,,,,,,,
2026-08-18T05:10,280.4,0.0,1014.1,0.0,0.0,13.9,92.6,1.1,1.9
2026-08-18T05:15,,0.0,,,,,,,
2026-08-18T05:20,268.8,0.0,1014.1,0.0,0.0,13.8,93.2,1.0,2.8
2026-08-18T05:25,,0.0,,,,,,,
2026-08-18T05:30,270.5,0.0,1014.0,0.0,0.0,14.0,92.5,1.3,2.3
2026-08-18T05:35,,0.0,,,,,,,
2026-08-18T05:40,263.3,0.0,1014.0,0.0,0.0,14.1,89.5,1.5,1.9
2026-08-18T05:45,,0.0,,,,,,,
2026-08-18T05:50,261.4,0.0,1014.0,0.0,0.0,14.1,90.2,1.8,3.3
2026-08-18T05:55,,0.0,,,,,,,
2026-08-18T06:00,230.7,0.0,1014.0,0.0,0.0,14.2,92.4,1.7,4.0
2026-08-18T06:05,,0.0,,,,,,,
2026-08-18T06:10,247.7,0.0,1014.0,0.0,0.0,14.3,91.9,1.9,3.6
2026-08-18T06:15,,0.0,,,,,,,
2026-08-18T06:20,239.4,0.0,1013.9,0.0,0.0,14.4,92.5,1.9,3.8
2026-08-18T06:25,,0.0,,,,,,,
2026-08-18T06:30,253.2,0.0,1013.9,0.4,0.0,14.4,91.8,1.4,2.6
2026-08-18T06:35,,0.0,,,,,,,
2026-08-18T06:40,250.9,0.0,1014.0,3.6,0.0,14.4,93.1,2.2,3.2
2026-08-18T06:45,,0.0,,,,,,,
2026-08-18T06:50,238.1,0.0,1014.0,11.2,0.0,14.5,91.8,2.2,3.5
2026-08-18T06:55,,0.0,,,,,,,
2026-08-18T07:00,256.7,0.0,1013.9,19.7,0.0,14.6,90.4,2.0,3.2
2026-08-18T07:05,,0.0,,,,,,,
2026-08-18T07:10,230.7,0.0,1013.9,34.8,0.0,14.7,92.3,1.3,2.6
2026-08-18T07:15,,0.0,,,,,,,
2026-08-18T07:20,249.6,0.0,1014.0,48.5,0.0,14.7,93.2,2.2,3.8
2026-08-18T07:25,,0.0,,,,,,,
2026-08-18T07:30,272.1,0.0,1014.0,64.5,0.0,14.7,93.2,1.4,2.6
2026-08-18T07:35,,0.0,,,,,,,
2026-08-18T07:40,194.3,0.0,1013.9,67.2,0.0,14.9,92.3,0.9,2.3
2026-08-18T07:45,,0.0,,,,,,,
2026-08-18T07:50,288.8,0.0,1013.9,71.2,0.0,15.3,89.7,1.6,3.0
2026-08-18T07:55,,0.0,,,,,,,
2026-08-18T08:00,219.3,0.0,1013.8,77.9,0.0,15.5,90.2,1.4,3.1
2026-08-18T08:05,,0.0,,,,,,,
2026-08-18T08:10,311.9,0.0,1013.7,104.9,0.0,15.7,88.9,0.3,1.2
2026-08-18T08:15,,0.0,,,,,,,
2026-08-18T08:20,78.1,0.0,1013.6,98.4,0.0,15.8,90.7,0.8,1.7
2026-08-18T08:25,,0.0,,,,,,,
2026-08-18T08:30,234.9,0.0,1013.7,120.5,0.0,15.8,89.7,2.4,4.6
2026-08-18T08:35,,0.0,,,,,,,
2026-08-18T08:40,172.7,0.0,1013.6,123.2,0.0,15.9,90.6,0.8,1.8
2026-08-18T08:45,,0.0,,,,,,,
2026-08-18T08:50,217.5,0.0,1013.6,113.4,0.0,16.2,87.8,0.3,0.9
2026-08-18T08:55,,0.0,,,,,,,
2026-08-18T09:00,92.4,0.0,1013.4,117.0,5.0,16.3,88.8,0.8,1.5
2026-08-18T09:05,,0.0,,,,,,,
2026-08-18T09:10,237.6,0.0,1013.3,279.6,370.0,16.5,86.0,0.7,2.8
2026-08-18T09:15,,0.0,,,,,,,
2026-08-18T09:20,230.2,0.0,1013.0,306.1,268.0,16.9,86.9,2.6,3.8
2026-08-18T09:25,,0.0,,,,,,,
2026-08-18T09:30,222.2,0.0,1013.0,218.4,52.0,16.7,85.5,2.4,4.2
2026-08-18T09:35,,0.0,,,,,,,
2026-08-18T09:40,224.8,0.0,1013.0,203.7,0.0,16.8,84.3,2.5,4.6
2026-08-18T09:45,,0.0,,,,,,,
2026-08-18T09:50,230.9,0.0,1012.8,242.8,0.0,17.1,84.0,0.4,2.1
2026-08-18T09:55,,0.0,,,,,,,
2026-08-18T10:00,227.5,0.0,1012.8,207.9,0.0,17.3,79.5,1.3,2.2
2026-08-18T10:05,,0.0,,,,,,,
2026-08-18T10:10,117.7,0.0,1012.7,196.5,1.0,17.3,78.0,0.9,2.7
2026-08-18T10:15,,0.0,,,,,,,
2026-08-18T10:20,104.6,0.0,1012.8,184.5,10.0,17.4,77.6,1.3,2.3
2026-08-18T10:25,,0.0,,,,,,,
2026-08-18T10:30,55.5,0.0,1012.9,143.3,0.0,17.3,76.2,0.9,2.4
2026-08-18T10:35,,0.0,,,,,,,
2026-08-18T10:40,56.2,0.0,1012.9,169.5,0.0,17.2,79.8,0.9,1.8
2026-08-18T10:45,,0.0,,,,,,,
2026-08-18T10:50,74.4,0.0,1013.0,159.4,0.0,17.0,80.6,0.9,2.0
2026-08-18T10:55,,0.0,,,,,,,
2026-08-18T11:00,93.1,0.0,1013.0,177.7,0.0,17.0,81.1,1.2,2.8
2026-08-18T11:05,,0.0,,,,,,,
2026-08-18T11:10,73.4,0.0,1013.0,200.1,0.0,17.0,80.9,0.7,1.8
2026-08-18T11:15,,0.0,,,,,,,
2026-08-18T11:20,57.1,0.0,1013.2,194.3,0.0,17.1,79.4,0.8,2.1
2026-08-18T11:25,,0.0,,,,,,,
2026-08-18T11:30,81.0,0.0,1013.0,205.7,0.0,17.3,77.0,0.6,1.5
2026-08-18T11:35,,0.0,,,,,,,
2026-08-18T11:40,119.0,0.0,1013.0,232.5,0.0,17.4,75.9,1.2,2.2
2026-08-18T11:45,,0.0,,,,,,,
2026-08-18T11:50,108.0,0.0,1012.8,312.8,44.0,17.8,76.3,1.2,2.6
2026-08-18T11:55,,0.0,,,,,,,
2026-08-18T12:00,108.2,0.0,1012.5,585.6,526.0,18.4,71.6,1.4,3.0
2026-08-18T12:05,,0.0,,,,,,,
2026-08-18T12:10,80.6,0.0,1012.3,292.5,21.0,18.7,69.1,1.4,3.2
2026-08-18T12:15,,0.0,,,,,,,
2026-08-18T12:20,123.4,0.0,1011.9,402.2,61.0,19.0,69.6,1.2,2.8
2026-08-18T12:25,,0.0,,,,,,,
2026-08-18T12:30,102.2,0.0,1011.9,284.1,0.0,18.9,69.0,1.0,2.6
2026-08-18T12:35,,0.0,,,,,,,
2026-08-18T12:40,101.8,0.0,1011.7,279.4,0.0,19.1,67.2,0.9,2.2
2026-08-18T12:45,,0.0,,,,,,,
2026-08-18T12:50,116.6,0.0,1011.4,590.9,373.0,19.4,66.0,1.3,3.0
2026-08-18T12:55,,0.0,,,,,,,
2026-08-18T13:00,106.6,0.0,1011.0,830.4,498.0,20.4,62.4,2.1,3.4
2026-08-18T13:05,,0.0,,,,,,,
2026-08-18T13:10,68.8,0.0,1010.5,942.5,591.0,21.1,58.1,1.7,4.3
2026-08-18T13:15,,0.0,,,,,,,
2026-08-18T13:20,87.6,0.0,1010.1,986.6,600.0,21.9,56.0,1.7,4.2
2026-08-18T13:25,,0.0,,,,,,,
2026-08-18T13:30,101.5,0.0,1009.6,946.0,600.0,22.3,53.6,2.2,5.5
2026-08-18T13:35,,0.0,,,,,,,
2026-08-18T13:40,116.4,0.0,1009.3,962.8,600.0,22.8,50.6,1.7,5.3
2026-08-18T13:45,,0.0,,,,,,,
2026-08-18T13:50,97.7,0.0,1009.3,968.1,600.0,22.8,51.9,2.3,5.1
2026-08-18T13:55,,0.0,,,,,,,
2026-08-18T14:00,215.7,0.0,1008.9,955.3,600.0,23.8,44.3,1.3,5.7
2026-08-18T14:05,,0.0,,,,,,,
2026-08-18T14:10,183.7,0.0,1008.7,818.4,578.0,24.0,41.8,2.6,7.9
2026-08-18T14:15,,0.0,,,,,,,
2026-08-18T14:20,181.4,0.0,1008.5,753.9,600.0,24.0,41.4,3.0,8.9
2026-08-18T14:25,,0.0,,,,,,,
2026-08-18T14:30,163.5,0.0,1008.2,854.3,600.0,24.4,41.4,2.0,4.6
2026-08-18T14:35,,0.0,,,,,,,
2026-08-18T14:40,163.5,0.0,1007.9,888.1,600.0,24.9,40.6,2.1,5.0
2026-08-18T14:45,,0.0,,,,,,,
2026-08-18T14:50,198.1,0.0,1007.6,878.2,591.0,25.2,40.8,3.1,8.5
2026-08-18T14:55,,0.0,,,,,,,
2026-08-18T15:00,209.0,0.0,1007.6,818.2,568.0,25.2,40.6,3.8,8.3
2026-08-18T15:05,,0.0,,,,,,,
2026-08-18T15:10,186.5,0.0,1007.4,675.9,472.0,25.3,40.7,2.7,6.8
2026-08-18T15:15,,0.0,,,,,,,
2026-08-18T15:20,199.2,0.0,1007.2,856.2,600.0,25.2,40.9,5.1,9.3
2026-08-18T15:25,,0.0,,,,,,,
2026-08-18T15:30,187.9,0.0,1007.1,624.2,600.0,25.5,38.9,3.2,7.5
2026-08-18T15:35,,0.0,,,,,,,
2026-08-18T15:40,207.2,0.0,1007.0,736.8,600.0,25.3,37.7,5.0,10.1
2026-08-18T15:45,,0.0,,,,,,,
2026-08-18T15:50,198.0,0.0,1006.9,704.7,599.0,25.5,37.7,3.5,9.4
2026-08-18T15:55,,0.0,,,,,,,
2026-08-18T16:00,194.3,0.0,1006.7,733.5,600.0,25.7,38.1,3.6,9.5
2026-08-18T16:05,,0.0,,,,,,,
2026-08-18T16:10,207.7,0.0,1006.7,664.3,594.0,25.7,38.2,4.7,9.4
2026-08-18T16:15,,0.0,,,,,,,
2026-08-18T16:20,208.1,0.0,1006.5,627.9,591.0,25.6,36.9,3.8,8.1
2026-08-18T16:25,,0.0,,,,,,,
2026-08-18T16:30,189.6,0.0,1006.5,523.3,494.0,25.6,37.0,4.7,9.8
2026-08-18T16:35,,0.0,,,,,,,
2026-08-18T16:40,196.3,0.0,1006.7,586.3,555.0,25.5,37.2,4.1,9.0
2026-08-18T16:45,,0.0,,,,,,,
2026-08-18T16:50,196.7,0.0,1006.5,615.3,579.0,25.5,36.5,4.3,8.9
2026-08-18T16:55,,0.0,,,,,,,
2026-08-18T17:00,191.5,0.0,1006.2,560.0,575.0,25.6,36.9,3.8,7.5
2026-08-18T17:05,,0.0,,,,,,,
2026-08-18T17:10,181.7,0.0,1006.1,388.9,320.0,25.6,35.1,4.0,8.0
2026-08-18T17:15,,0.0,,,,,,,
2026-08-18T17:20,180.6,0.0,1006.2,391.0,518.0,25.2,35.7,4.9,9.6
2026-08-18T17:25,,0.0,,,,,,,
2026-08-18T17:30,164.3,0.0,1006.2,548.7,600.0,25.4,37.4,2.2,10.2
2026-08-18T17:35,,0.0,,,,,,,
2026-08-18T17:40,95.7,0.0,1006.2,503.1,600.0,24.6,44.7,1.8,3.6
2026-08-18T17:45,,0.0,,,,,,,
2026-08-18T17:50,61.6,0.0,1006.3,431.6,588.0,24.2,47.0,2.0,5.8
2026-08-18T17:55,,0.0,,,,,,,
2026-08-18T18:00,52.6,0.0,1006.7,366.2,600.0,23.7,47.9,2.2,6.1
2026-08-18T18:05,,0.0,,,,,,,
2026-08-18T18:10,108.0,0.0,1006.9,259.0,339.0,23.5,49.4,2.0,5.0
2026-08-18T18:15,,0.0,,,,,,,
2026-08-18T18:20,105.7,0.0,1007.0,369.9,0.0,23.4,48.5,2.2,5.1
2026-08-18T18:25,,0.0,,,,,,,
2026-08-18T18:30,56.5,0.0,1007.2,171.9,0.0,23.0,50.0,2.2,5.1
2026-08-18T18:35,,0.0,,,,,,,
2026-08-18T18:40,61.1,0.0,1007.5,170.5,424.0,22.6,51.8,1.6,4.8
2026-08-18T18:45,,0.0,,,,,,,
2026-08-18T18:50,51.9,0.0,1007.7,114.5,219.0,22.2,52.8,2.5,5.2
2026-08-18T18:55,,0.0,,,,,,,
2026-08-18T19:00,49.5,0.0,1008.1,68.5,0.0,21.8,53.8,2.5,4.5
2026-08-18T19:05,,0.0,,,,,,,
2026-08-18T19:10,49.9,0.0,1008.4,85.1,0.0,21.6,54.3,2.2,3.8
2026-08-18T19:15,,0.0,,,,,,,
2026-08-18T19:20,52.5,0.0,1008.6,69.4,0.0,21.3,54.5,2.6,4.8
2026-08-18T19:25,,0.0,,,,,,,
2026-08-18T19:30,54.7,0.0,1008.7,58.0,0.0,21.2,54.5,1.8,3.9
2026-08-18T19:35,,0.0,,,,,,,
2026-08-18T19:40,41.9,0.0,1008.8,36.2,0.0,21.0,53.8,2.1,3.3
2026-08-18T19:45,,0.0,,,,,,,
2026-08-18T19:50,32.1,0.0,1009.0,17.5,0.0,20.9,54.4,1.1,2.8
2026-08-18T19:55,,0.0,,,,,,,
2026-08-18T20:00,19.0,0.0,1009.1,7.8,0.0,20.7,57.3,0.7,1.4
2026-08-18T20:05,,0.0,,,,,,,
2026-08-18T20:10,349.9,0.0,1009.1,4.4,0.0,20.6,57.6,1.9,3.0
2026-08-18T20:15,,0.0,,,,,,,
2026-08-18T20:20,53.8,0.0,1009.3,0.2,0.0,20.5,56.6,0.7,1.9
2026-08-18T20:25,,0.0,,,,,,,
2026-08-18T20:30,53.2,0.0,1009.4,0.0,0.0,20.3,57.6,0.7,1.7
2026-08-18T20:35,,0.0,,,,,,,
2026-08-18T20:40,31.2,0.0,1009.6,0.0,0.0,19.8,60.1,1.1,2.2
2026-08-18T20:45,,0.0,,,,,,,
2026-08-18T20:50,321.4,0.0,1009.9,0.0,0.0,19.7,61.9,0.3,1.6
2026-08-18T20:55,,0.0,,,,,,,
2026-08-18T21:00,331.6,0.0,1010.1,0.0,0.0,19.6,63.8,0.8,2.0
2026-08-18T21:05,,0.0,,,,,,,
2026-08-18T21:10,266.1,0.0,1010.5,0.0,0.0,19.5,67.6,1.3,1.8
2026-08-18T21:15,,0.0,,,,,,,
2026-08-18T21:20,270.0,0.0,1010.6,0.0,0.0,19.4,70.7,1.3,2.4
2026-08-18T21:25,,0.0,,,,,,,
2026-08-18T21:30,337.2,0.0,1010.8,0.0,0.0,19.1,70.3,1.2,1.8
2026-08-18T21:35,,0.0,,,,,,,
2026-08-18T21:40,257.0,0.0,1011.0,0.0,0.0,19.1,69.9,1.9,2.7
2026-08-18T21:45,,0.0,,,,,,,
2026-08-18T21:50,269.7,0.0,1011.0,0.0,0.0,19.3,65.0,1.7,3.8
2026-08-18T21:55,,0.0,,,,,,,
2026-08-18T22:00,211.3,0.0,1011.1,0.0,0.0,19.0,73.5,3.3,4.6
2026-08-18T22:05,,0.0,,,,,,,
2026-08-18T22:10,248.7,0.0,1011.1,0.0,0.0,18.8,72.2,2.0,4.1
2026-08-18T22:15,,0.0,,,,,,,
2026-08-18T22:20,231.2,0.0,1011.3,0.0,0.0,18.8,70.4,1.2,1.8
2026-08-18T22:25,,0.0,,,,,,,
2026-08-18T22:30,286.1,0.0,1011.5,0.0,0.0,18.5,72.7,1.6,3.0
2026-08-18T22:35,,0.0,,,,,,,
2026-08-18T22:40,241.3,0.0,1011.5,0.0,0.0,18.5,72.2,1.3,3.3
2026-08-18T22:45,,0.0,,,,,,,
2026-08-18T22:50,229.2,0.0,1011.5,0.0,0.0,18.4,75.9,2.7,3.2
2026-08-18T22:55,,0.0,,,,,,,
2026-08-18T23:00,251.7,0.0,1011.6,0.0,0.0,18.1,77.9,2.0,4.3
2026-08-18T23:05,,0.0,,,,,,,
2026-08-18T23:10,212.6,0.0,1011.6,0.0,0.0,18.1,80.8,2.7,4.7
2026-08-18T23:15,,0.0,,,,,,,
2026-08-18T23:20,244.7,0.0,1011.8,0.0,0.0,17.9,78.8,2.6,3.6
2026-08-18T23:25,,0.0,,,,,,,
2026-08-18T23:30,232.7,0.0,1012.0,0.0,0.0,17.8,81.6,3.1,3.6
2026-08-18T23:35,,0.0,,,,,,,
2026-08-18T23:40,247.0,0.0,1012.0,0.0,0.0,17.5,82.0,2.6,3.6
2026-08-18T23:45,,0.0,,,,,,,
2026-08-18T23:50,242.1,0.0,1011.9,0.0,0.0,17.3,84.5,3.5,4.3
2026-08-18T23:55,,0.0,,,,,,,
2026-08-19T00:00,239.6,0.0,1012.2,0.0,0.0,17.2,84.9,2.7,3.5
2026-08-19T00:05,,0.0,,,,,,,
2026-08-19T00:10,243.2,0.0,1012.4,0.0,0.0,17.1,84.5,2.2,3.2
2026-08-19T00:15,,0.0,,,,,,,
2026-08-19T00:20,245.7,0.0,1012.4,0.0,0.0,17.1,83.8,2.2,3.4
2026-08-19T00:25,,0.0,,,,,,,
2026-08-19T00:30,251.1,0.0,1012.4,0.0,0.0,17.2,82.8,2.9,3.7
2026-08-19T00:35,,0.0,,,,,,,
2026-08-19T00:40,238.1,0.0,1012.2,0.0,0.0,17.3,80.8,2.1,3.8
2026-08-19T00:45,,0.0,,,,,,,
2026-08-19T00:50,252.8,0.0,1012.2,0.0,0.0,17.3,79.3,2.8,4.2
2026-08-19T00:55,,0.0,,,,,,,
2026-08-19T01:00,254.1,0.0,1012.1,0.0,0.0,17.7,73.6,1.8,3.9
2026-08-19T01:05,,0.0,,,,,,,
2026-08-19T01:10,231.7,0.0,1012.2,0.0,0.0,17.6,79.5,2.0,4.4
2026-08-19T01:15,,0.0,,,,,,,
2026-08-19T01:20,241.3,0.0,1012.4,0.0,0.0,17.4,81.0,1.5,3.4
2026-08-19T01:25,,0.0,,,,,,,
2026-08-19T01:30,234.1,0.0,1012.3,0.0,0.0,17.4,82.6,2.8,4.0
2026-08-19T01:35,,0.0,,,,,,,
2026-08-19T01:40,227.2,0.0,1012.4,0.0,0.0,17.2,83.8,2.2,3.7
2026-08-19T01:45,,0.0,,,,,,,
2026-08-19T01:50,299.4,0.0,1012.6,0.0,0.0,16.8,83.8,1.5,2.9
2026-08-19T01:55,,0.0,,,,,,,
2026-08-19T02:00,231.2,0.0,1012.6,0.0,0.0,16.9,83.5,1.9,4.3
2026-08-19T02:05,,0.0,,,,,,,
2026-08-19T02:10,270.0,0.0,1012.6,0.0,0.0,16.8,83.9,1.4,2.6
2026-08-19T02:15,,0.0,,,,,,,
2026-08-19T02:20,254.4,0.0,1012.6,0.0,0.0,16.9,82.6,1.5,4.0
2026-08-19T02:25,,0.0,,,,,,,
2026-08-19T02:30,258.0,0.0,1012.7,0.0,0.0,16.7,83.1,2.3,3.2
2026-08-19T02:35,,0.0,,,,,,,
2026-08-19T02:40,252.4,0.0,1012.7,0.0,0.0,16.6,83.2,1.7,3.2
2026-08-19T02:45,,0.0,,,,,,,
2026-08-19T02:50,257.1,0.0,1012.8,0.0,0.0,16.4,86.8,2.7,3.7
2026-08-19T02:55,,0.0,,,,,,,
2026-08-19T03:00,230.1,0.0,1012.8,0.0,0.0,16.4,87.7,2.8,4.0
2026-08-19T03:05,,0.0,,,,,,,
2026-08-19T03:10,262.2,0.0,1012.9,0.0,0.0,16.1,89.2,1.7,3.6
2026-08-19T03:15,,0.0,,,,,,,
2026-08-19T03:20,262.9,0.0,1013.0,0.0,0.0,15.9,90.0,1.8,2.7
2026-08-19T03:25,,0.0,,,,,,,
2026-08-19T03:30,265.2,0.0,1012.9,0.0,0.0,16.0,87.2,2.4,3.5
2026-08-19T03:35,,0.0,,,,,,,
2026-08-19T03:40,233.5,0.0,1012.9,0.0,0.0,15.9,89.7,1.4,3.7
2026-08-19T03:45,,0.0,,,,,,,
2026-08-19T03:50,266.7,0.0,1013.0,0.0,0.0,15.7,89.6,1.4,3.6
2026-08-19T03:55,,0.0,,,,,,,
2026-08-19T04:00,275.9,0.0,1013.0,0.0,0.0,15.7,89.6,1.2,2.3
2026-08-19T04:05,,0.0,,,,,,,
2026-08-19T04:10,262.1,0.0,1013.1,0.0,0.0,15.5,89.3,1.7,4.0
2026-08-19T04:15,,0.0,,,,,,,
2026-08-19T04:20,246.6,0.0,1013.1,0.0,0.0,15.6,89.1,2.5,3.7
2026-08-19T04:25,,0.0,,,,,,,
2026-08-19T04:30,243.4,0.0,1013.1,0.0,0.0,15.6,91.4,2.6,4.3
2026-08-19T04:35,,0.0,,,,,,,
2026-08-19T04:40,250.0,0.0,1013.1,0.0,0.0,15.3,93.9,2.7,3.5
2026-08-19T04:45,,0.0,,,,,,,
2026-08-19T04:50,249.4,0.0,1013.1,0.0,0.0,15.2,96.0,2.6,3.7
2026-08-19T04:55,,0.0,,,,,,,
2026-08-19T05:00,246.0,0.0,1013.0,0.0,0.0,15.2,92.6,2.9,4.2
2026-08-19T05:05,,0.0,,,,,,,
2026-08-19T05:10,237.4,0.0,1013.1,0.0,0.0,15.1,95.7,3.4,4.2
2026-08-19T05:15,,0.0,,,,,,,
2026-08-19T05:20,257.8,0.0,1013.2,0.0,0.0,15.0,95.1,2.9,4.2
2026-08-19T05:25,,0.0,,,,,,,
2026-08-19T05:30,246.1,0.0,1013.2,0.0,0.0,15.1,94.7,2.1,3.4
2026-08-19T05:35,,0.0,,,,,,,
2026-08-19T05:40,246.4,0.0,1013.2,0.0,0.0,15.2,95.1,3.2,4.2
2026-08-19T05:45,,0.0,,,,,,,
2026-08-19T05:50,239.5,0.0,1013.1,0.0,0.0,15.3,94.7,2.8,4.9
2026-08-19T05:55,,0.0,,,,,,,
2026-08-19T06:00,247.4,0.0,1013.1,0.0,0.0,15.3,93.4,2.5,3.7
2026-08-19T06:05,,0.0,,,,,,,
2026-08-19T06:10,244.2,0.0,1013.2,0.0,0.0,15.3,95.2,2.8,3.9
2026-08-19T06:15,,0.0,,,,,,,
2026-08-19T06:20,236.9,0.0,1013.2,0.6,0.0,15.5,92.8,2.3,4.0
2026-08-19T06:25,,0.0,,,,,,,
2026-08-19T06:30,248.0,0.0,1013.2,4.0,0.0,15.4,94.2,2.2,3.4
2026-08-19T06:35,,0.0,,,,,,,
2026-08-19T06:40,285.6,0.0,1013.3,10.1,0.0,15.2,94.0,1.1,2.2
2026-08-19T06:45,,0.0,,,,,,,
2026-08-19T06:50,241.6,0.0,1013.3,18.7,0.0,15.3,93.0,1.9,3.1
2026-08-19T06:55,,0.0,,,,,,,
2026-08-19T07:00,277.4,0.0,1013.4,28.6,0.0,15.4,93.1,1.4,2.0
2026-08-19T07:05,,0.0,,,,,,,
2026-08-19T07:10,274.5,0.0,1013.4,41.0,0.0,15.6,91.9,0.7,1.6
2026-08-19T07:15,,0.0,,,,,,,
2026-08-19T07:20,252.9,0.0,1013.3,40.4,0.0,15.8,91.2,0.8,1.8
2026-08-19T07:25,,0.0,,,,,,,
2026-08-19T07:30,296.9,0.0,1013.3,60.0,0.0,15.9,90.9,1.0,1.7
2026-08-19T07:35,,0.0,,,,,,,
2026-08-19T07:40,241.5,0.0,1013.2,63.3,0.0,16.2,89.1,0.8,1.4
2026-08-19T07:45,,0.0,,,,,,,
2026-08-19T07:50,242.2,0.0,1013.1,64.9,0.0,16.3,86.9,0.7,1.2
2026-08-19T07:55,,0.0,,,,,,,
2026-08-19T08:00,230.4,0.0,1013.0,65.1,0.0,16.7,82.3,0.9,1.6
2026-08-19T08:05,,0.0,,,,,,,
2026-08-19T08:10,241.5,0.0,1012.9,58.6,0.0,16.9,81.3,0.4,1.2
2026-08-19T08:15,,0.0,,,,,,,
2026-08-19T08:20,125.1,0.0,1012.8,83.5,0.0,17.0,81.2,0.5,1.1
2026-08-19T08:25,,0.0,,,,,,,
2026-08-19T08:30,132.5,0.0,1012.7,106.4,0.0,17.4,79.5,0.9,1.6
2026-08-19T08:35,,0.0,,,,,,,
2026-08-19T08:40,103.9,0.0,1012.7,108.2,1.0,17.6,76.2,1.2,2.3
2026-08-19T08:45,,0.0,,,,,,,
2026-08-19T08:50,103.8,0.0,1012.8,123.3,494.0,17.4,77.1,0.9,2.6
2026-08-19T08:55,,0.0,,,,,,,
2026-08-19T09:00,95.2,0.0,1012.6,366.7,599.0,17.7,76.2,0.9,1.9
2026-08-19T09:05,,0.0,,,,,,,
2026-08-19T09:10,120.8,0.0,1012.4,400.5,600.0,18.0,73.1,0.9,1.9
2026-08-19T09:15,,0.0,,,,,,,
2026-08-19T09:20,166.9,0.0,1012.2,449.2,600.0,18.4,74.4,1.1,1.9
2026-08-19T09:25,,0.0,,,,,,,
2026-08-19T09:30,206.7,0.0,1012.0,472.2,600.0,18.7,75.7,0.9,1.6
2026-08-19T09:35,,0.0,,,,,,,
2026-08-19T09:40,217.3,0.0,1011.7,521.6,600.0,19.1,74.3,1.1,1.8
2026-08-19T09:45,,0.0,,,,,,,
2026-08-19T09:50,174.6,0.0,1011.5,554.3,600.0,19.3,71.3,0.6,2.0
2026-08-19T09:55,,0.0,,,,,,,
2026-08-19T10:00,153.1,0.0,1011.3,578.9,600.0,19.6,70.1,1.0,1.9
2026-08-19T10:05,,0.0,,,,,,,
2026-08-19T10:10,122.7,0.0,1010.8,606.1,600.0,20.6,62.7,1.8,3.1
2026-08-19T10:15,,0.0,,,,,,,
2026-08-19T10:20,100.5,0.0,1010.7,630.4,600.0,21.0,62.1,1.4,3.0
2026-08-19T10:25,,0.0,,,,,,,
2026-08-19T10:30,92.5,0.0,1010.5,654.9,600.0,21.1,62.8,1.4,3.2
2026-08-19T10:35,,0.0,,,,,,,
2026-08-19T10:40,94.6,0.0,1010.4,676.4,600.0,21.4,62.9,1.5,3.2
2026-08-19T10:45,,0.0,,,,,,,
2026-08-19T10:50,97.7,0.0,1010.2,697.9,600.0,21.9,62.3,1.6,3.5
2026-08-19T10:55,,0.0,,,,,,,
2026-08-19T11:00,94.4,0.0,1010.0,720.7,600.0,22.1,62.8,1.7,3.5
2026-08-19T11:05,,0.0,,,,,,,
2026-08-19T11:10,93.8,0.0,1009.7,740.1,600.0,22.4,61.8,1.7,3.6
2026-08-19T11:15,,0.0,,,,,,,
2026-08-19T11:20,89.5,0.0,1009.6,758.8,600.0,22.5,61.8,1.6,4.2
2026-08-19T11:25,,0.0,,,,,,,
2026-08-19T11:30,73.4,0.0,1009.4,774.4,599.0,22.8,62.1,1.3,3.9
2026-08-19T11:35,,0.0,,,,,,,
2026-08-19T11:40,67.2,0.0,1009.3,795.3,600.0,23.1,61.6,1.5,4.1
2026-08-19T11:45,,0.0,,,,,,,
2026-08-19T11:50,73.3,0.0,1008.9,812.8,600.0,23.4,61.1,1.3,3.1
2026-08-19T11:55,,0.0,,,,,,,
2026-08-19T12:00,59.7,0.0,1008.6,830.6,600.0,23.6,60.8,1.6,3.7
2026-08-19T12:05,,0.0,,,,,,,
2026-08-19T12:10,62.6,0.0,1008.5,815.4,580.0,23.6,60.9,2.0,4.6
2026-08-19T12:15,,0.0,,,,,,,
2026-08-19T12:20,64.5,0.0,1008.3,838.5,598.0,23.8,60.4,1.9,4.6
2026-08-19T12:25,,0.0,,,,,,,
2026-08-19T12:30,88.4,0.0,1008.1,880.6,600.0,24.3,59.2,1.8,3.6
2026-08-19T12:35,,0.0,,,,,,,
2026-08-19T12:40,86.9,0.0,1007.9,734.4,496.0,24.5,58.3,2.2,5.2
2026-08-19T12:45,,0.0,,,,,,,
2026-08-19T12:50,92.5,0.0,1007.8,770.3,564.0,24.5,58.7,2.1,3.9
2026-08-19T12:55,,0.0,,,,,,,
2026-08-19T13:00,96.2,0.0,1007.5,820.4,600.0,24.7,57.4,2.6,5.1
2026-08-19T13:05,,0.0,,,,,,,
2026-08-19T13:10,99.9,0.0,1007.2,887.9,597.0,25.2,56.2,3.0,5.9
2026-08-19T13:15,,0.0,,,,,,,
2026-08-19T13:20,102.4,0.0,1007.0,707.4,515.0,25.4,56.0,3.2,5.4
2026-08-19T13:25,,0.0,,,,,,,
2026-08-19T13:30,100.4,0.0,1007.0,553.1,301.0,25.2,57.3,2.7,5.0
2026-08-19T13:35,,0.0,,,,,,,
2026-08-19T13:40,79.4,0.0,1006.7,649.8,537.0,25.6,56.5,1.7,4.3
2026-08-19T13:45,,0.0,,,,,,,
2026-08-19T13:50,80.5,0.0,1006.4,931.0,585.0,26.2,54.6,1.9,5.0
2026-08-19T13:55,,0.0,,,,,,,
2026-08-19T14:00,90.5,0.0,1006.2,600.3,372.0,26.2,55.1,2.0,5.3
2026-08-19T14:05,,0.0,,,,,,,
2026-08-19T14:10,86.6,0.0,1006.3,511.7,375.0,25.9,55.9,1.9,4.0
2026-08-19T14:15,,0.0,,,,,,,
2026-08-19T14:20,93.4,0.0,1006.3,365.4,213.0,25.6,56.8,1.9,4.2
2026-08-19T14:25,,0.0,,,,,,,
2026-08-19T14:30,72.2,0.0,1006.6,154.3,1.0,25.1,58.8,1.6,3.5
2026-08-19T14:35,,0.0,,,,,,,
2026-08-19T14:40,96.2,0.0,1006.6,515.0,450.0,25.3,58.2,1.9,3.6
2026-08-19T14:45,,0.0,,,,,,,
2026-08-19T14:50,94.4,0.0,1006.3,521.3,370.0,25.8,56.3,1.7,3.5
2026-08-19T14:55,,0.0,,,,,,,
2026-08-19T15:00,55.9,0.0,1006.2,420.4,515.0,25.9,55.4,2.2,4.7
2026-08-19T15:05,,0.0,,,,,,,
2026-08-19T15:10,53.1,0.0,1006.1,302.0,171.0,25.7,56.0,1.4,3.4
2026-08-19T15:15,,0.0,,,,,,,
2026-08-19T15:20,76.1,0.0,1006.0,183.3,0.0,25.7,56.6,1.3,3.2
2026-08-19T15:25,,0.0,,,,,,,
2026-08-19T15:30,44.1,0.0,1006.1,169.2,5.0,25.3,56.2,2.8,4.6
2026-08-19T15:35,,0.0,,,,,,,
2026-08-19T15:40,54.8,0.0,1005.9,383.9,279.0,25.6,55.7,1.7,4.0
2026-08-19T15:45,,0.0,,,,,,,
2026-08-19T15:50,91.5,0.0,1005.8,389.1,397.0,25.9,55.4,1.2,2.6
2026-08-19T15:55,,0.0,,,,,,,
2026-08-19T16:00,51.7,0.0,1005.8,297.3,156.0,26.0,54.4,1.9,4.8
2026-08-19T16:05,,0.0,,,,,,,
2026-08-19T16:10,54.7,0.0,1005.9,183.8,66.0,25.5,56.3,1.2,3.0
2026-08-19T16:15,,0.0,,,,,,,
2026-08-19T16:20,72.7,0.0,1005.9,208.6,0.0,25.4,56.3,1.3,3.0
2026-08-19T16:25,,0.0,,,,,,,
2026-08-19T16:30,75.1,0.0,1006.0,153.1,25.0,25.2,57.7,1.0,3.5
2026-08-19T16:35,,0.0,,,,,,,
2026-08-19T16:40,61.4,0.0,1006.1,118.0,0.0,25.2,56.3,1.5,3.1
2026-08-19T16:45,,0.0,,,,,,,
2026-08-19T16:50,131.2,0.0,1006.0,130.1,0.0,25.1,55.5,1.6,4.1
2026-08-19T16:55,,0.0,,,,,,,
2026-08-19T17:00,148.1,0.0,1006.0,113.5,0.0,25.1,56.3,0.8,1.9
2026-08-19T17:05,,0.0,,,,,,,
2026-08-19T17:10,340.6,0.0,1006.0,254.3,273.0,25.2,56.9,1.5,3.2
2026-08-19T17:15,,0.0,,,,,,,
2026-08-19T17:20,340.9,0.0,1005.6,227.2,186.0,25.6,56.7,1.5,2.4
2026-08-19T17:25,,0.0,,,,,,,
2026-08-19T17:30,26.1,0.0,1005.8,104.4,59.0,25.1,57.5,0.9,3.4
2026-08-19T17:35,,0.0,,,,,,,
2026-08-19T17:40,102.7,0.0,1005.6,292.3,376.0,25.4,56.8,1.2,3.2
2026-08-19T17:45,,0.0,,,,,,,
2026-08-19T17:50,101.6,0.0,1005.7,69.6,0.0,25.1,57.1,1.1,2.9
2026-08-19T17:55,,0.0,,,,,,,
2026-08-19T18:00,32.4,0.0,1005.9,75.2,0.0,24.7,60.3,0.4,1.5
2026-08-19T18:05,,0.0,,,,,,,
2026-08-19T18:10,337.0,0.0,1005.9,241.6,444.0,24.7,61.8,1.8,2.6
2026-08-19T18:15,,0.0,,,,,,,
2026-08-19T18:20,350.9,0.0,1006.0,62.5,0.0,24.3,63.5,1.7,2.6
2026-08-19T18:25,,0.0,,,,,,,
2026-08-19T18:30,345.8,0.0,1006.2,73.6,0.0,23.6,66.8,2.1,2.6
2026-08-19T18:35,,0.0,,,,,,,
2026-08-19T18:40,350.4,0.0,1006.3,48.1,0.0,23.4,67.0,2.0,3.2
2026-08-19T18:45,,0.0,,,,,,,
2026-08-19T18:50,342.8,0.0,1006.4,54.2,56.0,23.1,68.3,1.9,2.8
2026-08-19T18:55,,0.0,,,,,,,
2026-08-19T19:00,320.1,0.0,1006.6,37.0,0.0,22.7,71.7,1.3,1.9
2026-08-19T19:05,,0.0,,,,,,,
2026-08-19T19:10,328.1,0.0,1006.8,28.7,0.0,22.4,73.6,1.0,2.2
2026-08-19T19:15,,0.0,,,,,,,
2026-08-19T19:20,331.5,0.0,1006.9,23.9,0.0,22.1,75.9,0.7,1.5
2026-08-19T19:25,,0.0,,,,,,,
2026-08-19T19:30,338.6,0.0,1007.0,21.7,0.0,21.9,74.3,1.4,2.1
2026-08-19T19:35,,0.0,,,,,,,
2026-08-19T19:40,311.6,0.0,1007.2,19.5,0.0,21.8,74.5,1.0,1.5
2026-08-19T19:45,,0.0,,,,,,,
2026-08-19T19:50,321.5,0.0,1007.3,16.8,0.0,21.4,79.4,1.1,2.1
2026-08-19T19:55,,0.0,,,,,,,
2026-08-19T20:00,345.9,0.0,1007.5,10.1,0.0,21.4,76.1,0.6,2.0
2026-08-19T20:05,,0.0,,,,,,,
2026-08-19T20:10,335.1,0.0,1007.6,5.2,0.0,21.3,76.2,1.2,2.3
2026-08-19T20:15,,0.0,,,,,,,
2026-08-19T20:20,301.2,0.0,1007.8,1.2,0.0,20.9,79.9,1.2,1.9
2026-08-19T20:25,,0.0,,,,,,,
2026-08-19T20:30,273.0,0.0,1008.0,0.0,0.0,20.7,84.7,1.0,2.3
2026-08-19T20:35,,0.0,,,,,,,
2026-08-19T20:40,286.7,0.0,1008.2,0.0,0.0,20.5,83.9,1.1,2.6
2026-08-19T20:45,,0.0,,,,,,,
2026-08-19T20:50,307.1,0.0,1008.5,0.0,0.0,20.3,83.9,2.0,3.1
2026-08-19T20:55,,0.0,,,,,,,
2026-08-19T21:00,300.7,0.0,1008.6,0.0,0.0,20.3,80.3,1.5,2.8
2026-08-19T21:05,,0.0,,,,,,,
2026-08-19T21:10,277.2,0.0,1008.8,0.0,0.0,20.1,81.5,1.2,2.1
2026-08-19T21:15,,0.0,,,,,,,
2026-08-19T21:20,276.2,0.0,1009.0,0.0,0.0,20.1,81.7,1.4,1.9
2026-08-19T21:25,,0.0,,,,,,,
2026-08-19T21:30,267.1,0.0,1009.4,0.0,0.0,19.8,83.3,1.4,2.2
2026-08-19T21:35,,0.0,,,,,,,
2026-08-19T21:40,290.7,0.0,1009.5,0.0,0.0,19.7,82.9,1.4,2.3
2026-08-19T21:45,,0.0,,,,,,,
2026-08-19T21:50,262.1,0.0,1009.5,0.0,0.0,19.8,81.8,1.7,3.1
2026-08-19T21:55,,0.0,,,,,,,
2026-08-19T22:00,253.8,0.0,1009.8,0.0,0.0,19.4,87.2,1.8,3.4
2026-08-19T22:05,,0.0,,,,,,,
2026-08-19T22:10,249.4,0.0,1010.1,0.0,0.0,19.2,88.3,3.1,4.2
2026-08-19T22:15,,0.0,,,,,,,
2026-08-19T22:20,263.3,0.0,1010.1,0.0,0.0,19.3,85.8,1.9,2.8
2026-08-19T22:25,,0.0,,,,,,,
2026-08-19T22:30,239.2,0.0,1010.2,0.0,0.0,19.0,89.1,2.5,4.0
2026-08-19T22:35,,0.0,,,,,,,
2026-08-19T22:40,255.6,0.0,1010.4,0.0,0.0,18.6,91.1,2.4,3.4
2026-08-19T22:45,,0.0,,,,,,,
2026-08-19T22:50,295.4,0.0,1010.6,0.0,0.0,18.6,89.3,0.6,2.0
2026-08-19T22:55,,0.0,,,,,,,
2026-08-19T23:00,264.7,0.0,1010.6,0.0,0.0,18.8,87.5,1.8,2.6
2026-08-19T23:05,,0.0,,,,,,,
2026-08-19T23:10,262.2,0.0,1010.5,0.0,0.0,18.9,85.6,1.8,2.7
2026-08-19T23:15,,0.0,,,,,,,
2026-08-19T23:20,242.0,0.0,1010.8,0.0,0.0,18.8,89.2,1.9,2.7
2026-08-19T23:25,,0.0,,,,,,,
2026-08-19T23:30,296.1,0.0,1010.8,0.0,0.0,18.3,95.2,1.3,2.2
2026-08-19T23:35,,0.0,,,,,,,
2026-08-19T23:40,343.8,0.0,1010.6,0.0,0.0,18.3,100.0,1.4,2.3
2026-08-19T23:45,,0.0,,,,,,,
2026-08-19T23:50,256.5,0.0,1010.8,0.0,0.0,18.2,100.0,1.5,3.1
2026-08-19T23:55,,0.0,,,,,,,
2026-08-20T00:00,287.0,0.0,1010.9,0.0,0.0,18.5,97.5,0.9,3.7
2026-08-20T00:05,,0.0,,,,,,,
2026-08-20T00:10,244.3,0.0,1010.8,0.0,0.0,18.3,99.5,2.0,4.2
2026-08-20T00:15,,0.0,,,,,,,
2026-08-20T00:20,266.5,0.0,1010.7,0.0,0.0,18.3,100.0,1.2,3.1
2026-08-20T00:25,,0.0,,,,,,,
2026-08-20T00:30,262.0,0.0,1010.6,0.0,0.0,18.4,99.0,0.9,2.7
2026-08-20T00:35,,0.0,,,,,,,
2026-08-20T00:40,256.5,0.0,1010.4,0.0,0.0,18.2,100.0,1.3,2.5
2026-08-20T00:45,,0.0,,,,,,,
2026-08-20T00:50,325.4,0.0,1010.7,0.0,0.0,18.2,99.7,1.1,2.5
2026-08-20T00:55,,0.0,,,,,,,
2026-08-20T01:00,244.0,0.0,1010.9,0.0,0.0,18.4,99.3,1.1,3.2
2026-08-20T01:05,,0.0,,,,,,,
2026-08-20T01:10,325.9,0.0,1010.6,0.0,0.0,18.4,96.1,1.9,3.6
2026-08-20T01:15,,0.0,,,,,,,
2026-08-20T01:20,253.9,0.0,1010.6,0.0,0.0,18.6,96.5,1.2,2.6
2026-08-20T01:25,,0.0,,,,,,,
2026-08-20T01:30,265.7,0.0,1010.7,0.0,0.0,18.4,95.6,1.8,3.2
2026-08-20T01:35,,0.0,,,,,,,
2026-08-20T01:40,255.7,0.0,1010.7,0.0,0.0,18.4,96.3,1.8,2.6
2026-08-20T01:45,,0.0,,,,,,,
2026-08-20T01:50,250.6,0.0,1010.7,0.0,0.0,18.1,98.1,2.1,3.6
2026-08-20T01:55,,0.0,,,,,,,
2026-08-20T02:00,235.5,0.0,1010.5,0.0,0.0,18.0,99.5,2.5,4.0
2026-08-20T02:05,,0.0,,,,,,,
2026-08-20T02:10,309.6,0.0,1010.6,0.0,0.0,18.1,96.8,1.1,2.2
2026-08-20T02:15,,0.0,,,,,,,
2026-08-20T02:20,258.3,0.0,1010.6,0.0,0.0,18.1,97.2,1.6,3.3
2026-08-20T02:25,,0.0,,,,,,,
2026-08-20T02:30,278.7,0.0,1010.6,0.0,0.0,18.0,96.9,1.3,2.8
2026-08-20T02:35,,0.0,,,,,,,
2026-08-20T02:40,246.7,0.0,1010.5,0.0,0.0,18.0,97.8,1.9,2.7
2026-08-20T02:45,,0.0,,,,,,,
2026-08-20T02:50,254.5,0.0,1010.9,0.0,0.0,17.7,99.8,2.4,3.5
2026-08-20T02:55,,0.0,,,,,,,
2026-08-20T03:00,261.8,0.0,1011.0,0.0,0.0,17.5,100.0,2.0,2.5
2026-08-20T03:05,,0.0,,,,,,,
2026-08-20T03:10,302.2,0.0,1011.3,0.0,0.0,17.3,99.1,1.5,2.8
2026-08-20T03:15,,0.0,,,,,,,
2026-08-20T03:20,271.0,0.0,1011.4,0.0,0.0,17.4,97.9,1.8,3.1
2026-08-20T03:25,,0.0,,,,,,,
2026-08-20T03:30,239.3,0.0,1011.6,0.0,0.0,17.4,98.1,1.8,3.0
2026-08-20T03:35,,0.0,,,,,,,
2026-08-20T03:40,252.3,0.0,1011.7,0.0,0.0,17.2,99.1,1.9,2.9
2026-08-20T03:45,,0.0,,,,,,,
2026-08-20T03:50,253.9,0.0,1011.9,0.0,0.0,16.9,99.9,1.9,2.9
2026-08-20T03:55,,0.0,,,,,,,
2026-08-20T04:00,260.1,0.0,1011.9,0.0,0.0,16.7,99.3,1.8,3.5
2026-08-20T04:05,,0.0,,,,,,,
2026-08-20T04:10,260.9,0.0,1012.2,0.0,0.0,16.6,100.0,2.7,3.5
2026-08-20T04:15,,0.0,,,,,,,
2026-08-20T04:20,243.0,0.0,1012.4,0.0,0.0,16.5,100.0,2.8,4.4
2026-08-20T04:25,,0.0,,,,,,,
2026-08-20T04:30,239.0,0.0,1012.3,0.0,0.0,16.5,99.1,2.9,4.5
2026-08-20T04:35,,0.0,,,,,,,
2026-08-20T04:40,244.3,0.0,1012.3,0.0,0.0,16.5,99.7,2.8,4.5
2026-08-20T04:45,,0.0,,,,,,,
2026-08-20T04:50,258.0,0.0,1012.5,0.0,0.0,16.2,99.9,3.0,4.1
2026-08-20T04:55,,0.0,,,,,,,
2026-08-20T05:00,257.0,0.0,1012.5,0.0,0.0,16.3,99.4,2.9,3.9
2026-08-20T05:05,,0.0,,,,,,,
2026-08-20T05:10,235.3,0.0,1012.2,0.0,0.0,16.5,98.8,2.3,3.6
2026-08-20T05:15,,0.0,,,,,,,
2026-08-20T05:20,271.5,0.0,1012.2,0.0,0.0,16.2,99.8,2.1,3.0
2026-08-20T05:25,,0.0,,,,,,,
2026-08-20T05:30,248.1,0.0,1012.3,0.0,0.0,16.4,99.1,2.2,3.8
2026-08-20T05:35,,0.0,,,,,,,
2026-08-20T05:40,310.2,0.0,1012.3,0.0,0.0,16.4,98.8,2.2,3.5
2026-08-20T05:45,,0.0,,,,,,,
2026-08-20T05:50,262.5,0.0,1012.1,0.0,0.0,17.0,95.4,0.3,2.3
2026-08-20T05:55,,0.0,,,,,,,
2026-08-20T06:00,244.1,0.0,1012.1,0.0,0.0,16.9,96.3,1.7,2.6
2026-08-20T06:05,,0.0,,,,,,,
2026-08-20T06:10,308.2,0.0,1012.0,0.0,0.0,16.8,98.1,1.6,3.5
2026-08-20T06:15,,0.0,,,,,,,
2026-08-20T06:20,269.3,0.0,1011.9,0.0,0.0,16.9,98.6,0.9,3.2
2026-08-20T06:25,,0.0,,,,,,,
2026-08-20T06:30,309.1,0.0,1012.1,0.5,0.0,16.6,99.9,1.3,3.2
2026-08-20T06:35,,0.0,,,,,,,
2026-08-20T06:40,22.8,0.0,1012.3,4.7,0.0,16.3,100.0,0.8,2.3
2026-08-20T06:45,,0.0,,,,,,,
2026-08-20T06:50,311.0,0.0,1012.7,11.1,0.0,16.3,100.0,0.8,1.6
2026-08-20T06:55,,0.0,,,,,,,
2026-08-20T07:00,289.7,0.0,1012.8,19.3,0.0,16.4,100.0,0.8,1.6
2026-08-20T07:05,,0.0,,,,,,,
2026-08-20T07:10,325.2,0.0,1012.8,25.8,0.0,16.3,100.0,1.5,2.5
2026-08-20T07:15,,0.0,,,,,,,
2026-08-20T07:20,246.1,0.0,1012.8,30.8,0.0,16.5,100.0,2.2,3.2
2026-08-20T07:25,,0.0,,,,,,,
2026-08-20T07:30,266.1,0.0,1013.0,37.4,0.0,16.4,99.7,1.7,3.0
2026-08-20T07:35,,0.0,,,,,,,
2026-08-20T07:40,237.7,0.0,1013.0,51.8,0.0,16.5,100.0,1.7,2.8
2026-08-20T07:45,,0.0,,,,,,,
2026-08-20T07:50,243.2,0.0,1012.9,112.8,0.0,16.5,100.0,1.5,2.4
2026-08-20T07:55,,0.0,,,,,,,
2026-08-20T08:00,243.0,0.0,1012.7,158.7,0.0,16.8,100.0,2.1,2.7
2026-08-20T08:05,,0.0,,,,,,,
2026-08-20T08:10,229.1,0.0,1012.7,47.7,0.0,17.0,100.0,2.8,3.5
2026-08-20T08:15,,0.0,,,,,,,
2026-08-20T08:20,240.9,0.0,1012.8,11.9,0.0,17.1,100.0,2.4,3.5
2026-08-20T08:25,,0.0,,,,,,,
2026-08-20T08:30,302.2,0.0,1012.9,5.3,0.0,17.3,99.7,0.8,1.7
2026-08-20T08:35,,0.0,,,,,,,
2026-08-20T08:40,6.0,0.1,1013.3,6.6,0.0,17.2,100.0,0.1,1.1
2026-08-20T08:45,,0.1,,,,,,,
2026-08-20T08:50,312.0,0.3,1013.6,19.1,0.0,16.9,100.0,0.2,1.7
2026-08-20T08:55,,0.3,,,,,,,
2026-08-20T09:00,270.7,0.3,1014.0,55.0,0.0,16.5,100.0,1.5,2.2
2026-08-20T09:05,,0.1,,,,,,,
2026-08-20T09:10,238.6,0.1,1014.1,62.0,0.0,16.5,100.0,1.1,1.8
2026-08-20T09:15,,0.0,,,,,,,
2026-08-20T09:20,207.3,0.0,1013.9,17.5,0.0,16.5,100.0,2.0,3.7
2026-08-20T09:25,,0.0,,,,,,,
2026-08-20T09:30,252.6,0.2,1013.8,11.3,0.0,16.2,100.0,2.8,4.1
2026-08-20T09:35,,0.4,,,,,,,
2026-08-20T09:40,225.1,0.3,1013.8,10.7,0.0,16.3,100.0,4.6,6.4
2026-08-20T09:45,,0.4,,,,,,,
2026-08-20T09:50,230.5,0.5,1014.0,22.9,0.0,16.2,100.0,5.5,6.8
2026-08-20T09:55,,0.4,,,,,,,
2026-08-20T10:00,235.9,0.1,1013.6,115.0,0.0,16.2,100.0,3.0,6.0
2026-08-20T10:05,,0.0,,,,,,,
2026-08-20T10:10,252.7,0.0,1013.3,185.2,5.0,16.3,100.0,2.2,3.7
2026-08-20T10:15,,0.0,,,,,,,
2026-08-20T10:20,203.7,0.0,1013.5,32.0,0.0,16.5,100.0,0.9,3.0
2026-08-20T10:25,,0.0,,,,,,,
2026-08-20T10:30,109.4,0.1,1013.9,18.7,0.0,16.2,99.9,0.8,1.7
2026-08-20T10:35,,0.0,,,,,,,
2026-08-20T10:40,7.3,0.1,1013.9,43.9,0.0,16.1,99.9,1.0,1.9
2026-08-20T10:45,,0.3,,,,,,,
2026-08-20T10:50,234.7,0.1,1013.9,189.3,0.0,16.3,99.9,0.3,2.0
2026-08-20T10:55,,0.0,,,,,,,
2026-08-20T11:00,209.4,0.0,1013.9,78.1,0.0,16.6,100.0,0.8,2.2
2026-08-20T11:05,,0.0,,,,,,,
2026-08-20T11:10,234.1,0.1,1014.0,39.6,0.0,16.6,100.0,1.8,2.6
2026-08-20T11:15,,0.1,,,,,,,
2026-08-20T11:20,212.9,0.0,1014.0,34.4,0.0,16.7,100.0,1.1,2.6
2026-08-20T11:25,,0.1,,,,,,,
2026-08-20T11:30,81.7,0.1,1013.7,53.5,0.0,16.6,99.9,1.0,2.4
2026-08-20T11:35,,0.0,,,,,,,
2026-08-20T11:40,62.1,0.0,1013.9,19.2,0.0,16.3,99.9,1.0,2.4
2026-08-20T11:45,,0.0,,,,,,,
2026-08-20T11:50,134.8,0.1,1014.0,12.2,0.0,16.1,99.9,1.1,1.6
2026-08-20T11:55,,0.1,,,,,,,
2026-08-20T12:00,187.3,0.1,1014.0,14.1,0.0,16.1,99.9,0.8,1.5
2026-08-20T12:05,,0.0,,,,,,,
2026-08-20T12:10,330.0,0.0,1014.0,11.0,0.0,16.1,99.9,1.0,1.7
2026-08-20T12:15,,0.2,,,,,,,
2026-08-20T12:20,210.8,0.0,1014.2,5.5,0.0,16.1,99.9,0.7,2.4
2026-08-20T12:25,,0.1,,,,,,,
2026-08-20T12:30,226.6,1.8,1014.6,5.5,0.0,16.2,99.9,2.5,3.4
2026-08-20T12:35,,1.5,,,,,,,
2026-08-20T12:40,239.0,0.9,1015.0,6.4,0.0,16.0,100.0,3.2,5.2
2026-08-20T12:45,,0.3,,,,,,,
2026-08-20T12:50,240.7,0.1,1015.1,7.1,0.0,16.0,100.0,3.0,5.2
2026-08-20T12:55,,0.2,,,,,,,
2026-08-20T13:00,216.2,0.2,1014.7,12.8,0.0,15.8,100.0,4.4,5.7
2026-08-20T13:05,,0.4,,,,,,,
2026-08-20T13:10,236.4,0.4,1014.9,27.4,0.0,15.5,100.0,5.5,6.7
2026-08-20T13:15,,0.4,,,,,,,
2026-08-20T13:20,249.1,0.2,1014.9,42.8,0.0,15.5,100.0,3.3,6.0
2026-08-20T13:25,,0.4,,,,,,,
2026-08-20T13:30,80.6,0.2,1015.2,89.1,0.0,15.2,100.0,0.6,1.5
2026-08-20T13:35,,0.0,,,,,,,
2026-08-20T13:40,112.5,0.1,1015.4,65.0,0.0,14.9,99.9,1.0,2.1
2026-08-20T13:45,,0.3,,,,,,,
2026-08-20T13:50,75.6,0.2,1015.4,104.3,0.0,14.9,99.9,0.3,1.0
2026-08-20T13:55,,0.1,,,,,,,
2026-08-20T14:00,127.8,0.2,1015.4,114.1,0.0,14.9,99.9,0.3,1.0
2026-08-20T14:05,,0.1,,,,,,,
2026-08-20T14:10,100.4,0.1,1014.9,280.6,0.0,15.4,99.9,0.7,1.5
2026-08-20T14:15,,0.0,,,,,,,
2026-08-20T14:20,42.2,0.0,1015.0,134.4,0.0,15.3,99.9,0.7,1.5
2026-08-20T14:25,,0.0,,,,,,,
2026-08-20T14:30,81.5,0.0,1014.9,66.3,0.0,15.3,99.9,0.7,1.9
2026-08-20T14:35,,0.0,,,,,,,
2026-08-20T14:40,93.5,0.0,1014.9,54.9,0.0,15.2,99.9,0.7,1.6
2026-08-20T14:45,,0.0,,,,,,,
2026-08-20T14:50,326.7,0.0,1015.1,36.6,0.0,15.0,99.9,1.2,1.5
2026-08-20T14:55,,0.0,,,,,,,
2026-08-20T15:00,23.0,0.1,1015.0,16.0,0.0,15.1,99.9,0.6,1.7
2026-08-20T15:05,,0.1,,,,,,,
2026-08-20T15:10,183.3,0.3,1015.3,13.1,0.0,15.0,99.9,0.3,1.6
2026-08-20T15:15,,0.3,,,,,,,
2026-08-20T15:20,29.2,0.3,1015.6,13.9,0.0,15.1,99.9,0.6,2.0
2026-08-20T15:25,,0.2,,,,,,,
2026-08-20T15:30,150.3,0.4,1015.7,14.9,0.0,14.7,99.9,1.4,1.9
2026-08-20T15:35,,0.5,,,,,,,
2026-08-20T15:40,345.1,0.2,1015.7,18.6,0.0,14.6,99.9,0.7,1.8
2026-08-20T15:45,,0.3,,,,,,,
2026-08-20T15:50,266.0,0.4,1015.7,21.1,0.0,14.7,99.9,0.4,1.3
2026-08-20T15:55,,0.2,,,,,,,
2026-08-20T16:00,187.9,0.2,1015.8,13.8,0.0,14.6,99.9,1.2,2.3
2026-08-20T16:05,,0.1,,,,,,,
2026-08-20T16:10,235.0,0.2,1015.6,20.3,0.0,14.5,99.9,0.5,2.3
2026-08-20T16:15,,0.2,,,,,,,
2026-08-20T16:20,198.3,0.1,1015.7,16.4,0.0,14.5,99.9,1.2,2.3
2026-08-20T16:25,,0.2,,,,,,,
2026-08-20T16:30,206.7,0.2,1015.8,14.9,0.0,14.5,99.9,1.5,3.1
2026-08-20T16:35,,0.6,,,,,,,
2026-08-20T16:40,214.3,1.2,1016.0,15.0,0.0,14.6,100.0,1.6,3.4
2026-08-20T16:45,,0.3,,,,,,,
2026-08-20T16:50,222.3,0.3,1016.2,15.5,0.0,14.5,99.9,1.5,3.0
2026-08-20T16:55,,0.4,,,,,,,
2026-08-20T17:00,141.5,0.4,1016.1,18.1,0.0,14.1,99.9,1.0,2.0
2026-08-20T17:05,,0.3,,,,,,,
2026-08-20T17:10,248.9,0.2,1015.9,15.1,0.0,14.3,99.9,0.1,1.3
2026-08-20T17:15,,0.1,,,,,,,
2026-08-20T17:20,124.0,0.1,1015.9,11.8,0.0,14.2,99.9,0.8,2.5
2026-08-20T17:25,,0.1,,,,,,,
2026-08-20T17:30,300.6,0.3,1016.1,8.8,0.0,14.0,99.9,0.9,2.1
2026-08-20T17:35,,0.3,,,,,,,
2026-08-20T17:40,208.7,0.5,1016.0,7.0,0.0,14.3,99.9,1.3,4.5
2026-08-20T17:45,,0.4,,,,,,,
2026-08-20T17:50,97.9,0.4,1015.5,11.0,0.0,14.1,99.9,0.9,2.3
2026-08-20T17:55,,0.2,,,,,,,
2026-08-20T18:00,76.6,0.3,1015.7,8.5,0.0,13.9,99.9,0.3,1.1
2026-08-20T18:05,,0.5,,,,,,,
2026-08-20T18:10,194.7,0.3,1015.8,4.9,0.0,14.0,99.9,0.5,1.0
2026-08-20T18:15,,0.3,,,,,,,
2026-08-20T18:20,210.6,0.5,1015.8,4.6,0.0,14.0,99.9,1.0,2.7
2026-08-20T18:25,,0.6,,,,,,,
2026-08-20T18:30,132.3,0.5,1015.3,4.9,0.0,13.9,99.9,0.9,2.1
2026-08-20T18:35,,0.4,,,,,,,
2026-08-20T18:40,318.0,0.2,1015.2,5.8,0.0,13.8,99.9,0.7,1.9
2026-08-20T18:45,,0.2,,,,,,,
2026-08-20T18:50,173.2,0.2,1015.4,5.0,0.0,13.8,99.9,1.2,2.8
2026-08-20T18:55,,0.2,,,,,,,
2026-08-20T19:00,193.6,0.3,1015.4,6.7,0.0,14.0,99.9,0.6,3.1
2026-08-20T19:05,,0.2,,,,,,,
2026-08-20T19:10,36.1,0.1,1015.0,7.4,0.0,13.8,99.9,1.1,1.7
2026-08-20T19:15,,0.0,,,,,,,
2026-08-20T19:20,116.9,0.0,1015.0,8.8,0.0,13.6,99.9,0.5,1.6
2026-08-20T19:25,,0.0,,,,,,,
2026-08-20T19:30,32.5,0.0,1014.9,5.2,0.0,13.7,99.9,0.2,1.3
2026-08-20T19:35,,0.0,,,,,,,
2026-08-20T19:40,232.7,0.0,1015.0,0.9,0.0,13.7,99.9,1.3,5.4
2026-08-20T19:45,,0.0,,,,,,,
2026-08-20T19:50,252.4,0.2,1015.3,0.0,0.0,13.8,99.9,2.6,5.1
2026-08-20T19:55,,0.2,,,,,,,
2026-08-20T20:00,225.1,0.2,1015.4,0.0,0.0,13.9,99.9,1.1,3.0
2026-08-20T20:05,,0.2,,,,,,,
2026-08-20T20:10,245.1,0.3,1015.3,0.0,0.0,13.9,99.9,1.6,3.0
2026-08-20T20:15,,0.4,,,,,,,
2026-08-20T20:20,236.9,0.4,1015.2,0.0,0.0,13.9,99.9,1.2,2.2
2026-08-20T20:25,,0.4,,,,,,,
2026-08-20T20:30,226.4,0.5,1015.3,0.0,0.0,14.0,99.9,2.5,4.5
2026-08-20T20:35,,0.4,,,,,,,
2026-08-20T20:40,209.8,0.6,1015.4,0.0,0.0,14.0,99.9,1.0,2.6
2026-08-20T20:45,,0.6,,,,,,,
2026-08-20T20:50,63.8,0.6,1015.8,0.0,0.0,13.7,99.9,0.6,2.0
2026-08-20T20:55,,0.6,,,,,,,
2026-08-20T21:00,41.8,0.6,1015.9,0.0,0.0,13.6,99.9,1.1,1.9
2026-08-20T21:05,,0.6,,,,,,,
2026-08-20T21:10,80.9,0.7,1016.2,0.0,0.0,13.5,99.9,0.8,1.7
2026-08-20T21:15,,0.5,,,,,,,
2026-08-20T21:20,4.3,0.5,1016.6,0.0,0.0,13.4,99.9,1.2,2.1
2026-08-20T21:25,,0.6,,,,,,,
2026-08-20T21:30,111.1,0.4,1016.5,0.0,0.0,13.4,99.9,0.8,1.6
2026-08-20T21:35,,0.4,,,,,,,
2026-08-20T21:40,340.3,0.2,1016.3,0.0,0.0,13.4,99.9,0.5,1.1
2026-08-20T21:45,,0.1,,,,,,,
2026-08-20T21:50,58.7,0.1,1016.0,0.0,0.0,13.4,99.9,0.2,1.2
2026-08-20T21:55,,0.2,,,,,,,
2026-08-20T22:00,113.2,0.1,1015.8,0.0,0.0,13.3,99.9,0.3,0.8
2026-08-20T22:05,,0.0,,,,,,,
2026-08-20T22:10,146.4,0.1,1015.6,0.0,0.0,13.4,99.9,0.2,1.1
2026-08-20T22:15,,0.0,,,,,,,
2026-08-20T22:20,241.7,0.0,1015.4,0.0,0.0,13.5,99.9,1.4,2.4
2026-08-20T22:25,,0.1,,,,,,,
2026-08-20T22:30,223.6,0.1,1015.4,0.0,0.0,13.5,99.9,0.7,1.4
2026-08-20T22:35,,0.0,,,,,,,
2026-08-20T22:40,145.3,0.1,1015.5,0.0,0.0,13.5,99.9,0.4,1.3
2026-08-20T22:45,,0.1,,,,,,,
2026-08-20T22:50,61.3,0.1,1015.5,0.0,0.0,13.5,99.9,0.7,1.4
2026-08-20T22:55,,0.1,,,,,,,
2026-08-20T23:00,74.1,0.0,1015.6,0.0,0.0,13.4,99.9,0.5,1.1
2026-08-20T23:05,,0.1,,,,,,,
2026-08-20T23:10,68.9,0.0,1015.6,0.0,0.0,13.3,99.9,0.4,0.8
2026-08-20T23:15,,0.0,,,,,,,
2026-08-20T23:20,57.6,0.1,1015.3,0.0,0.0,13.3,99.9,0.7,1.3
2026-08-20T23:25,,0.0,,,,,,,
2026-08-20T23:30,80.1,0.0,1015.2,0.0,0.0,13.2,99.9,0.8,2.1
2026-08-20T23:35,,0.1,,,,,,,
2026-08-20T23:40,46.5,0.0,1015.2,0.0,0.0,13.2,99.9,1.3,2.3
2026-08-20T23:45,,0.1,,,,,,,
2026-08-20T23:50,55.9,0.0,1015.1,0.0,0.0,13.2,99.9,0.5,1.5
2026-08-20T23:55,,0.0,,,,,,,
2026-08-21T00:00,19.3,0.0,1015.0,0.0,0.0,13.2,99.9,0.4,0.8
2026-08-21T00:05,,0.0,,,,,,,
2026-08-21T00:10,353.4,0.0,1014.6,0.0,0.0,13.2,99.9,0.5,1.3
2026-08-21T00:15,,0.0,,,,,,,
2026-08-21T00:20,118.7,0.0,1014.5,0.0,0.0,13.1,99.9,0.9,1.5
2026-08-21T00:25,,0.0,,,,,,,
2026-08-21T00:30,48.7,0.0,1014.5,0.0,0.0,13.1,99.9,0.7,1.3
2026-08-21T00:35,,0.0,,,,,,,
2026-08-21T00:40,29.4,0.0,1014.3,0.0,0.0,13.1,99.9,1.0,1.5
2026-08-21T00:45,,0.0,,,,,,,
2026-08-21T00:50,268.7,0.0,1014.4,0.0,0.0,13.1,99.9,0.5,1.6
2026-08-21T00:55,,0.0,,,,,,,
2026-08-21T01:00,261.9,0.0,1014.2,0.0,0.0,13.2,99.9,1.7,2.8
2026-08-21T01:05,,0.0,,,,,,,
2026-08-21T01:10,249.6,0.0,1013.8,0.0,0.0,13.3,99.9,1.1,2.9
2026-08-21T01:15,,0.0,,,,,,,
2026-08-21T01:20,223.1,0.0,1013.7,0.0,0.0,13.6,99.9,2.9,4.0
2026-08-21T01:25,,0.0,,,,,,,
2026-08-21T01:30,249.8,0.0,1013.9,0.0,0.0,13.5,99.9,3.2,4.1
2026-08-21T01:35,,0.0,,,,,,,
2026-08-21T01:40,219.1,0.0,1013.8,0.0,0.0,13.8,99.9,3.4,5.4
2026-08-21T01:45,,0.0,,,,,,,
2026-08-21T01:50,219.7,0.0,1013.8,0.0,0.0,13.6,99.9,2.4,4.3
2026-08-21T01:55,,0.0,,,,,,,
2026-08-21T02:00,243.3,0.0,1014.0,0.0,0.0,13.5,99.9,3.6,4.8
2026-08-21T02:05,,0.0,,,,,,,
2026-08-21T02:10,231.4,0.0,1013.8,0.0,0.0,13.6,100.0,1.9,3.8
2026-08-21T02:15,,0.0,,,,,,,
2026-08-21T02:20,243.0,0.0,1014.0,0.0,0.0,13.3,99.9,1.5,3.0
2026-08-21T02:25,,0.0,,,,,,,
2026-08-21T02:30,137.5,0.0,1014.2,0.0,0.0,13.1,99.9,0.5,2.1
2026-08-21T02:35,,0.0,,,,,,,
2026-08-21T02:40,312.7,0.0,1014.3,0.0,0.0,12.7,99.9,0.6,1.2
2026-08-21T02:45,,0.0,,,,,,,
2026-08-21T02:50,282.0,0.0,1014.1,0.0,0.0,12.4,99.9,0.7,1.1
2026-08-21T02:55,,0.0,,,,,,,
2026-08-21T03:00,302.7,0.0,1014.3,0.0,0.0,12.3,99.9,0.8,2.0
2026-08-21T03:05,,0.0,,,,,,,
2026-08-21T03:10,259.4,0.0,1014.2,0.0,0.0,12.5,99.9,1.9,4.5
2026-08-21T03:15,,0.0,,,,,,,
2026-08-21T03:20,220.9,0.0,1014.0,0.0,0.0,12.7,99.9,2.3,4.4
2026-08-21T03:25,,0.0,,,,,,,
2026-08-21T03:30,310.8,0.0,1014.0,0.0,0.0,12.4,99.9,0.8,2.8
2026-08-21T03:35,,0.0,,,,,,,
2026-08-21T03:40,43.7,0.0,1014.2,0.0,0.0,12.0,99.9,0.4,1.4
2026-08-21T03:45,,0.0,,,,,,,
2026-08-21T03:50,329.6,0.0,1014.4,0.0,0.0,11.7,99.9,1.3,1.8
2026-08-21T03:55,,0.0,,,,,,,
2026-08-21T04:00,322.4,0.0,1014.5,0.0,0.0,11.6,99.9,1.0,1.5
2026-08-21T04:05,,0.0,,,,,,,
2026-08-21T04:10,279.2,0.0,1014.5,0.0,0.0,11.7,99.9,0.7,1.5
2026-08-21T04:15,,0.0,,,,,,,
2026-08-21T04:20,272.9,0.0,1014.5,0.0,0.0,11.8,99.9,1.3,2.5
2026-08-21T04:25,,0.0,,,,,,,
2026-08-21T04:30,266.5,0.0,1014.5,0.0,0.0,11.9,99.9,1.4,2.0
2026-08-21T04:35,,0.0,,,,,,,
2026-08-21T04:40,261.5,0.0,1014.6,0.0,0.0,11.9,99.9,1.9,2.9
2026-08-21T04:45,,0.0,,,,,,,
2026-08-21T04:50,273.1,0.0,1014.6,0.0,0.0,11.8,99.9,1.2,1.8
2026-08-21T04:55,,0.0,,,,,,,
2026-08-21T05:00,245.4,0.0,1014.5,0.0,0.0,11.8,99.9,2.0,3.2
2026-08-21T05:05,,0.0,,,,,,,
2026-08-21T05:10,272.6,0.0,1014.4,0.0,0.0,11.7,99.9,1.7,2.5
2026-08-21T05:15,,0.0,,,,,,,
2026-08-21T05:20,269.4,0.0,1014.5,0.0,0.0,11.6,99.9,1.3,2.4
2026-08-21T05:25,,0.0,,,,,,,
2026-08-21T05:30,263.8,0.0,1014.4,0.0,0.0,11.5,99.9,1.3,2.1
2026-08-21T05:35,,0.0,,,,,,,
2026-08-21T05:40,263.8,0.0,1014.3,0.0,0.0,11.5,99.9,1.0,1.6
2026-08-21T05:45,,0.0,,,,,,,
2026-08-21T05:50,268.6,0.0,1014.2,0.0,0.0,11.4,99.9,2.0,3.1
2026-08-21T05:55,,0.0,,,,,,,
2026-08-21T06:00,250.1,0.0,1014.1,0.0,0.0,11.4,99.9,2.9,4.2
2026-08-21T06:05,,0.0,,,,,,,
2026-08-21T06:10,244.0,0.0,1014.0,0.0,0.0,11.4,99.9,2.7,3.8
2026-08-21T06:15,,0.0,,,,,,,
2026-08-21T06:20,241.5,0.0,1013.6,0.0,0.0,11.4,99.9,3.4,5.3
2026-08-21T06:25,,0.0,,,,,,,
2026-08-21T06:30,218.8,0.0,1013.6,1.8,0.0,11.6,99.9,3.3,5.2
2026-08-21T06:35,,0.0,,,,,,,
2026-08-21T06:40,228.3,0.0,1013.7,9.0,0.0,11.6,99.9,3.7,5.0
2026-08-21T06:45,,0.0,,,,,,,
2026-08-21T06:50,235.1,0.0,1013.5,14.3,0.0,11.6,99.9,2.7,4.0
2026-08-21T06:55,,0.0,,,,,,,
2026-08-21T07:00,232.5,0.0,1013.3,15.1,0.0,11.6,100.0,2.1,3.9
2026-08-21T07:05,,0.0,,,,,,,
2026-08-21T07:10,229.4,0.0,1013.2,18.5,0.0,11.6,100.0,1.7,3.2
2026-08-21T07:15,,0.0,,,,,,,
2026-08-21T07:20,230.4,0.0,1013.3,41.1,0.0,11.6,100.0,1.7,3.1
2026-08-21T07:25,,0.0,,,,,,,
2026-08-21T07:30,249.8,0.0,1013.0,57.8,0.0,11.7,100.0,1.6,2.5
2026-08-21T07:35,,0.0,,,,,,,
2026-08-21T07:40,263.1,0.0,1012.8,68.8,0.0,11.8,100.0,0.5,1.3
2026-08-21T07:45,,0.0,,,,,,,
2026-08-21T07:50,294.8,0.0,1012.6,78.9,0.0,11.9,100.0,1.1,1.9
2026-08-21T07:55,,0.0,,,,,,,
2026-08-21T08:00,247.6,0.0,1012.4,90.2,0.0,12.1,100.0,1.6,2.3
2026-08-21T08:05,,0.0,,,,,,,
2026-08-21T08:10,246.5,0.0,1012.2,91.3,0.0,12.1,100.0,1.7,2.7
2026-08-21T08:15,,0.0,,,,,,,
2026-08-21T08:20,253.6,0.0,1012.1,78.2,0.0,12.1,100.0,1.6,3.1
2026-08-21T08:25,,0.0,,,,,,,
2026-08-21T08:30,237.1,0.0,1012.4,70.4,0.0,12.4,100.0,3.7,4.6
2026-08-21T08:35,,0.0,,,,,,,
2026-08-21T08:40,243.6,0.0,1012.8,69.7,0.0,12.5,100.0,2.8,4.5
2026-08-21T08:45,,0.0,,,,,,,
2026-08-21T08:50,218.8,0.0,1012.7,61.3,0.0,12.7,100.0,1.3,2.6
2026-08-21T08:55,,0.0,,,,,,,
2026-08-21T09:00,185.7,0.0,1012.5,46.4,0.0,12.8,100.0,0.4,1.7
2026-08-21T09:05,,0.0,,,,,,,
2026-08-21T09:10,83.9,0.0,1012.4,35.8,0.0,12.6,100.0,0.7,1.4
2026-08-21T09:15,,0.0,,,,,,,
2026-08-21T09:20,39.0,0.0,1012.7,27.9,0.0,12.5,100.0,0.8,1.5
2026-08-21T09:25,,0.0,,,,,,,
2026-08-21T09:30,76.2,0.0,1013.1,24.0,0.0,12.6,99.9,0.7,1.7
2026-08-21T09:35,,0.0,,,,,,,
2026-08-21T09:40,97.7,0.0,1013.4,21.5,0.0,12.4,99.9,1.0,2.1
2026-08-21T09:45,,0.0,,,,,,,
2026-08-21T09:50,27.7,0.0,1013.6,23.2,0.0,12.3,99.9,1.2,1.8
2026-08-21T09:55,,0.1,,,,,,,
2026-08-21T10:00,83.4,0.0,1013.8,21.3,0.0,12.4,99.9,1.2,2.4
2026-08-21T10:05,,0.1,,,,,,,
2026-08-21T10:10,38.0,0.1,1014.1,21.6,0.0,12.3,99.9,0.6,1.3
2026-08-21T10:15,,0.1,,,,,,,
2026-08-21T10:20,14.3,0.1,1014.2,26.1,0.0,12.3,99.9,0.4,1.1
2026-08-21T10:25,,0.2,,,,,,,
2026-08-21T10:30,0.8,0.2,1014.4,26.8,0.0,12.3,99.9,0.6,1.0
2026-08-21T10:35,,0.2,,,,,,,
2026-08-21T10:40,114.2,0.3,1014.3,30.6,0.0,12.4,99.9,0.8,1.6
2026-08-21T10:45,,0.2,,,,,,,
2026-08-21T10:50,115.4,0.4,1014.3,32.8,0.0,12.2,99.9,0.4,0.7
2026-08-21T10:55,,0.3,,,,,,,
2026-08-21T11:00,282.3,0.3,1014.1,39.6,0.0,12.3,99.9,0.3,0.8
2026-08-21T11:05,,0.3,,,,,,,
2026-08-21T11:10,105.6,0.4,1013.8,46.1,0.0,12.6,99.9,0.2,1.4
2026-08-21T11:15,,0.4,,,,,,,
2026-08-21T11:20,113.2,0.3,1013.7,53.1,0.0,12.5,99.9,0.4,1.3
2026-08-21T11:25,,0.4,,,,,,,
2026-08-21T11:30,31.7,0.4,1013.7,45.4,0.0,12.5,99.9,0.2,1.2
2026-08-21T11:35,,0.5,,,,,,,
2026-08-21T11:40,226.1,0.3,1013.5,71.1,0.0,12.7,99.9,0.3,1.6
2026-08-21T11:45,,0.3,,,,,,,
2026-08-21T11:50,114.2,0.9,1013.3,49.7,0.0,12.8,99.9,0.4,1.8
2026-08-21T11:55,,0.7,,,,,,,
2026-08-21T12:00,212.6,0.5,1013.2,65.5,0.0,12.7,99.9,0.5,2.1
2026-08-21T12:05,,0.4,,,,,,,
2026-08-21T12:10,41.8,0.4,1013.0,101.2,0.0,12.8,99.9,0.6,2.8
2026-08-21T12:15,,0.3,,,,,,,
2026-08-21T12:20,106.2,0.2,1012.6,170.6,0.0,12.8,99.9,1.3,3.6
2026-08-21T12:25,,0.1,,,,,,,
2026-08-21T12:30,59.2,0.1,1012.3,140.4,0.0,12.6,99.9,0.4,3.3
2026-08-21T12:35,,0.1,,,,,,,
2026-08-21T12:40,349.8,0.2,1011.8,278.2,0.0,13.1,99.9,0.9,2.8
2026-08-21T12:45,,0.0,,,,,,,
2026-08-21T12:50,81.1,0.0,1011.5,247.8,0.0,13.4,99.9,0.8,2.0
2026-08-21T12:55,,0.0,,,,,,,
2026-08-21T13:00,76.9,0.0,1011.1,262.0,0.0,13.6,99.9,1.1,2.7
2026-08-21T13:05,,0.0,,,,,,,
2026-08-21T13:10,96.3,0.1,1010.9,232.3,0.0,13.5,99.9,1.4,2.6
2026-08-21T13:15,,0.2,,,,,,,
2026-08-21T13:20,82.6,0.0,1010.5,250.7,0.0,13.7,99.9,0.7,1.9
2026-08-21T13:25,,0.2,,,,,,,
2026-08-21T13:30,65.2,0.1,1010.4,155.5,0.0,13.6,99.9,0.8,2.1
2026-08-21T13:35,,0.0,,,,,,,
2026-08-21T13:40,95.7,0.1,1010.4,181.1,0.0,13.6,99.9,0.6,1.4
2026-08-21T13:45,,0.1,,,,,,,
2026-08-21T13:50,196.9,0.1,1010.2,187.8,0.0,13.6,99.9,0.4,1.3
2026-08-21T13:55,,0.1,,,,,,,
2026-08-21T14:00,246.9,0.1,1010.1,194.1,0.0,13.7,100.0,1.0,1.9
2026-08-21T14:05,,0.2,,,,,,,
2026-08-21T14:10,241.9,0.1,1009.9,178.0,0.0,13.9,100.0,1.2,1.7
2026-08-21T14:15,,0.1,,,,,,,
2026-08-21T14:20,230.6,0.1,1009.5,191.5,0.0,14.1,100.0,1.3,2.3
2026-08-21T14:25,,0.1,,,,,,,
2026-08-21T14:30,262.7,0.0,1009.1,232.1,0.0,14.1,100.0,1.2,1.9
2026-08-21T14:35,,0.0,,,,,,,
2026-08-21T14:40,221.0,0.1,1008.9,263.2,0.0,14.3,100.0,1.2,1.8
2026-08-21T14:45,,0.0,,,,,,,
2026-08-21T14:50,206.1,0.0,1008.7,187.4,0.0,14.4,100.0,1.1,2.1
2026-08-21T14:55,,0.0,,,,,,,
2026-08-21T15:00,153.4,0.0,1008.2,130.7,0.0,14.6,100.0,0.4,1.4
2026-08-21T15:05,,0.0,,,,,,,
2026-08-21T15:10,5.5,0.0,1008.4,103.5,0.0,14.3,100.0,0.2,0.7
2026-08-21T15:15,,0.0,,,,,,,
2026-08-21T15:20,60.9,0.0,1008.5,81.3,0.0,14.5,100.0,0.4,1.2
2026-08-21T15:25,,0.0,,,,,,,
2026-08-21T15:30,100.0,0.0,1008.6,69.0,0.0,14.3,99.9,1.2,1.9
2026-08-21T15:35,,0.1,,,,,,,
2026-08-21T15:40,93.2,0.1,1008.6,83.0,0.0,14.2,99.9,0.8,1.5
2026-08-21T15:45,,0.2,,,,,,,
2026-08-21T15:50,72.5,0.1,1008.6,131.3,0.0,14.1,99.9,0.6,1.4
2026-08-21T15:55,,0.1,,,,,,,
2026-08-21T16:00,44.5,0.0,1008.5,113.3,0.0,14.1,99.9,0.6,1.8
2026-08-21T16:05,,0.0,,,,,,,
2026-08-21T16:10,94.4,0.1,1008.5,80.1,0.0,14.3,99.9,0.7,1.4
2026-08-21T16:15,,0.0,,,,,,,
2026-08-21T16:20,99.2,0.0,1008.6,68.4,0.0,14.1,99.9,0.8,1.3
2026-08-21T16:25,,0.0,,,,,,,
2026-08-21T16:30,107.5,0.2,1008.8,75.0,0.0,13.9,99.9,0.9,1.7
2026-08-21T16:35,,0.1,,,,,,,
2026-08-21T16:40,109.3,0.2,1008.9,72.3,0.0,13.8,99.9,1.2,2.0
2026-08-21T16:45,,0.1,,,,,,,
2026-08-21T16:50,67.9,0.2,1008.9,93.2,0.0,13.6,99.9,0.7,2.1
2026-08-21T16:55,,0.1,,,,,,,
2026-08-21T17:00,66.0,0.1,1008.9,95.9,0.0,13.5,99.9,0.6,1.5
2026-08-21T17:05,,0.0,,,,,,,
2026-08-21T17:10,83.0,0.1,1009.0,77.3,0.0,13.5,99.9,0.8,1.8
2026-08-21T17:15,,0.1,,,,,,,
2026-08-21T17:20,69.2,0.2,1009.4,46.7,0.0,13.2,99.9,0.6,1.2
2026-08-21T17:25,,0.2,,,,,,,
2026-08-21T17:30,89.9,0.3,1009.5,41.1,0.0,13.3,99.9,0.5,0.8
2026-08-21T17:35,,0.2,,,,,,,
2026-08-21T17:40,93.8,0.2,1009.5,121.9,0.0,13.2,99.9,0.9,1.7
2026-08-21T17:45,,0.2,,,,,,,
2026-08-21T17:50,90.5,0.0,1009.3,201.0,0.0,13.4,99.9,0.9,1.6
2026-08-21T17:55,,0.0,,,,,,,
2026-08-21T18:00,68.6,0.1,1009.3,121.4,0.0,13.4,99.9,0.7,1.6
2026-08-21T18:05,,0.0,,,,,,,
2026-08-21T18:10,53.2,0.0,1009.3,91.8,0.0,13.4,99.9,0.7,1.4
2026-08-21T18:15,,0.0,,,,,,,
2026-08-21T18:20,91.1,0.0,1009.2,73.5,0.0,13.6,99.9,1.0,1.8
2026-08-21T18:25,,0.0,,,,,,,
2026-08-21T18:30,51.5,0.0,1009.3,54.5,0.0,13.4,99.9,1.0,2.9
2026-08-21T18:35,,0.0,,,,,,,
2026-08-21T18:40,86.9,0.0,1009.4,48.9,0.0,13.4,99.9,1.1,2.6
2026-08-21T18:45,,0.0,,,,,,,
2026-08-21T18:50,72.9,0.0,1009.4,58.9,0.0,13.3,99.9,0.9,1.7
2026-08-21T18:55,,0.0,,,,,,,
2026-08-21T19:00,65.4,0.0,1009.5,46.5,0.0,13.3,99.9,0.8,2.0
2026-08-21T19:05,,0.0,,,,,,,
2026-08-21T19:10,57.4,0.0,1009.6,39.6,0.0,13.2,99.9,0.8,1.6
2026-08-21T19:15,,0.0,,,,,,,
2026-08-21T19:20,62.7,0.0,1009.8,28.4,0.0,13.2,99.9,0.8,2.0
2026-08-21T19:25,,0.0,,,,,,,
2026-08-21T19:30,66.4,0.0,1009.9,17.7,0.0,13.2,99.9,0.6,2.0
2026-08-21T19:35,,0.0,,,,,,,
2026-08-21T19:40,55.9,0.0,1010.1,12.5,0.0,13.2,99.9,0.7,1.6
2026-08-21T19:45,,0.0,,,,,,,
2026-08-21T19:50,109.7,0.0,1010.4,9.7,0.0,13.1,99.9,0.7,1.3
2026-08-21T19:55,,0.0,,,,,,,
2026-08-21T20:00,348.4,0.0,1010.7,8.5,0.0,13.1,99.9,0.2,0.9
2026-08-21T20:05,,0.0,,,,,,,
2026-08-21T20:10,80.4,0.0,1010.7,4.7,0.0,13.2,99.9,0.3,0.9
2026-08-21T20:15,,0.0,,,,,,,
2026-08-21T20:20,276.6,0.0,1010.8,0.8,0.0,13.2,99.9,0.2,0.8
2026-08-21T20:25,,0.0,,,,,,,
2026-08-21T20:30,321.4,0.0,1011.1,0.0,0.0,13.2,99.9,0.8,1.6
2026-08-21T20:35,,0.0,,,,,,,
2026-08-21T20:40,9.6,0.0,1011.4,0.0,0.0,13.0,99.9,0.2,1.9
2026-08-21T20:45,,0.0,,,,,,,
2026-08-21T20:50,32.8,0.0,1011.4,0.0,0.0,12.9,99.9,1.2,2.5
2026-08-21T20:55,,0.0,,,,,,,
2026-08-21T21:00,54.9,0.0,1011.4,0.0,0.0,13.1,99.9,0.9,2.1
2026-08-21T21:05,,0.0,,,,,,,
2026-08-21T21:10,103.8,0.0,1011.6,0.0,0.0,13.0,99.9,0.5,1.0
2026-08-21T21:15,,0.0,,,,,,,
2026-08-21T21:20,28.9,0.0,1011.8,0.0,0.0,13.0,99.9,1.2,1.9
2026-08-21T21:25,,0.0,,,,,,,
2026-08-21T21:30,19.5,0.0,1011.9,0.0,0.0,12.8,99.9,0.7,1.8
2026-08-21T21:35,,0.0,,,,,,,
2026-08-21T21:40,7.3,0.0,1011.9,0.0,0.0,12.9,99.9,0.5,1.5
2026-08-21T21:45,,0.0,,,,,,,
2026-08-21T21:50,141.1,0.0,1012.0,0.0,0.0,12.9,99.9,0.8,1.8
2026-08-21T21:55,,0.0,,,,,,,
2026-08-21T22:00,206.3,0.0,1012.0,0.0,0.0,12.9,99.9,0.5,1.5
2026-08-21T22:05,,0.0,,,,,,,
2026-08-21T22:10,78.1,0.0,1012.3,0.0,0.0,12.7,99.9,0.4,1.3
2026-08-21T22:15,,0.0,,,,,,,
2026-08-21T22:20,51.6,0.0,1012.4,0.0,0.0,12.6,99.9,0.3,1.7
2026-08-21T22:25,,0.0,,,,,,,
2026-08-21T22:30,299.1,0.0,1012.5,0.0,0.0,12.4,99.9,0.3,1.5
2026-08-21T22:35,,0.0,,,,,,,
2026-08-21T22:40,102.9,0.0,1012.8,0.0,0.0,12.2,99.9,0.5,1.9
2026-08-21T22:45,,0.0,,,,,,,
2026-08-21T22:50,8.6,0.0,1012.9,0.0,0.0,12.2,99.9,0.9,1.8
2026-08-21T22:55,,0.0,,,,,,,
2026-08-21T23:00,217.1,0.0,1012.8,0.0,0.0,12.2,99.9,0.6,2.6
2026-08-21T23:05,,0.0,,,,,,,
2026-08-21T23:10,220.3,0.0,1012.8,0.0,0.0,12.3,99.9,2.3,4.1
2026-08-21T23:15,,0.0,,,,,,,
2026-08-21T23:20,238.3,0.0,1013.0,0.0,0.0,12.2,100.0,0.9,3.0
2026-08-21T23:25,,0.0,,,,,,,
2026-08-21T23:30,12.2,0.0,1013.4,0.0,0.0,11.6,100.0,1.0,2.0
2026-08-21T23:35,,0.0,,,,,,,
2026-08-21T23:40,334.0,0.0,1013.7,0.0,0.0,11.2,100.0,1.3,2.0
2026-08-21T23:45,,0.0,,,,,,,
2026-08-21T23:50,334.3,0.0,1014.0,0.0,0.0,10.8,99.9,1.1,1.9
2026-08-21T23:55,,0.0,,,,,,,
2026-08-22T00:00,320.7,0.0,1014.1,0.0,0.0,10.6,99.9,0.9,1.4
2026-08-22T00:05,,0.0,,,,,,,
2026-08-22T00:10,320.4,0.0,1014.3,0.0,0.0,10.5,99.9,1.3,1.9
2026-08-22T00:15,,0.0,,,,,,,
2026-08-22T00:20,319.8,0.0,1014.5,0.0,0.0,10.4,99.9,1.1,1.6
2026-08-22T00:25,,0.0,,,,,,,
2026-08-22T00:30,282.8,0.0,1014.5,0.0,0.0,10.3,99.9,1.2,2.2
2026-08-22T00:35,,0.0,,,,,,,
2026-08-22T00:40,249.0,0.0,1014.5,0.0,0.0,10.4,99.9,1.0,2.7
2026-08-22T00:45,,0.0,,,,,,,
2026-08-22T00:50,306.4,0.0,1014.7,0.0,0.0,10.2,99.9,1.0,1.9
2026-08-22T00:55,,0.0,,,,,,,
2026-08-22T01:00,288.2,0.0,1014.8,0.0,0.0,10.1,99.9,1.6,2.2
2026-08-22T01:05,,0.0,,,,,,,
2026-08-22T01:10,286.0,0.0,1014.9,0.0,0.0,9.8,99.9,1.1,2.0
2026-08-22T01:15,,0.0,,,,,,,
2026-08-22T01:20,270.4,0.0,1014.9,0.0,0.0,9.9,99.9,2.1,2.8
2026-08-22T01:25,,0.0,,,,,,,
2026-08-22T01:30,245.8,0.0,1014.9,0.0,0.0,9.9,99.9,2.0,2.8
2026-08-22T01:35,,0.0,,,,,,,
2026-08-22T01:40,258.8,0.0,1015.0,0.0,0.0,9.8,99.9,2.1,3.5
2026-08-22T01:45,,0.0,,,,,,,
2026-08-22T01:50,255.6,0.0,1015.1,0.0,0.0,9.7,100.0,1.9,2.8
2026-08-22T01:55,,0.0,,,,,,,
2026-08-22T02:00,250.2,0.0,1015.1,0.0,0.0,9.8,100.0,2.6,4.5
2026-08-22T02:05,,0.0,,,,,,,
2026-08-22T02:10,254.0,0.0,1015.1,0.0,0.0,9.6,99.9,3.1,4.1
2026-08-22T02:15,,0.0,,,,,,,
2026-08-22T02:20,234.1,0.0,1015.2,0.0,0.0,9.6,99.9,2.7,4.4
2026-08-22T02:25,,0.0,,,,,,,
2026-08-22T02:30,235.9,0.0,1015.2,0.0,0.0,9.7,99.9,3.1,5.0
2026-08-22T02:35,,0.0,,,,,,,
2026-08-22T02:40,227.0,0.0,1015.1,0.0,0.0,9.8,99.9,3.5,4.7
2026-08-22T02:45,,0.0,,,,,,,
2026-08-22T02:50,228.0,0.0,1015.1,0.0,0.0,9.7,99.9,3.5,4.9
2026-08-22T02:55,,0.0,,,,,,,
2026-08-22T03:00,226.9,0.0,1015.2,0.0,0.0,9.7,100.0,4.2,5.4
2026-08-22T03:05,,0.0,,,,,,,
2026-08-22T03:10,225.9,0.0,1015.3,0.0,0.0,9.8,100.0,3.0,4.4
2026-08-22T03:15,,0.0,,,,,,,
2026-08-22T03:20,258.3,0.0,1015.5,0.0,0.0,9.5,99.9,2.3,3.3
2026-08-22T03:25,,0.0,,,,,,,
2026-08-22T03:30,239.8,0.0,1015.5,0.0,0.0,9.4,100.0,2.7,3.8
2026-08-22T03:35,,0.0,,,,,,,
2026-08-22T03:40,254.8,0.0,1015.7,0.0,0.0,9.4,100.0,2.1,3.1
2026-08-22T03:45,,0.0,,,,,,,
2026-08-22T03:50,272.7,0.0,1015.9,0.0,0.0,9.2,100.0,1.8,2.7
2026-08-22T03:55,,0.0,,,,,,,
2026-08-22T04:00,280.5,0.0,1016.1,0.0,0.0,9.0,99.9,1.8,2.6
2026-08-22T04:05,,0.0,,,,,,,
2026-08-22T04:10,270.2,0.0,1016.1,0.0,0.0,9.0,99.9,1.9,3.0
2026-08-22T04:15,,0.0,,,,,,,
2026-08-22T04:20,266.0,0.0,1016.2,0.0,0.0,8.9,99.9,2.3,3.0
2026-08-22T04:25,,0.0,,,,,,,
2026-08-22T04:30,254.8,0.0,1016.2,0.0,0.0,8.9,99.9,2.3,3.4
2026-08-22T04:35,,0.0,,,,,,,
2026-08-22T04:40,259.2,0.0,1016.2,0.0,0.0,8.9,99.9,2.2,3.2
2026-08-22T04:45,,0.0,,,,,,,
2026-08-22T04:50,265.0,0.0,1016.2,0.0,0.0,8.8,99.9,2.2,2.9
2026-08-22T04:55,,0.0,,,,,,,
2026-08-22T05:00,268.3,0.0,1016.3,0.0,0.0,8.8,99.9,2.4,3.2
2026-08-22T05:05,,0.0,,,,,,,
2026-08-22T05:10,257.7,0.0,1016.4,0.0,0.0,8.8,99.9,2.3,3.5
2026-08-22T05:15,,0.0,,,,,,,
2026-08-22T05:20,259.6,0.0,1016.4,0.0,0.0,8.8,99.9,2.7,3.6
2026-08-22T05:25,,0.0,,,,,,,
2026-08-22T05:30,258.4,0.0,1016.4,0.0,0.0,8.7,99.9,2.7,3.4
2026-08-22T05:35,,0.0,,,,,,,
2026-08-22T05:40,231.9,0.0,1016.4,0.0,0.0,8.9,99.9,3.6,5.6
2026-08-22T05:45,,0.0,,,,,,,
2026-08-22T05:50,227.0,0.0,1016.3,0.0,0.0,9.0,100.0,4.1,5.0
2026-08-22T05:55,,0.0,,,,,,,
2026-08-22T06:00,240.2,0.0,1016.4,0.0,0.0,9.0,100.0,3.6,4.7
2026-08-22T06:05,,0.0,,,,,,,
2026-08-22T06:10,238.0,0.0,1016.4,0.0,0.0,9.0,100.0,3.5,4.3
2026-08-22T06:15,,0.0,,,,,,,
2026-08-22T06:20,231.6,0.0,1016.4,0.0,0.0,9.1,100.0,2.9,4.5
2026-08-22T06:25,,0.0,,,,,,,
2026-08-22T06:30,228.8,0.0,1016.5,1.4,0.0,9.0,100.0,3.1,4.1
2026-08-22T06:35,,0.0,,,,,,,
2026-08-22T06:40,255.2,0.0,1016.6,5.4,0.0,8.9,100.0,2.7,4.4
2026-08-22T06:45,,0.0,,,,,,,
2026-08-22T06:50,256.1,0.0,1016.8,9.6,0.0,8.8,100.0,2.5,3.6
2026-08-22T06:55,,0.0,,,,,,,
2026-08-22T07:00,253.5,0.0,1016.7,14.0,0.0,8.9,100.0,2.9,4.1
2026-08-22T07:05,,0.0,,,,,,,
2026-08-22T07:10,227.3,0.0,1016.6,18.8,0.0,9.1,100.0,4.5,5.1
2026-08-22T07:15,,0.0,,,,,,,
2026-08-22T07:20,215.1,0.0,1016.6,21.9,0.0,9.3,100.0,4.6,5.5
2026-08-22T07:25,,0.0,,,,,,,
2026-08-22T07:30,222.0,0.0,1016.6,24.3,0.0,9.3,100.0,3.5,4.9
2026-08-22T07:35,,0.0,,,,,,,
2026-08-22T07:40,227.2,0.0,1016.7,27.3,0.0,9.4,100.0,3.3,4.4
2026-08-22T07:45,,0.0,,,,,,,
2026-08-22T07:50,228.8,0.0,1016.6,29.2,0.0,9.6,100.0,2.7,4.0
2026-08-22T07:55,,0.0,,,,,,,
2026-08-22T08:00,229.7,0.0,1016.4,32.6,0.0,10.0,100.0,1.8,3.5
2026-08-22T08:05,,0.0,,,,,,,
2026-08-22T08:10,233.6,0.0,1016.6,34.5,0.0,9.9,100.0,0.6,1.9
2026-08-22T08:15,,0.0,,,,,,,
2026-08-22T08:20,251.0,0.0,1016.6,36.6,0.0,10.1,100.0,0.6,1.6
2026-08-22T08:25,,0.0,,,,,,,
2026-08-22T08:30,173.8,0.0,1016.4,40.0,0.0,10.4,100.0,0.5,1.8
2026-08-22T08:35,,0.0,,,,,,,
2026-08-22T08:40,187.5,0.0,1016.4,80.7,242.0,10.5,100.0,0.7,1.3
2026-08-22T08:45,,0.0,,,,,,,
2026-08-22T08:50,202.7,0.0,1016.3,303.8,451.0,11.0,100.0,0.7,1.5
2026-08-22T08:55,,0.0,,,,,,,
2026-08-22T09:00,189.0,0.0,1016.3,335.4,300.0,11.2,100.0,0.9,1.8
2026-08-22T09:05,,0.0,,,,,,,
2026-08-22T09:10,179.8,0.0,1016.3,412.8,600.0,11.5,100.0,0.9,2.0
2026-08-22T09:15,,0.0,,,,,,,
2026-08-22T09:20,195.7,0.0,1016.2,455.3,600.0,11.9,100.0,0.8,2.1
2026-08-22T09:25,,0.0,,,,,,,
2026-08-22T09:30,194.1,0.0,1016.0,501.7,600.0,12.4,100.0,1.0,1.9
2026-08-22T09:35,,0.0,,,,,,,
2026-08-22T09:40,213.3,0.0,1015.9,545.4,600.0,12.6,100.0,1.1,2.3
2026-08-22T09:45,,0.0,,,,,,,
2026-08-22T09:50,209.0,0.0,1015.8,568.4,600.0,12.8,100.0,1.1,2.0
2026-08-22T09:55,,0.0,,,,,,,
2026-08-22T10:00,186.2,0.0,1015.6,566.8,600.0,13.3,100.0,1.0,1.7
2026-08-22T10:05,,0.0,,,,,,,
2026-08-22T10:10,180.6,0.0,1015.4,587.3,600.0,13.6,100.0,1.1,1.8
2026-08-22T10:15,,0.0,,,,,,,
2026-08-22T10:20,211.8,0.0,1015.2,443.7,600.0,14.0,100.0,1.1,2.4
2026-08-22T10:25,,0.0,,,,,,,
2026-08-22T10:30,230.4,0.0,1015.3,526.4,600.0,13.8,99.9,1.2,1.9
2026-08-22T10:35,,0.0,,,,,,,
2026-08-22T10:40,121.8,0.0,1015.1,585.4,600.0,14.3,97.2,1.3,3.1
2026-08-22T10:45,,0.0,,,,,,,
2026-08-22T10:50,109.5,0.0,1014.7,671.3,600.0,15.0,93.0,2.1,3.1
2026-08-22T10:55,,0.0,,,,,,,
2026-08-22T11:00,107.8,0.0,1014.4,686.6,600.0,15.7,91.3,2.3,3.3
2026-08-22T11:05,,0.0,,,,,,,
2026-08-22T11:10,104.0,0.0,1014.1,740.1,600.0,16.2,89.7,1.7,3.3
2026-08-22T11:15,,0.0,,,,,,,
2026-08-22T11:20,102.7,0.0,1014.0,778.1,600.0,16.5,83.3,2.0,3.5
2026-08-22T11:25,,0.0,,,,,,,
2026-08-22T11:30,84.5,0.0,1013.8,796.5,600.0,16.8,81.0,1.3,3.3
2026-08-22T11:35,,0.0,,,,,,,
2026-08-22T11:40,103.0,0.0,1013.7,813.5,600.0,17.1,81.5,2.2,3.7
2026-08-22T11:45,,0.0,,,,,,,
2026-08-22T11:50,88.6,0.0,1013.5,833.0,600.0,17.5,80.4,1.3,3.3
2026-08-22T11:55,,0.0,,,,,,,
2026-08-22T12:00,95.2,0.0,1013.4,845.0,600.0,17.7,80.0,2.0,3.9
2026-08-22T12:05,,0.0,,,,,,,
2026-08-22T12:10,97.9,0.0,1013.1,866.1,600.0,17.9,79.9,1.9,3.7
2026-08-22T12:15,,0.0,,,,,,,
2026-08-22T12:20,90.1,0.0,1012.7,885.5,600.0,18.5,77.6,1.5,3.2
2026-08-22T12:25,,0.0,,,,,,,
2026-08-22T12:30,93.8,0.0,1012.6,931.1,600.0,18.7,75.9,1.8,3.9
2026-08-22T12:35,,0.0,,,,,,,
2026-08-22T12:40,88.0,0.0,1012.5,967.5,600.0,19.0,75.6,1.5,3.2
2026-08-22T12:45,,0.0,,,,,,,
2026-08-22T12:50,100.6,0.0,1012.4,930.2,599.0,19.2,72.4,2.4,4.6
2026-08-22T12:55,,0.0,,,,,,,
2026-08-22T13:00,94.6,0.0,1012.1,955.7,600.0,19.6,70.0,2.1,4.2
2026-08-22T13:05,,0.0,,,,,,,
2026-08-22T13:10,96.1,0.0,1012.0,944.6,600.0,19.9,67.4,2.1,3.9
2026-08-22T13:15,,0.0,,,,,,,
2026-08-22T13:20,84.4,0.0,1012.2,484.8,331.0,19.6,65.7,1.6,3.3
2026-08-22T13:25,,0.0,,,,,,,
2026-08-22T13:30,74.0,0.0,1012.3,658.2,473.0,19.4,67.0,1.3,3.2
2026-08-22T13:35,,0.0,,,,,,,
2026-08-22T13:40,92.7,0.0,1012.1,820.3,533.0,20.0,63.9,1.8,4.0
2026-08-22T13:45,,0.0,,,,,,,
2026-08-22T13:50,95.1,0.0,1011.8,1017.7,600.0,20.7,61.4,2.1,4.6
2026-08-22T13:55,,0.0,,,,,,,
2026-08-22T14:00,95.5,0.0,1011.6,882.1,600.0,20.9,60.6,2.1,4.1
2026-08-22T14:05,,0.0,,,,,,,
2026-08-22T14:10,89.8,0.0,1011.7,936.8,600.0,20.8,56.6,2.0,3.9
2026-08-22T14:15,,0.0,,,,,,,
2026-08-22T14:20,90.4,0.0,1011.6,524.2,600.0,21.0,53.4,1.9,4.3
2026-08-22T14:25,,0.0,,,,,,,
2026-08-22T14:30,70.0,0.0,1011.7,635.5,557.0,20.8,51.5,1.4,5.6
2026-08-22T14:35,,0.0,,,,,,,
2026-08-22T14:40,96.2,0.0,1011.4,894.3,600.0,21.5,47.1,2.0,4.2
2026-08-22T14:45,,0.0,,,,,,,
2026-08-22T14:50,82.1,0.0,1011.2,867.6,600.0,21.8,46.4,1.9,4.7
2026-08-22T14:55,,0.0,,,,,,,
2026-08-22T15:00,69.7,0.0,1011.2,667.1,600.0,21.9,45.3,1.7,4.3
2026-08-22T15:05,,0.0,,,,,,,
2026-08-22T15:10,107.1,0.0,1011.4,799.6,600.0,21.7,47.6,2.8,5.0
2026-08-22T15:15,,0.0,,,,,,,
2026-08-22T15:20,99.9,0.0,1011.2,936.5,600.0,22.1,46.1,2.4,4.6
2026-08-22T15:25,,0.0,,,,,,,
2026-08-22T15:30,90.5,0.0,1011.2,734.4,567.0,22.2,45.7,1.4,2.8
2026-08-22T15:35,,0.0,,,,,,,
2026-08-22T15:40,104.3,0.0,1011.2,678.6,458.0,22.1,46.3,1.8,3.3
2026-08-22T15:45,,0.0,,,,,,,
2026-08-22T15:50,113.0,0.0,1011.4,767.0,599.0,21.7,49.9,1.6,2.5
2026-08-22T15:55,,0.0,,,,,,,
2026-08-22T16:00,107.6,0.0,1011.2,808.8,600.0,22.2,47.3,2.2,3.6
2026-08-22T16:05,,0.0,,,,,,,
2026-08-22T16:10,80.0,0.0,1011.1,730.7,600.0,22.4,43.8,1.3,2.9
2026-08-22T16:15,,0.0,,,,,,,
2026-08-22T16:20,36.1,0.0,1011.3,560.1,461.0,21.9,42.2,2.4,3.6
2026-08-22T16:25,,0.0,,,,,,,
2026-08-22T16:30,46.8,0.0,1011.5,444.4,452.0,21.6,41.7,1.0,2.8
2026-08-22T16:35,,0.0,,,,,,,
2026-08-22T16:40,88.2,0.0,1011.5,492.5,459.0,21.6,41.4,0.5,2.7
2026-08-22T16:45,,0.0,,,,,,,
2026-08-22T16:50,98.4,0.0,1011.2,624.8,592.0,22.3,42.6,1.4,2.9
2026-08-22T16:55,,0.0,,,,,,,
2026-08-22T17:00,106.7,0.0,1011.5,222.2,131.0,21.7,44.2,1.3,3.0
2026-08-22T17:05,,0.0,,,,,,,
2026-08-22T17:10,112.4,0.0,1011.5,500.1,507.0,21.7,43.9,1.3,3.0
2026-08-22T17:15,,0.0,,,,,,,
2026-08-22T17:20,113.3,0.0,1011.5,238.0,117.0,21.7,46.6,1.4,2.8
2026-08-22T17:25,,0.0,,,,,,,
2026-08-22T17:30,242.8,0.0,1012.1,127.2,0.0,20.4,59.9,1.3,2.5
2026-08-22T17:35,,0.0,,,,,,,
2026-08-22T17:40,308.5,0.0,1012.4,118.3,0.0,19.8,65.0,1.0,2.2
2026-08-22T17:45,,0.0,,,,,,,
2026-08-22T17:50,253.0,0.0,1012.8,99.4,4.0,19.1,72.2,1.6,2.2
2026-08-22T17:55,,0.0,,,,,,,
2026-08-22T18:00,263.5,0.0,1013.0,137.8,128.0,18.8,75.9,1.4,2.2
2026-08-22T18:05,,0.0,,,,,,,
2026-08-22T18:10,324.2,0.0,1013.2,75.1,0.0,18.8,73.2,1.1,2.3
2026-08-22T18:15,,0.0,,,,,,,
2026-08-22T18:20,341.6,0.0,1013.4,59.1,0.0,18.5,70.3,1.3,2.6
2026-08-22T18:25,,0.0,,,,,,,
2026-08-22T18:30,279.2,0.0,1013.6,58.1,0.0,18.1,77.8,0.8,1.3
2026-08-22T18:35,,0.0,,,,,,,
2026-08-22T18:40,280.4,0.0,1013.8,56.4,0.0,17.9,78.9,0.9,2.1
2026-08-22T18:45,,0.0,,,,,,,
2026-08-22T18:50,247.2,0.0,1013.9,45.4,0.0,17.8,82.3,0.7,1.1
2026-08-22T18:55,,0.0,,,,,,,
2026-08-22T19:00,319.0,0.0,1014.2,46.7,0.0,17.3,82.6,0.9,1.6
2026-08-22T19:05,,0.0,,,,,,,
2026-08-22T19:10,298.2,0.0,1014.4,49.7,0.0,17.1,82.2,0.7,1.0
2026-08-22T19:15,,0.0,,,,,,,
2026-08-22T19:20,272.9,0.0,1014.5,37.9,0.0,17.1,86.2,1.0,1.7
2026-08-22T19:25,,0.0,,,,,,,
2026-08-22T19:30,230.9,0.0,1014.7,34.0,0.0,17.0,87.6,2.0,2.4
2026-08-22T19:35,,0.0,,,,,,,
2026-08-22T19:40,256.8,0.0,1014.9,24.2,0.0,16.8,88.9,1.9,2.6
2026-08-22T19:45,,0.0,,,,,,,
2026-08-22T19:50,249.6,0.0,1015.1,10.2,0.0,16.6,88.3,2.0,3.8
2026-08-22T19:55,,0.0,,,,,,,
2026-08-22T20:00,246.2,0.0,1015.3,8.8,0.0,16.4,90.4,2.6,3.9
2026-08-22T20:05,,0.0,,,,,,,
2026-08-22T20:10,270.9,0.0,1015.5,3.5,0.0,16.1,88.5,1.9,2.6
2026-08-22T20:15,,0.0,,,,,,,
2026-08-22T20:20,252.8,0.0,1015.8,0.7,0.0,16.0,88.2,2.2,3.4
2026-08-22T20:25,,0.0,,,,,,,
2026-08-22T20:30,249.9,0.0,1016.0,0.0,0.0,15.7,92.1,2.4,3.1
2026-08-22T20:35,,0.0,,,,,,,
2026-08-22T20:40,258.7,0.0,1016.2,0.0,0.0,15.6,92.8,2.6,3.9
2026-08-22T20:45,,0.0,,,,,,,
2026-08-22T20:50,239.6,0.0,1016.4,0.0,0.0,15.5,91.3,2.4,4.0
2026-08-22T20:55,,0.0,,,,,,,
2026-08-22T21:00,244.1,0.0,1016.6,0.0,0.0,15.5,92.1,2.9,3.8
2026-08-22T21:05,,0.0,,,,,,,
2026-08-22T21:10,226.3,0.0,1016.8,0.0,0.0,15.5,92.1,3.2,3.9
2026-08-22T21:15,,0.0,,,,,,,
2026-08-22T21:20,241.0,0.0,1017.1,0.0,0.0,15.3,93.0,3.1,3.9
2026-08-22T21:25,,0.0,,,,,,,
2026-08-22T21:30,238.0,0.0,1017.4,0.0,0.0,15.1,94.4,3.6,4.4
2026-08-22T21:35,,0.0,,,,,,,
2026-08-22T21:40,228.9,0.0,1017.4,0.0,0.0,15.2,92.9,3.7,4.4
2026-08-22T21:45,,0.0,,,,,,,
2026-08-22T21:50,233.8,0.0,1017.5,0.0,0.0,15.0,93.9,3.4,4.6
2026-08-22T21:55,,0.0,,,,,,,
2026-08-22T22:00,236.2,0.0,1017.6,0.0,0.0,15.1,94.2,3.2,4.8
2026-08-22T22:05,,0.0,,,,,,,
2026-08-22T22:10,248.0,0.0,1017.8,0.0,0.0,14.9,94.0,2.4,3.8
2026-08-22T22:15,,0.0,,,,,,,
2026-08-22T22:20,245.4,0.0,1017.9,0.0,0.0,14.8,95.3,3.3,4.2
2026-08-22T22:25,,0.0,,,,,,,
2026-08-22T22:30,235.6,0.0,1017.8,0.0,0.0,14.9,93.3,2.8,3.5
2026-08-22T22:35,,0.0,,,,,,,
2026-08-22T22:40,230.6,0.0,1017.9,0.0,0.0,14.9,94.2,2.8,4.4
2026-08-22T22:45,,0.0,,,,,,,
2026-08-22T22:50,224.8,0.0,1018.0,0.0,0.0,14.9,94.2,3.6,4.4
2026-08-22T22:55,,0.0,,,,,,,
2026-08-22T23:00,236.2,0.0,1018.2,0.0,0.0,14.8,94.4,2.8,3.7
2026-08-22T23:05,,0.0,,,,,,,
2026-08-22T23:10,236.4,0.0,1018.3,0.0,0.0,14.8,92.9,2.4,3.3
2026-08-22T23:15,,0.0,,,,,,,
2026-08-22T23:20,217.9,0.0,1018.4,0.0,0.0,14.8,91.1,1.9,2.9
2026-08-22T23:25,,0.0,,,,,,,
2026-08-22T23:30,263.7,0.0,1018.6,0.0,0.0,14.5,93.0,2.2,3.8
2026-08-22T23:35,,0.0,,,,,,,
2026-08-22T23:40,248.4,0.0,1018.7,0.0,0.0,14.5,91.8,2.2,3.9
2026-08-22T23:45,,0.0,,,,,,,
2026-08-22T23:50,256.7,0.0,1018.7,0.0,0.0,14.3,95.2,2.5,3.4
2026-08-22T23:55,,0.0,,,,,,,
2026-08-23T00:00,248.2,0.0,1018.7,0.0,0.0,14.3,94.6,2.1,3.3
2026-08-23T00:05,,0.0,,,,,,,
2026-08-23T00:10,249.8,0.0,1018.8,0.0,0.0,14.1,96.0,3.0,4.0
2026-08-23T00:15,,0.0,,,,,,,
2026-08-23T00:20,227.0,0.0,1018.7,0.0,0.0,14.4,93.7,2.6,4.5
2026-08-23T00:25,,0.0,,,,,,,
2026-08-23T00:30,230.3,0.0,1018.8,0.0,0.0,14.2,96.8,3.7,5.2
2026-08-23T00:35,,0.0,,,,,,,
2026-08-23T00:40,212.0,0.0,1018.8,0.0,0.0,14.3,95.5,3.2,4.5
2026-08-23T00:45,,0.0,,,,,,,
2026-08-23T00:50,232.1,0.0,1018.9,0.0,0.0,14.2,95.0,3.3,4.5
2026-08-23T00:55,,0.0,,,,,,,
2026-08-23T01:00,239.2,0.0,1019.0,0.0,0.0,14.2,93.3,2.6,3.8
2026-08-23T01:05,,0.0,,,,,,,
2026-08-23T01:10,247.7,0.0,1019.1,0.0,0.0,14.0,93.6,2.3,3.4
2026-08-23T01:15,,0.0,,,,,,,
2026-08-23T01:20,232.7,0.0,1019.2,0.0,0.0,14.1,91.3,2.5,4.0
2026-08-23T01:25,,0.0,,,,,,,
2026-08-23T01:30,228.1,0.0,1019.2,0.0,0.0,14.0,92.8,3.2,4.0
2026-08-23T01:35,,0.0,,,,,,,
2026-08-23T01:40,234.9,0.0,1019.2,0.0,0.0,13.9,93.9,3.4,4.2
2026-08-23T01:45,,0.0,,,,,,,
2026-08-23T01:50,226.1,0.0,1019.3,0.0,0.0,13.9,94.2,3.5,5.1
2026-08-23T01:55,,0.0,,,,,,,
2026-08-23T02:00,232.1,0.0,1019.3,0.0,0.0,13.8,92.8,3.4,4.0
2026-08-23T02:05,,0.0,,,,,,,
2026-08-23T02:10,245.6,0.0,1019.4,0.0,0.0,13.7,95.7,2.3,3.3
2026-08-23T02:15,,0.0,,,,,,,
2026-08-23T02:20,246.6,0.0,1019.4,0.0,0.0,13.7,94.2,2.4,3.5
2026-08-23T02:25,,0.0,,,,,,,
2026-08-23T02:30,225.6,0.0,1019.4,0.0,0.0,13.7,95.5,2.8,4.0
2026-08-23T02:35,,0.0,,,,,,,
2026-08-23T02:40,243.1,0.0,1019.5,0.0,0.0,13.7,94.1,2.6,3.9
2026-08-23T02:45,,0.0,,,,,,,
2026-08-23T02:50,234.2,0.0,1019.5,0.0,0.0,13.7,93.5,1.8,3.3
2026-08-23T02:55,,0.0,,,,,,,
2026-08-23T03:00,247.8,0.0,1019.5,0.0,0.0,13.5,93.7,1.4,2.6
2026-08-23T03:05,,0.0,,,,,,,
2026-08-23T03:10,269.7,0.0,1019.7,0.0,0.0,13.2,94.3,1.3,2.1
2026-08-23T03:15,,0.0,,,,,,,
2026-08-23T03:20,262.0,0.0,1019.9,0.0,0.0,13.1,94.9,1.9,2.4
2026-08-23T03:25,,0.0,,,,,,,
2026-08-23T03:30,286.6,0.0,1020.0,0.0,0.0,12.8,96.5,1.4,2.0
2026-08-23T03:35,,0.0,,,,,,,
2026-08-23T03:40,263.5,0.0,1020.1,0.0,0.0,12.8,93.5,1.5,2.4
2026-08-23T03:45,,0.0,,,,,,,
2026-08-23T03:50,267.6,0.0,1020.1,0.0,0.0,12.9,94.7,1.7,2.4
2026-08-23T03:55,,0.0,,,,,,,
2026-08-23T04:00,280.4,0.0,1020.1,0.0,0.0,12.8,94.5,1.2,2.1
2026-08-23T04:05,,0.0,,,,,,,
2026-08-23T04:10,258.5,0.0,1020.0,0.0,0.0,12.9,94.3,1.3,2.2
2026-08-23T04:15,,0.0,,,,,,,
2026-08-23T04:20,257.0,0.0,1020.1,0.0,0.0,12.8,99.2,1.8,2.5
2026-08-23T04:25,,0.0,,,,,,,
2026-08-23T04:30,261.4,0.0,1020.1,0.0,0.0,12.9,98.0,1.8,3.1
2026-08-23T04:35,,0.0,,,,,,,
2026-08-23T04:40,246.7,0.0,1020.2,0.0,0.0,12.7,100.0,1.8,3.1
2026-08-23T04:45,,0.0,,,,,,,
2026-08-23T04:50,237.7,0.0,1020.2,0.0,0.0,12.6,100.0,2.8,3.3
2026-08-23T04:55,,0.0,,,,,,,
2026-08-23T05:00,262.9,0.0,1020.4,0.0,0.0,12.3,100.0,1.9,2.8
2026-08-23T05:05,,0.0,,,,,,,
2026-08-23T05:10,242.9,0.0,1020.4,0.0,0.0,12.4,100.0,2.5,3.5
2026-08-23T05:15,,0.0,,,,,,,
2026-08-23T05:20,243.5,0.0,1020.3,0.0,0.0,12.5,99.7,2.7,3.3
2026-08-23T05:25,,0.0,,,,,,,
2026-08-23T05:30,239.9,0.0,1020.2,0.0,0.0,12.7,99.5,2.9,3.5
2026-08-23T05:35,,0.0,,,,,,,
2026-08-23T05:40,247.9,0.0,1020.1,0.0,0.0,12.8,99.0,2.2,3.2
2026-08-23T05:45,,0.0,,,,,,,
2026-08-23T05:50,235.6,0.0,1020.2,0.0,0.0,12.9,98.1,2.6,3.7
2026-08-23T05:55,,0.0,,,,,,,
2026-08-23T06:00,226.6,0.0,1020.2,0.0,0.0,12.9,98.7,3.0,4.1
2026-08-23T06:05,,0.0,,,,,,,
2026-08-23T06:10,218.8,0.0,1020.2,0.0,0.0,12.9,100.0,2.9,3.7
2026-08-23T06:15,,0.0,,,,,,,
2026-08-23T06:20,254.7,0.0,1020.3,0.0,0.0,12.7,99.3,2.5,3.6
2026-08-23T06:25,,0.0,,,,,,,
2026-08-23T06:30,236.8,0.0,1020.3,0.8,0.0,12.8,97.0,2.7,4.3
2026-08-23T06:35,,0.0,,,,,,,
2026-08-23T06:40,223.1,0.0,1020.4,5.1,0.0,12.9,98.3,2.1,2.9
2026-08-23T06:45,,0.0,,,,,,,
2026-08-23T06:50,237.4,0.0,1020.5,11.8,0.0,12.9,97.1,1.1,2.2
2026-08-23T06:55,,0.0,,,,,,,
2026-08-23T07:00,270.8,0.0,1020.6,20.8,0.0,12.8,96.8,1.6,2.4
2026-08-23T07:05,,0.0,,,,,,,
2026-08-23T07:10,276.3,0.0,1020.7,29.0,0.0,12.8,97.8,0.7,1.6
2026-08-23T07:15,,0.0,,,,,,,
2026-08-23T07:20,220.3,0.0,1020.7,37.5,0.0,13.0,98.8,1.6,2.5
2026-08-23T07:25,,0.0,,,,,,,
2026-08-23T07:30,258.0,0.0,1020.7,47.2,0.0,13.1,97.4,1.1,1.7
2026-08-23T07:35,,0.0,,,,,,,
2026-08-23T07:40,252.1,0.0,1020.7,57.1,0.0,13.2,98.2,1.2,1.6
2026-08-23T07:45,,0.0,,,,,,,
2026-08-23T07:50,237.3,0.0,1020.7,75.3,0.0,13.4,97.9,1.1,1.5
2026-08-23T07:55,,0.0,,,,,,,
2026-08-23T08:00,247.3,0.0,1020.7,101.9,0.0,13.5,97.9,0.9,1.4
2026-08-23T08:05,,0.0,,,,,,,
2026-08-23T08:10,227.0,0.0,1020.7,106.1,0.0,13.7,96.5,1.1,1.5
2026-08-23T08:15,,0.0,,,,,,,
2026-08-23T08:20,241.4,0.0,1020.6,88.7,0.0,13.7,96.3,1.6,2.3
2026-08-23T08:25,,0.0,,,,,,,
2026-08-23T08:30,239.7,0.0,1020.6,127.3,0.0,13.9,94.2,1.1,1.6
2026-08-23T08:35,,0.0,,,,,,,
2026-08-23T08:40,140.8,0.0,1020.5,157.5,122.0,14.1,93.3,0.6,2.2
2026-08-23T08:45,,0.0,,,,,,,
2026-08-23T08:50,108.7,0.0,1020.4,248.9,258.0,14.4,92.6,1.4,2.4
2026-08-23T08:55,,0.0,,,,,,,
2026-08-23T09:00,95.8,0.0,1020.2,277.6,384.0,14.7,85.8,1.3,2.4
2026-08-23T09:05,,0.0,,,,,,,
2026-08-23T09:10,98.3,0.0,1020.1,353.3,600.0,14.9,80.9,1.4,2.8
2026-08-23T09:15,,0.0,,,,,,,
2026-08-23T09:20,84.3,0.0,1020.1,223.0,523.0,15.0,80.2,1.1,2.7
2026-08-23T09:25,,0.0,,,,,,,
2026-08-23T09:30,84.3,0.0,1020.1,185.1,508.0,14.8,81.7,1.1,2.5
2026-08-23T09:35,,0.0,,,,,,,
2026-08-23T09:40,58.5,0.0,1020.2,362.0,599.0,14.8,81.0,1.2,3.1
2026-08-23T09:45,,0.0,,,,,,,
2026-08-23T09:50,69.3,0.0,1020.2,252.0,571.0,14.9,79.2,0.9,2.3
2026-08-23T09:55,,0.0,,,,,,,
2026-08-23T10:00,103.2,0.0,1019.9,616.1,600.0,15.6,75.4,1.7,3.1
2026-08-23T10:05,,0.0,,,,,,,
2026-08-23T10:10,95.6,0.0,1019.7,633.0,600.0,16.2,72.9,1.9,3.4
2026-08-23T10:15,,0.0,,,,,,,
2026-08-23T10:20,96.9,0.0,1019.5,655.6,600.0,16.6,71.5,1.6,2.9
2026-08-23T10:25,,0.0,,,,,,,
2026-08-23T10:30,61.1,0.0,1019.3,674.6,600.0,16.9,69.7,1.7,3.3
2026-08-23T10:35,,0.0,,,,,,,
2026-08-23T10:40,63.9,0.0,1019.2,709.0,600.0,17.2,67.8,1.6,4.0
2026-08-23T10:45,,0.0,,,,,,,
2026-08-23T10:50,71.7,0.0,1019.1,732.0,600.0,17.5,65.6,1.5,3.0
2026-08-23T10:55,,0.0,,,,,,,
2026-08-23T11:00,84.9,0.0,1019.0,750.2,599.0,17.7,63.3,1.6,3.5
2026-08-23T11:05,,0.0,,,,,,,
2026-08-23T11:10,88.6,0.0,1018.9,788.3,600.0,18.0,62.2,1.6,4.3
2026-08-23T11:15,,0.0,,,,,,,
2026-08-23T11:20,77.3,0.0,1018.6,791.3,600.0,18.4,62.1,1.5,3.5
2026-08-23T11:25,,0.0,,,,,,,
2026-08-23T11:30,98.5,0.0,1018.3,799.9,600.0,18.8,61.2,2.2,4.0
2026-08-23T11:35,,0.0,,,,,,,
2026-08-23T11:40,97.7,0.0,1018.0,821.1,599.0,18.9,60.5,2.1,3.9
2026-08-23T11:45,,0.0,,,,,,,
2026-08-23T11:50,82.9,0.0,1017.8,846.9,600.0,19.3,60.1,1.8,3.9
2026-08-23T11:55,,0.0,,,,,,,
2026-08-23T12:00,80.7,0.0,1017.5,861.1,600.0,19.6,59.9,1.7,4.3
2026-08-23T12:05,,0.0,,,,,,,
2026-08-23T12:10,88.4,0.0,1017.2,885.0,600.0,20.0,59.3,1.9,3.8
2026-08-23T12:15,,0.0,,,,,,,
2026-08-23T12:20,98.7,0.0,1017.1,909.8,599.0,20.0,58.5,2.7,5.3
2026-08-23T12:25,,0.0,,,,,,,
2026-08-23T12:30,94.0,0.0,1016.9,920.5,600.0,20.2,57.7,2.4,4.3
2026-08-23T12:35,,0.0,,,,,,,
2026-08-23T12:40,99.1,0.0,1016.7,924.6,600.0,20.4,58.0,2.7,4.5
2026-08-23T12:45,,0.0,,,,,,,
2026-08-23T12:50,97.7,0.0,1016.5,919.8,600.0,20.5,58.5,2.3,4.7
2026-08-23T12:55,,0.0,,,,,,,
2026-08-23T13:00,96.2,0.0,1016.2,912.2,600.0,20.9,58.2,2.5,4.4
2026-08-23T13:05,,0.0,,,,,,,
2026-08-23T13:10,101.2,0.0,1015.9,721.2,510.0,21.2,58.3,2.6,4.6
2026-08-23T13:15,,0.0,,,,,,,
2026-08-23T13:20,98.0,0.0,1016.1,760.0,452.0,20.7,60.3,2.3,4.0
2026-08-23T13:25,,0.0,,,,,,,
2026-08-23T13:30,105.4,0.0,1015.8,878.7,555.0,21.3,58.8,2.7,5.0
2026-08-23T13:35,,0.0,,,,,,,
2026-08-23T13:40,100.6,0.0,1015.6,813.9,538.0,21.6,57.8,2.9,5.5
2026-08-23T13:45,,0.0,,,,,,,
2026-08-23T13:50,100.2,0.0,1015.5,930.0,557.0,21.6,57.8,2.6,4.3
2026-08-23T13:55,,0.0,,,,,,,
2026-08-23T14:00,95.9,0.0,1015.4,863.0,600.0,21.9,57.7,2.1,4.2
2026-08-23T14:05,,0.0,,,,,,,
2026-08-23T14:10,85.8,0.0,1015.2,1014.6,600.0,22.2,56.2,1.8,4.4
2026-08-23T14:15,,0.0,,,,,,,
2026-08-23T14:20,91.4,0.0,1015.1,788.1,600.0,22.4,55.6,2.0,4.6
2026-08-23T14:25,,0.0,,,,,,,
2026-08-23T14:30,85.8,0.0,1015.3,518.6,484.0,22.0,57.4,1.8,3.6
2026-08-23T14:35,,0.0,,,,,,,
2026-08-23T14:40,91.1,0.0,1015.3,478.9,314.0,21.6,58.3,1.7,4.0
2026-08-23T14:45,,0.0,,,,,,,
2026-08-23T14:50,94.0,0.0,1015.1,702.4,511.0,21.8,57.7,1.9,4.0
2026-08-23T14:55,,0.0,,,,,,,
2026-08-23T15:00,99.8,0.0,1014.6,855.5,600.0,22.6,55.7,2.1,3.9
2026-08-23T15:05,,0.0,,,,,,,
2026-08-23T15:10,98.1,0.0,1014.5,826.9,600.0,22.7,54.6,2.5,5.2
2026-08-23T15:15,,0.0,,,,,,,
2026-08-23T15:20,101.1,0.0,1014.4,780.8,600.0,22.8,54.5,2.3,4.0
2026-08-23T15:25,,0.0,,,,,,,
2026-08-23T15:30,65.7,0.0,1014.4,673.2,600.0,22.7,55.4,1.7,3.8
2026-08-23T15:35,,0.0,,,,,,,
2026-08-23T15:40,65.9,0.0,1014.2,736.7,594.0,22.9,55.0,1.5,3.9
2026-08-23T15:45,,0.0,,,,,,,
2026-08-23T15:50,85.7,0.0,1014.3,344.5,488.0,22.5,56.0,1.6,3.3
2026-08-23T15:55,,0.0,,,,,,,
2026-08-23T16:00,79.9,0.0,1014.6,165.8,176.0,21.8,56.9,1.3,2.9
2026-08-23T16:05,,0.0,,,,,,,
2026-08-23T16:10,91.9,0.0,1014.5,436.9,464.0,21.9,57.8,1.3,2.8
2026-08-23T16:15,,0.0,,,,,,,
2026-08-23T16:20,94.7,0.0,1014.4,258.7,203.0,22.1,56.9,1.6,3.9
2026-08-23T16:25,,0.0,,,,,,,
2026-08-23T16:30,94.3,0.0,1014.6,247.4,189.0,21.9,58.0,1.0,2.7
2026-08-23T16:35,,0.0,,,,,,,
2026-08-23T16:40,91.3,0.0,1014.8,168.7,104.0,21.7,58.9,1.1,2.5
2026-08-23T16:45,,0.0,,,,,,,
2026-08-23T16:50,99.1,0.0,1014.7,288.7,413.0,21.6,59.5,1.2,1.9
2026-08-23T16:55,,0.0,,,,,,,
2026-08-23T17:00,105.5,0.0,1014.7,177.6,156.0,21.8,58.2,1.2,2.6
2026-08-23T17:05,,0.0,,,,,,,
2026-08-23T17:10,127.7,0.0,1014.8,202.9,237.0,21.7,59.1,0.9,2.0
2026-08-23T17:15,,0.0,,,,,,,
2026-08-23T17:20,204.0,0.0,1015.0,209.0,248.0,21.1,66.6,0.7,1.5
2026-08-23T17:25,,0.0,,,,,,,
2026-08-23T17:30,228.4,0.0,1015.1,237.6,285.0,20.8,68.9,1.1,1.9
2026-08-23T17:35,,0.0,,,,,,,
2026-08-23T17:40,256.0,0.0,1015.3,233.8,345.0,20.6,72.2,1.2,1.7
2026-08-23T17:45,,0.0,,,,,,,
2026-08-23T17:50,242.7,0.0,1015.4,220.1,384.0,20.4,74.7,0.9,1.2
2026-08-23T17:55,,0.0,,,,,,,
2026-08-23T18:00,261.1,0.0,1015.4,109.8,52.0,20.4,73.1,1.0,1.3
2026-08-23T18:05,,0.0,,,,,,,
2026-08-23T18:10,254.7,0.0,1015.5,124.2,183.0,20.1,77.1,0.8,1.3
2026-08-23T18:15,,0.0,,,,,,,
2026-08-23T18:20,273.8,0.0,1015.5,216.0,65.0,20.1,75.2,0.9,1.4
2026-08-23T18:25,,0.0,,,,,,,
2026-08-23T18:30,302.1,0.0,1015.5,96.4,0.0,20.2,72.9,1.2,1.8
2026-08-23T18:35,,0.0,,,,,,,
2026-08-23T18:40,322.4,0.0,1015.6,65.1,0.0,19.9,73.9,1.0,1.9
2026-08-23T18:45,,0.0,,,,,,,
2026-08-23T18:50,269.9,0.0,1015.9,56.2,95.0,19.4,77.8,1.1,2.0
2026-08-23T18:55,,0.0,,,,,,,
2026-08-23T19:00,261.9,0.0,1016.1,39.2,0.0,19.0,81.0,1.4,1.8
2026-08-23T19:05,,0.0,,,,,,,
2026-08-23T19:10,293.8,0.0,1016.1,29.5,0.0,18.9,80.6,1.2,1.9
2026-08-23T19:15,,0.0,,,,,,,
2026-08-23T19:20,270.2,0.0,1016.2,22.8,0.0,18.9,79.4,1.5,2.1
2026-08-23T19:25,,0.0,,,,,,,
2026-08-23T19:30,257.7,0.0,1016.3,13.3,0.0,18.6,84.5,1.4,1.9
2026-08-23T19:35,,0.0,,,,,,,
2026-08-23T19:40,273.2,0.0,1016.5,8.1,0.0,18.5,83.8,1.2,1.9
2026-08-23T19:45,,0.0,,,,,,,
2026-08-23T19:50,265.0,0.0,1016.5,4.9,0.0,18.6,81.3,1.5,2.2
2026-08-23T19:55,,0.0,,,,,,,
2026-08-23T20:00,299.7,0.0,1016.7,2.6,0.0,18.5,82.6,1.1,1.9
2026-08-23T20:05,,0.0,,,,,,,
2026-08-23T20:10,243.1,0.0,1016.9,0.5,0.0,18.4,82.8,1.4,2.2
2026-08-23T20:15,,0.0,,,,,,,
2026-08-23T20:20,254.5,0.0,1017.1,0.0,0.0,18.1,87.3,1.5,2.1
2026-08-23T20:25,,0.0,,,,,,,
2026-08-23T20:30,270.9,0.0,1017.2,0.0,0.0,17.9,89.8,1.8,2.9
2026-08-23T20:35,,0.0,,,,,,,
2026-08-23T20:40,254.2,0.0,1017.4,0.0,0.0,17.8,90.0,1.9,2.8
2026-08-23T20:45,,0.0,,,,,,,
2026-08-23T20:50,244.7,0.0,1017.7,0.0,0.0,17.7,92.8,2.6,3.1
2026-08-23T20:55,,0.0,,,,,,,
2026-08-23T21:00,246.3,0.0,1017.8,0.0,0.0,17.5,96.4,2.2,2.8
2026-08-23T21:05,,0.0,,,,,,,
2026-08-23T21:10,229.2,0.0,1018.0,0.0,0.0,17.5,96.4,2.7,3.3
2026-08-23T21:15,,0.0,,,,,,,
2026-08-23T21:20,252.6,0.0,1018.2,0.0,0.0,17.4,95.1,2.3,2.9
2026-08-23T21:25,,0.0,,,,,,,
2026-08-23T21:30,236.0,0.0,1018.2,0.0,0.0,17.4,96.7,1.4,2.4
2026-08-23T21:35,,0.0,,,,,,,
2026-08-23T21:40,248.2,0.0,1018.3,0.0,0.0,17.4,96.7,2.0,2.7
2026-08-23T21:45,,0.0,,,,,,,
2026-08-23T21:50,236.5,0.0,1018.3,0.0,0.0,17.4,96.5,2.3,2.8
2026-08-23T21:55,,0.0,,,,,,,
2026-08-23T22:00,236.1,0.0,1018.3,0.0,0.0,17.3,99.2,2.0,2.4
2026-08-23T22:05,,0.0,,,,,,,
2026-08-23T22:10,239.3,0.0,1018.3,0.0,0.0,17.2,99.9,1.8,2.2
2026-08-23T22:15,,0.0,,,,,,,
2026-08-23T22:20,232.5,0.0,1018.3,0.0,0.0,17.2,99.7,1.6,1.9
2026-08-23T22:25,,0.0,,,,,,,
2026-08-23T22:30,227.1,0.0,1018.4,0.0,0.0,17.2,99.3,1.7,2.0
2026-08-23T22:35,,0.0,,,,,,,
2026-08-23T22:40,247.3,0.0,1018.4,0.0,0.0,17.1,99.9,1.8,2.3
2026-08-23T22:45,,0.0,,,,,,,
2026-08-23T22:50,213.9,0.0,1018.5,0.0,0.0,17.1,100.0,0.6,1.0
2026-08-23T22:55,,0.0,,,,,,,
2026-08-23T23:00,239.2,0.0,1018.6,0.0,0.0,17.0,99.8,1.3,1.9
2026-08-23T23:05,,0.0,,,,,,,
2026-08-23T23:10,272.9,0.0,1018.8,0.0,0.0,16.8,100.0,0.8,1.1
2026-08-23T23:15,,0.0,,,,,,,
2026-08-23T23:20,267.4,0.0,1019.0,0.0,0.0,16.6,100.0,0.9,1.6
2026-08-23T23:25,,0.0,,,,,,,
2026-08-23T23:30,259.9,0.0,1019.1,0.0,0.0,16.3,100.0,1.4,1.8
2026-08-23T23:35,,0.0,,,,,,,
2026-08-23T23:40,259.8,0.0,1019.3,0.0,0.0,16.2,100.0,1.4,1.9
2026-08-23T23:45,,0.0,,,,,,,
2026-08-23T23:50,260.8,0.0,1019.5,0.0,0.0,15.9,100.0,1.6,2.1
2026-08-23T23:55,,0.0,,,,,,,
2026-08-24T00:00,269.0,0.0,1019.6,0.0,0.0,15.8,100.0,1.0,2.0
2026-08-24T00:05,,0.0,,,,,,,
2026-08-24T00:10,267.4,0.0,1019.7,0.0,0.0,15.8,100.0,1.0,1.7
2026-08-24T00:15,,0.0,,,,,,,
2026-08-24T00:20,252.6,0.0,1019.7,0.0,0.0,15.7,100.0,1.8,2.5
2026-08-24T00:25,,0.0,,,,,,,
2026-08-24T00:30,259.6,0.0,1019.7,0.0,0.0,15.5,100.0,1.6,2.3
2026-08-24T00:35,,0.0,,,,,,,
2026-08-24T00:40,258.9,0.0,1019.8,0.0,0.0,15.4,100.0,2.1,2.7
2026-08-24T00:45,,0.0,,,,,,,
2026-08-24T00:50,274.9,0.0,1019.9,0.0,0.0,15.2,100.0,1.5,2.1
2026-08-24T00:55,,0.0,,,,,,,
2026-08-24T01:00,277.6,0.0,1019.8,0.0,0.0,15.2,100.0,1.0,1.6
2026-08-24T01:05,,0.0,,,,,,,
2026-08-24T01:10,285.5,0.0,1019.8,0.0,0.0,15.1,100.0,0.9,1.2
2026-08-24T01:15,,0.0,,,,,,,
2026-08-24T01:20,269.5,0.0,1019.8,0.0,0.0,15.1,100.0,1.3,1.7
2026-08-24T01:25,,0.0,,,,,,,
2026-08-24T01:30,298.3,0.0,1019.9,0.0,0.0,14.9,100.0,1.4,1.9
2026-08-24T01:35,,0.0,,,,,,,
2026-08-24T01:40,270.9,0.0,1019.9,0.0,0.0,14.8,100.0,0.8,1.4
2026-08-24T01:45,,0.0,,,,,,,
2026-08-24T01:50,282.2,0.0,1019.8,0.0,0.0,14.8,100.0,1.0,1.4
2026-08-24T01:55,,0.0,,,,,,,
2026-08-24T02:00,280.9,0.0,1019.8,0.0,0.0,14.7,100.0,1.2,1.5
2026-08-24T02:05,,0.0,,,,,,,
2026-08-24T02:10,263.2,0.0,1019.8,0.0,0.0,14.6,100.0,1.4,2.0
2026-08-24T02:15,,0.0,,,,,,,
2026-08-24T02:20,255.6,0.0,1019.9,0.0,0.0,14.4,100.0,1.5,2.3
2026-08-24T02:25,,0.0,,,,,,,
2026-08-24T02:30,257.1,0.0,1020.0,0.0,0.0,14.2,100.0,2.1,3.3
2026-08-24T02:35,,0.0,,,,,,,
2026-08-24T02:40,249.9,0.0,1020.0,0.0,0.0,14.1,100.0,2.5,3.9
2026-08-24T02:45,,0.0,,,,,,,
2026-08-24T02:50,250.9,0.0,1020.0,0.0,0.0,14.0,100.0,2.5,3.5
2026-08-24T02:55,,0.0,,,,,,,
2026-08-24T03:00,244.0,0.0,1020.1,0.0,0.0,14.0,100.0,3.1,3.9
2026-08-24T03:05,,0.0,,,,,,,
2026-08-24T03:10,248.2,0.0,1020.0,0.0,0.0,14.0,100.0,3.4,4.1
2026-08-24T03:15,,0.0,,,,,,,
2026-08-24T03:20,236.3,0.0,1020.0,0.0,0.0,14.1,100.0,3.8,4.9
2026-08-24T03:25,,0.0,,,,,,,
2026-08-24T03:30,227.4,0.0,1019.7,0.0,0.0,14.4,100.0,4.1,4.7
2026-08-24T03:35,,0.0,,,,,,,
2026-08-24T03:40,215.4,0.0,1019.6,0.0,0.0,14.5,100.0,3.9,4.7
2026-08-24T03:45,,0.0,,,,,,,
2026-08-24T03:50,223.6,0.0,1019.5,0.0,0.0,14.6,100.0,3.7,4.2
2026-08-24T03:55,,0.0,,,,,,,
2026-08-24T04:00,229.9,0.0,1019.4,0.0,0.0,14.8,100.0,3.7,4.0
2026-08-24T04:05,,0.0,,,,,,,
2026-08-24T04:10,208.2,0.0,1019.4,0.0,0.0,15.0,100.0,2.2,3.8
2026-08-24T04:15,,0.0,,,,,,,
2026-08-24T04:20,221.0,0.0,1019.3,0.0,0.0,15.1,100.0,2.6,3.5
2026-08-24T04:25,,0.0,,,,,,,
2026-08-24T04:30,205.6,0.0,1019.1,0.0,0.0,15.2,100.0,1.7,3.4
2026-08-24T04:35,,0.0,,,,,,,
2026-08-24T04:40,211.8,0.0,1019.1,0.0,0.0,15.2,100.0,2.2,3.4
2026-08-24T04:45,,0.0,,,,,,,
2026-08-24T04:50,218.0,0.0,1019.1,0.0,0.0,15.4,100.0,2.8,3.7
2026-08-24T04:55,,0.0,,,,,,,
2026-08-24T05:00,205.3,0.0,1019.1,0.0,0.0,15.4,100.0,2.1,2.8
2026-08-24T05:05,,0.0,,,,,,,
2026-08-24T05:10,233.1,0.0,1019.1,0.0,0.0,15.6,99.1,2.9,3.8
2026-08-24T05:15,,0.0,,,,,,,
2026-08-24T05:20,246.8,0.0,1019.0,0.0,0.0,15.7,97.4,2.9,4.2
2026-08-24T05:25,,0.0,,,,,,,
2026-08-24T05:30,248.9,0.0,1019.1,0.0,0.0,15.6,97.6,2.4,3.4
2026-08-24T05:35,,0.0,,,,,,,
2026-08-24T05:40,240.2,0.0,1019.1,0.0,0.0,15.5,98.7,2.0,3.4
2026-08-24T05:45,,0.0,,,,,,,
2026-08-24T05:50,237.8,0.0,1019.1,0.0,0.0,15.4,99.7,2.0,3.3
2026-08-24T05:55,,0.0,,,,,,,
2026-08-24T06:00,213.9,0.0,1019.1,0.0,0.0,15.3,100.0,2.3,3.7
2026-08-24T06:05,,0.0,,,,,,,
2026-08-24T06:10,213.5,0.0,1019.2,0.0,0.0,15.2,100.0,3.3,4.6
2026-08-24T06:15,,0.0,,,,,,,
2026-08-24T06:20,219.8,0.0,1019.1,0.0,0.0,15.2,100.0,3.2,4.2
2026-08-24T06:25,,0.0,,,,,,,
2026-08-24T06:30,223.1,0.0,1019.1,1.5,0.0,15.0,100.0,3.1,4.5
2026-08-24T06:35,,0.0,,,,,,,
2026-08-24T06:40,231.7,0.0,1019.3,6.5,0.0,14.8,100.0,2.2,3.6
2026-08-24T06:45,,0.0,,,,,,,
2026-08-24T06:50,225.8,0.0,1019.5,14.2,0.0,14.7,100.0,2.9,4.1
2026-08-24T06:55,,0.0,,,,,,,
2026-08-24T07:00,225.3,0.0,1019.6,26.0,0.0,14.7,100.0,2.5,3.7
2026-08-24T07:05,,0.0,,,,,,,
2026-08-24T07:10,270.6,0.0,1019.6,45.0,0.0,14.5,100.0,1.9,2.4
2026-08-24T07:15,,0.0,,,,,,,
2026-08-24T07:20,273.0,0.0,1019.5,62.0,0.0,14.6,100.0,1.7,2.5
2026-08-24T07:25,,0.0,,,,,,,
2026-08-24T07:30,242.0,0.0,1019.5,73.3,0.0,14.8,100.0,2.3,3.3
2026-08-24T07:35,,0.0,,,,,,,
2026-08-24T07:40,227.0,0.0,1019.4,73.6,0.0,15.0,100.0,2.1,3.0
2026-08-24T07:45,,0.0,,,,,,,
2026-08-24T07:50,212.7,0.0,1019.3,74.9,0.0,15.2,99.4,1.8,2.9
2026-08-24T07:55,,0.0,,,,,,,
2026-08-24T08:00,198.0,0.0,1019.2,74.8,0.0,15.3,100.0,1.0,2.4
2026-08-24T08:05,,0.0,,,,,,,
2026-08-24T08:10,174.7,0.0,1019.2,73.4,0.0,15.1,100.0,0.5,1.7
2026-08-24T08:15,,0.0,,,,,,,
2026-08-24T08:20,183.1,0.0,1019.2,73.3,0.0,15.2,100.0,0.5,1.0
2026-08-24T08:25,,0.0,,,,,,,
2026-08-24T08:30,207.3,0.0,1019.1,79.4,0.0,15.3,98.9,0.6,1.1
2026-08-24T08:35,,0.0,,,,,,,
2026-08-24T08:40,224.4,0.0,1019.1,137.8,211.0,15.5,97.6,0.6,1.2
2026-08-24T08:45,,0.0,,,,,,,
2026-08-24T08:50,122.6,0.0,1018.9,355.2,489.0,15.9,97.2,0.9,1.4
2026-08-24T08:55,,0.0,,,,,,,
2026-08-24T09:00,118.9,0.0,1018.8,290.0,594.0,16.3,94.4,1.3,2.2
2026-08-24T09:05,,0.0,,,,,,,
2026-08-24T09:10,114.6,0.0,1018.6,380.3,600.0,16.6,93.7,1.4,2.0
2026-08-24T09:15,,0.0,,,,,,,
2026-08-24T09:20,109.1,0.0,1018.3,452.3,600.0,17.0,92.4,1.3,2.0
2026-08-24T09:25,,0.0,,,,,,,
2026-08-24T09:30,104.4,0.0,1018.2,494.2,600.0,17.3,90.4,0.9,2.1
2026-08-24T09:35,,0.0,,,,,,,
2026-08-24T09:40,109.0,0.0,1017.8,531.1,600.0,17.8,87.9,1.7,3.0
2026-08-24T09:45,,0.0,,,,,,,
2026-08-24T09:50,104.6,0.0,1017.5,557.4,600.0,18.2,87.1,1.9,3.0
2026-08-24T09:55,,0.0,,,,,,,
2026-08-24T10:00,94.8,0.0,1017.4,588.5,600.0,18.3,87.2,1.5,2.9
2026-08-24T10:05,,0.0,,,,,,,
2026-08-24T10:10,97.2,0.0,1017.4,614.4,600.0,18.3,88.7,1.6,3.4
2026-08-24T10:15,,0.0,,,,,,,
2026-08-24T10:20,65.5,0.0,1017.3,634.5,600.0,18.4,89.1,1.5,3.4
2026-08-24T10:25,,0.0,,,,,,,
2026-08-24T10:30,98.4,0.0,1017.1,656.7,600.0,18.8,88.0,2.0,3.7
2026-08-24T10:35,,0.0,,,,,,,
2026-08-24T10:40,81.4,0.0,1017.0,678.5,600.0,19.0,87.2,1.4,3.0
2026-08-24T10:45,,0.0,,,,,,,
2026-08-24T10:50,72.9,0.0,1016.8,698.4,599.0,19.1,87.8,1.4,4.0
2026-08-24T10:55,,0.0,,,,,,,
2026-08-24T11:00,91.6,0.0,1016.5,718.3,600.0,19.5,86.7,1.6,3.6
2026-08-24T11:05,,0.0,,,,,,,
2026-08-24T11:10,89.4,0.0,1016.3,740.7,600.0,19.9,86.8,1.6,3.8
2026-08-24T11:15,,0.0,,,,,,,
2026-08-24T11:20,80.9,0.0,1016.1,761.2,600.0,20.2,85.6,1.9,3.6
2026-08-24T11:25,,0.0,,,,,,,
2026-08-24T11:30,79.1,0.0,1015.9,778.5,600.0,20.4,84.2,1.8,4.2
2026-08-24T11:35,,0.0,,,,,,,
2026-08-24T11:40,98.4,0.0,1015.7,800.6,600.0,20.7,82.3,2.3,4.4
2026-08-24T11:45,,0.0,,,,,,,
2026-08-24T11:50,91.9,0.0,1015.4,807.0,600.0,21.0,80.9,1.8,3.7
2026-08-24T11:55,,0.0,,,,,,,
2026-08-24T12:00,93.5,0.0,1015.2,812.6,600.0,21.3,79.2,2.1,4.5
2026-08-24T12:05,,0.0,,,,,,,
2026-08-24T12:10,98.9,0.0,1014.8,823.8,600.0,21.8,76.7,2.3,4.5
2026-08-24T12:15,,0.0,,,,,,,
2026-08-24T12:20,96.5,0.0,1014.7,835.4,600.0,22.0,74.6,2.1,4.2
2026-08-24T12:25,,0.0,,,,,,,
2026-08-24T12:30,78.5,0.0,1014.5,845.8,600.0,22.2,72.7,1.7,4.5
2026-08-24T12:35,,0.0,,,,,,,
2026-08-24T12:40,84.6,0.0,1014.3,853.3,599.0,22.3,72.0,1.6,3.9
2026-08-24T12:45,,0.0,,,,,,,
2026-08-24T12:50,89.1,0.0,1014.0,866.8,600.0,22.6,72.1,2.1,4.0
2026-08-24T12:55,,0.0,,,,,,,
2026-08-24T13:00,92.6,0.0,1013.8,874.8,600.0,22.8,71.8,2.2,4.6
2026-08-24T13:05,,0.0,,,,,,,
2026-08-24T13:10,98.8,0.0,1013.6,889.5,600.0,22.8,70.0,3.2,5.9
2026-08-24T13:15,,0.0,,,,,,,
2026-08-24T13:20,100.9,0.0,1013.5,915.7,600.0,23.1,67.4,3.1,5.6
2026-08-24T13:25,,0.0,,,,,,,
2026-08-24T13:30,91.0,0.0,1013.2,837.2,527.0,23.5,65.0,2.1,5.0
2026-08-24T13:35,,0.0,,,,,,,
2026-08-24T13:40,97.0,0.0,1013.2,746.9,582.0,23.3,64.3,2.5,5.1
2026-08-24T13:45,,0.0,,,,,,,
2026-08-24T13:50,100.2,0.0,1013.1,744.1,520.0,23.6,62.8,2.4,4.8
2026-08-24T13:55,,0.0,,,,,,,
2026-08-24T14:00,96.9,0.0,1013.1,499.1,229.0,23.4,63.8,2.5,5.0
2026-08-24T14:05,,0.0,,,,,,,
2026-08-24T14:10,70.6,0.0,1013.3,385.8,160.0,22.9,65.9,1.4,4.0
2026-08-24T14:15,,0.0,,,,,,,
2026-08-24T14:20,80.3,0.0,1013.5,265.7,0.0,22.6,67.1,1.6,3.8
2026-08-24T14:25,,0.0,,,,,,,
2026-08-24T14:30,92.7,0.0,1013.3,545.4,354.0,22.7,67.1,1.7,3.8
2026-08-24T14:35,,0.0,,,,,,,
2026-08-24T14:40,89.0,0.0,1013.0,692.8,550.0,23.2,64.9,1.7,4.1
2026-08-24T14:45,,0.0,,,,,,,
2026-08-24T14:50,98.7,0.0,1013.0,495.1,376.0,23.2,64.5,1.8,3.9
2026-08-24T14:55,,0.0,,,,,,,
2026-08-24T15:00,102.8,0.0,1012.9,369.7,337.0,23.2,63.7,1.9,4.0
2026-08-24T15:05,,0.0,,,,,,,
2026-08-24T15:10,93.1,0.0,1012.9,501.6,345.0,23.3,62.7,1.7,3.3
2026-08-24T15:15,,0.0,,,,,,,
2026-08-24T15:20,92.5,0.0,1012.9,341.0,325.0,23.2,63.3,1.5,3.3
2026-08-24T15:25,,0.0,,,,,,,
2026-08-24T15:30,91.7,0.0,1013.0,298.9,149.0,23.0,63.5,1.4,3.2
2026-08-24T15:35,,0.0,,,,,,,
2026-08-24T15:40,88.2,0.0,1012.9,423.1,378.0,23.2,62.0,1.6,3.7
2026-08-24T15:45,,0.0,,,,,,,
2026-08-24T15:50,101.9,0.0,1012.7,403.1,510.0,23.3,60.9,2.5,4.5
2026-08-24T15:55,,0.0,,,,,,,
2026-08-24T16:00,100.9,0.0,1012.5,407.4,503.0,23.3,62.4,2.1,3.6
2026-08-24T16:05,,0.0,,,,,,,
2026-08-24T16:10,104.8,0.0,1012.6,435.7,542.0,23.4,61.1,2.0,3.2
2026-08-24T16:15,,0.0,,,,,,,
2026-08-24T16:20,105.5,0.0,1012.5,251.7,107.0,23.4,60.6,2.4,4.1
2026-08-24T16:25,,0.0,,,,,,,
2026-08-24T16:30,84.5,0.0,1012.6,310.9,318.0,23.0,61.4,1.5,3.4
2026-08-24T16:35,,0.0,,,,,,,
2026-08-24T16:40,85.1,0.0,1012.4,231.4,92.0,23.1,61.2,1.2,3.2
2026-08-24T16:45,,0.0,,,,,,,
2026-08-24T16:50,49.2,0.0,1012.6,161.1,0.0,23.0,56.4,1.5,4.0
2026-08-24T16:55,,0.0,,,,,,,
2026-08-24T17:00,67.8,0.0,1012.5,163.5,0.0,22.9,59.2,0.9,2.2
2026-08-24T17:05,,0.0,,,,,,,
2026-08-24T17:10,61.1,0.0,1012.4,271.2,363.0,22.9,58.6,1.0,2.5
2026-08-24T17:15,,0.0,,,,,,,
2026-08-24T17:20,62.1,0.0,1012.3,190.3,119.0,22.9,55.7,0.9,1.9
2026-08-24T17:25,,0.0,,,,,,,
2026-08-24T17:30,43.5,0.0,1012.2,236.1,513.0,23.0,54.7,1.3,2.6
2026-08-24T17:35,,0.0,,,,,,,
2026-08-24T17:40,20.3,0.0,1012.2,180.1,171.0,22.7,56.5,1.1,2.1
2026-08-24T17:45,,0.0,,,,,,,
2026-08-24T17:50,14.4,0.0,1012.1,216.8,444.0,22.8,54.6,1.0,1.9
2026-08-24T17:55,,0.0,,,,,,,
2026-08-24T18:00,334.2,0.0,1012.1,158.2,158.0,22.7,56.8,1.5,2.5
2026-08-24T18:05,,0.0,,,,,,,
2026-08-24T18:10,307.1,0.0,1012.2,134.9,165.0,22.4,56.2,1.1,1.7
2026-08-24T18:15,,0.0,,,,,,,
2026-08-24T18:20,271.7,0.0,1012.0,193.6,258.0,22.6,55.3,0.9,1.4
2026-08-24T18:25,,0.0,,,,,,,
2026-08-24T18:30,337.0,0.0,1012.0,101.2,0.0,22.4,60.3,0.8,1.3
2026-08-24T18:35,,0.0,,,,,,,
2026-08-24T18:40,353.7,0.0,1012.1,129.5,0.0,22.1,63.8,1.4,2.4
2026-08-24T18:45,,0.0,,,,,,,
2026-08-24T18:50,345.0,0.0,1012.2,73.8,0.0,21.8,66.3,1.5,2.2
2026-08-24T18:55,,0.0,,,,,,,
2026-08-24T19:00,322.8,0.0,1012.3,68.3,0.0,21.5,65.9,1.3,2.1
2026-08-24T19:05,,0.0,,,,,,,
2026-08-24T19:10,332.8,0.0,1012.2,59.3,0.0,21.3,70.8,1.1,1.9
2026-08-24T19:15,,0.0,,,,,,,
2026-08-24T19:20,25.0,0.0,1012.2,43.5,0.0,21.2,69.5,0.8,1.5
2026-08-24T19:25,,0.0,,,,,,,
2026-08-24T19:30,43.3,0.0,1012.1,43.8,0.0,21.1,69.8,0.7,1.6
2026-08-24T19:35,,0.0,,,,,,,
2026-08-24T19:40,310.1,0.0,1012.3,38.6,0.0,20.8,72.8,0.6,1.3
2026-08-24T19:45,,0.0,,,,,,,
2026-08-24T19:50,289.6,0.0,1012.5,18.3,0.0,20.4,78.5,0.7,1.5
2026-08-24T19:55,,0.0,,,,,,,
2026-08-24T20:00,330.8,0.0,1012.7,7.6,0.0,19.8,82.5,0.9,2.2
2026-08-24T20:05,,0.0,,,,,,,
2026-08-24T20:10,280.3,0.0,1012.8,1.3,0.0,19.4,85.5,1.0,1.5
2026-08-24T20:15,,0.0,,,,,,,
2026-08-24T20:20,284.0,0.0,1012.9,0.0,0.0,19.1,88.7,0.8,1.3
2026-08-24T20:25,,0.0,,,,,,,
2026-08-24T20:30,312.8,0.0,1013.0,0.0,0.0,18.9,87.5,0.7,0.9
2026-08-24T20:35,,0.0,,,,,,,
2026-08-24T20:40,307.0,0.0,1013.1,0.0,0.0,18.6,89.4,1.1,1.6
2026-08-24T20:45,,0.0,,,,,,,
2026-08-24T20:50,306.7,0.0,1013.3,0.0,0.0,18.3,89.8,1.0,1.5
2026-08-24T20:55,,0.0,,,,,,,
2026-08-24T21:00,268.5,0.0,1013.5,0.0,0.0,18.2,91.9,0.8,1.4
2026-08-24T21:05,,0.0,,,,,,,
2026-08-24T21:10,241.4,0.0,1013.7,0.0,0.0,18.0,96.3,0.7,1.6
2026-08-24T21:15,,0.0,,,,,,,
2026-08-24T21:20,264.3,0.0,1014.1,0.0,0.0,17.9,96.9,1.5,2.5
2026-08-24T21:25,,0.0,,,,,,,
2026-08-24T21:30,261.5,0.0,1014.3,0.0,0.0,17.8,97.7,2.0,2.7
2026-08-24T21:35,,0.0,,,,,,,
2026-08-24T21:40,261.8,0.0,1014.5,0.0,0.0,17.7,97.0,1.4,2.8
2026-08-24T21:45,,0.0,,,,,,,
2026-08-24T21:50,255.1,0.0,1014.4,0.0,0.0,17.7,97.7,1.2,2.3
2026-08-24T21:55,,0.0,,,,,,,
2026-08-24T22:00,294.9,0.0,1014.5,0.0,0.0,17.3,100.0,1.4,2.4
2026-08-24T22:05,,0.0,,,,,,,
2026-08-24T22:10,239.7,0.0,1014.6,0.0,0.0,17.1,100.0,1.7,3.0
2026-08-24T22:15,,0.0,,,,,,,
2026-08-24T22:20,253.6,0.0,1014.6,0.0,0.0,16.9,100.0,1.9,2.6
2026-08-24T22:25,,0.0,,,,,,,
2026-08-24T22:30,242.2,0.0,1014.7,0.0,0.0,16.7,100.0,1.7,2.4
2026-08-24T22:35,,0.0,,,,,,,
2026-08-24T22:40,265.0,0.0,1014.7,0.0,0.0,16.7,100.0,1.5,2.5
2026-08-24T22:45,,0.0,,,,,,,
2026-08-24T22:50,247.1,0.0,1014.7,0.0,0.0,16.6,100.0,2.3,3.7
2026-08-24T22:55,,0.0,,,,,,,
2026-08-24T23:00,252.7,0.0,1014.9,0.0,0.0,16.5,100.0,2.1,4.3
2026-08-24T23:05,,0.0,,,,,,,
2026-08-24T23:10,239.6,0.0,1014.9,0.0,0.0,16.4,100.0,3.2,4.1
2026-08-24T23:15,,0.0,,,,,,,
2026-08-24T23:20,247.1,0.0,1014.9,0.0,0.0,16.4,100.0,3.0,4.5
2026-08-24T23:25,,0.0,,,,,,,
2026-08-24T23:30,212.3,0.0,1014.7,0.0,0.0,16.7,99.9,2.1,3.9
2026-08-24T23:35,,0.0,,,,,,,
2026-08-24T23:40,272.9,0.0,1014.7,0.0,0.0,16.3,100.0,1.2,1.9
2026-08-24T23:45,,0.0,,,,,,,
2026-08-24T23:50,248.5,0.0,1014.7,0.0,0.0,16.3,100.0,0.6,2.3
2026-08-24T23:55,,0.0,,,,,,,
2026-08-25T00:00,304.5,0.0,1014.7,0.0,0.0,16.3,100.0,1.6,2.5
2026-08-25T00:05,,0.0,,,,,,,
2026-08-25T00:10,218.4,0.0,1014.7,0.0,0.0,16.5,100.0,1.0,2.3
2026-08-25T00:15,,0.0,,,,,,,
2026-08-25T00:20,242.3,0.0,1014.7,0.0,0.0,16.2,100.0,2.2,2.9
2026-08-25T00:25,,0.0,,,,,,,
2026-08-25T00:30,286.9,0.0,1014.6,0.0,0.0,16.1,100.0,1.3,2.2
2026-08-25T00:35,,0.0,,,,,,,
2026-08-25T00:40,231.8,0.0,1014.7,0.0,0.0,16.2,100.0,2.4,3.2
2026-08-25T00:45,,0.0,,,,,,,
2026-08-25T00:50,253.4,0.0,1014.7,0.0,0.0,16.0,100.0,1.8,3.0
2026-08-25T00:55,,0.0,,,,,,,
2026-08-25T01:00,281.8,0.0,1014.6,0.0,0.0,16.0,100.0,1.8,2.6
2026-08-25T01:05,,0.0,,,,,,,
2026-08-25T01:10,227.5,0.0,1014.4,0.0,0.0,16.2,100.0,1.7,2.7
2026-08-25T01:15,,0.0,,,,,,,
2026-08-25T01:20,258.7,0.0,1014.2,0.0,0.0,16.0,100.0,1.9,3.0
2026-08-25T01:25,,0.0,,,,,,,
2026-08-25T01:30,262.2,0.0,1013.9,0.0,0.0,16.0,100.0,1.2,2.5
2026-08-25T01:35,,0.0,,,,,,,
2026-08-25T01:40,238.8,0.0,1013.8,0.0,0.0,16.2,100.0,2.3,3.3
2026-08-25T01:45,,0.0,,,,,,,
2026-08-25T01:50,242.3,0.0,1013.9,0.0,0.0,16.1,100.0,3.0,3.6
2026-08-25T01:55,,0.0,,,,,,,
2026-08-25T02:00,238.8,0.0,1013.9,0.0,0.0,16.0,100.0,4.0,4.7
2026-08-25T02:05,,0.0,,,,,,,
2026-08-25T02:10,231.4,0.0,1013.8,0.0,0.0,16.0,100.0,3.9,4.4
2026-08-25T02:15,,0.0,,,,,,,
2026-08-25T02:20,256.0,0.0,1013.8,0.0,0.0,16.0,100.0,2.6,4.0
2026-08-25T02:25,,0.0,,,,,,,
2026-08-25T02:30,245.9,0.0,1013.4,0.0,0.0,16.2,100.0,1.1,2.5
2026-08-25T02:35,,0.1,,,,,,,
2026-08-25T02:40,256.1,0.0,1013.3,0.0,0.0,16.1,100.0,1.2,2.6
2026-08-25T02:45,,0.0,,,,,,,
2026-08-25T02:50,329.9,0.0,1013.1,0.0,0.0,15.8,100.0,0.6,1.1
2026-08-25T02:55,,0.0,,,,,,,
2026-08-25T03:00,247.8,0.0,1012.9,0.0,0.0,15.8,100.0,1.5,2.5
2026-08-25T03:05,,0.0,,,,,,,
2026-08-25T03:10,268.6,0.0,1012.8,0.0,0.0,15.7,100.0,1.3,2.2
2026-08-25T03:15,,0.0,,,,,,,
2026-08-25T03:20,213.1,0.0,1012.6,0.0,0.0,15.7,100.0,1.5,2.9
2026-08-25T03:25,,0.0,,,,,,,
2026-08-25T03:30,231.8,0.0,1012.4,0.0,0.0,15.8,100.0,1.4,2.5
2026-08-25T03:35,,0.0,,,,,,,
2026-08-25T03:40,238.2,0.1,1012.5,0.0,0.0,15.7,100.0,1.4,3.3
2026-08-25T03:45,,0.8,,,,,,,
2026-08-25T03:50,188.2,0.2,1012.3,0.0,0.0,15.6,100.0,0.6,2.5
2026-08-25T03:55,,0.0,,,,,,,
2026-08-25T04:00,318.3,0.0,1012.3,0.0,0.0,15.2,100.0,0.9,1.5
2026-08-25T04:05,,0.0,,,,,,,
2026-08-25T04:10,324.2,0.1,1011.9,0.0,0.0,15.3,100.0,0.8,1.4
2026-08-25T04:15,,0.0,,,,,,,
2026-08-25T04:20,289.3,0.0,1011.9,0.0,0.0,15.1,99.9,1.0,1.7
2026-08-25T04:25,,0.0,,,,,,,
2026-08-25T04:30,257.9,0.0,1011.9,0.0,0.0,15.1,99.9,1.6,2.2
2026-08-25T04:35,,0.0,,,,,,,
2026-08-25T04:40,248.2,0.0,1011.6,0.0,0.0,15.2,99.9,1.4,2.3
2026-08-25T04:45,,0.0,,,,,,,
2026-08-25T04:50,285.6,0.0,1011.7,0.0,0.0,15.0,99.9,1.3,2.2
2026-08-25T04:55,,0.0,,,,,,,
2026-08-25T05:00,106.0,0.0,1011.7,0.0,0.0,15.0,100.0,0.5,1.5
2026-08-25T05:05,,0.0,,,,,,,
2026-08-25T05:10,12.2,0.1,1011.5,0.0,0.0,15.0,99.9,0.4,1.0
2026-08-25T05:15,,0.1,,,,,,,
2026-08-25T05:20,190.8,0.1,1011.4,0.0,0.0,14.9,99.9,0.2,1.5
2026-08-25T05:25,,0.1,,,,,,,
2026-08-25T05:30,299.2,0.3,1011.4,0.0,0.0,14.9,99.9,0.9,2.0
2026-08-25T05:35,,0.6,,,,,,,
2026-08-25T05:40,114.2,0.5,1011.3,0.0,0.0,14.9,99.9,0.7,1.5
2026-08-25T05:45,,0.4,,,,,,,
2026-08-25T05:50,126.0,0.4,1011.2,0.0,0.0,14.9,99.9,0.2,1.4
2026-08-25T05:55,,0.3,,,,,,,
2026-08-25T06:00,32.0,0.3,1011.3,0.0,0.0,14.8,99.9,1.2,2.8
2026-08-25T06:05,,0.4,,,,,,,
2026-08-25T06:10,58.1,0.3,1011.3,0.0,0.0,14.7,99.9,0.5,2.5
2026-08-25T06:15,,0.4,,,,,,,
2026-08-25T06:20,73.6,0.4,1011.3,0.0,0.0,14.6,99.9,0.9,2.1
2026-08-25T06:25,,0.2,,,,,,,
2026-08-25T06:30,80.6,0.1,1011.2,0.0,0.0,14.6,99.9,1.2,3.2
2026-08-25T06:35,,0.0,,,,,,,
2026-08-25T06:40,89.7,0.1,1011.4,0.0,0.0,14.5,99.9,0.8,2.6
2026-08-25T06:45,,0.0,,,,,,,
2026-08-25T06:50,42.2,0.0,1011.5,0.0,0.0,14.4,99.9,0.5,1.3
2026-08-25T06:55,,0.0,,,,,,,
2026-08-25T07:00,111.1,0.1,1011.4,0.0,0.0,14.4,99.9,1.3,2.3
2026-08-25T07:05,,0.1,,,,,,,
2026-08-25T07:10,81.8,0.2,1011.5,2.3,0.0,14.4,99.9,0.9,2.6
2026-08-25T07:15,,0.1,,,,,,,
2026-08-25T07:20,97.8,0.2,1011.4,3.5,0.0,14.5,99.9,0.7,1.7
2026-08-25T07:25,,0.0,,,,,,,
2026-08-25T07:30,96.3,0.0,1011.3,3.5,0.0,14.4,99.9,0.7,1.4
2026-08-25T07:35,,0.1,,,,,,,
2026-08-25T07:40,60.9,0.0,1011.2,10.2,0.0,14.4,99.9,1.1,3.3
2026-08-25T07:45,,0.1,,,,,,,
2026-08-25T07:50,63.0,0.0,1011.0,18.0,0.0,14.5,99.9,1.0,2.8
2026-08-25T07:55,,0.0,,,,,,,
2026-08-25T08:00,43.8,0.0,1011.0,24.1,0.0,14.3,99.9,1.4,3.2
2026-08-25T08:05,,0.0,,,,,,,
2026-08-25T08:10,65.7,0.1,1010.9,28.6,0.0,14.3,99.9,0.8,1.7
2026-08-25T08:15,,0.0,,,,,,,
2026-08-25T08:20,52.6,0.0,1010.9,35.2,0.0,14.4,99.9,1.3,2.2
2026-08-25T08:25,,0.0,,,,,,,
2026-08-25T08:30,70.1,0.0,1010.9,27.8,0.0,14.5,99.9,1.0,2.7
2026-08-25T08:35,,0.0,,,,,,,
2026-08-25T08:40,84.6,0.0,1010.9,28.4,0.0,14.5,99.9,0.9,2.3
2026-08-25T08:45,,0.0,,,,,,,
2026-08-25T08:50,95.5,0.0,1010.8,40.3,0.0,14.5,99.9,0.9,2.4
2026-08-25T08:55,,0.0,,,,,,,
2026-08-25T09:00,100.6,0.0,1011.0,41.1,0.0,14.5,99.9,1.5,3.0
2026-08-25T09:05,,0.0,,,,,,,
2026-08-25T09:10,97.1,0.0,1011.0,34.1,0.0,14.4,99.9,1.2,2.8
2026-08-25T09:15,,0.0,,,,,,,
2026-08-25T09:20,83.5,0.0,1011.1,44.7,0.0,14.4,99.9,0.9,2.5
2026-08-25T09:25,,0.0,,,,,,,
2026-08-25T09:30,63.0,0.0,1011.3,40.6,0.0,14.3,99.9,0.9,2.3
2026-08-25T09:35,,0.2,,,,,,,
2026-08-25T09:40,106.2,0.1,1011.4,54.6,0.0,14.4,99.9,1.0,2.3
2026-08-25T09:45,,0.0,,,,,,,
2026-08-25T09:50,107.0,0.1,1011.5,97.2,0.0,14.4,99.9,1.7,2.8
2026-08-25T09:55,,0.0,,,,,,,
2026-08-25T10:00,96.9,0.1,1011.5,105.3,0.0,14.4,99.9,1.5,2.9
2026-08-25T10:05,,0.1,,,,,,,
2026-08-25T10:10,69.5,0.0,1011.5,79.7,0.0,14.4,99.9,0.9,1.9
2026-08-25T10:15,,0.1,,,,,,,
2026-08-25T10:20,53.2,0.0,1011.6,74.3,0.0,14.4,99.9,1.1,2.4
2026-08-25T10:25,,0.0,,,,,,,
2026-08-25T10:30,71.9,0.1,1011.6,99.2,0.0,14.6,99.9,0.7,1.5
2026-08-25T10:35,,0.0,,,,,,,
2026-08-25T10:40,70.7,0.0,1011.6,98.9,0.0,14.6,99.9,0.8,2.2
2026-08-25T10:45,,0.0,,,,,,,
2026-08-25T10:50,61.8,0.0,1011.8,90.0,0.0,14.5,99.9,0.9,1.7
2026-08-25T10:55,,0.3,,,,,,,
2026-08-25T11:00,64.2,0.2,1012.0,86.6,0.0,14.4,99.9,0.8,2.3
2026-08-25T11:05,,0.1,,,,,,,
2026-08-25T11:10,62.5,0.1,1012.0,87.0,0.0,14.4,99.9,0.8,1.7
2026-08-25T11:15,,0.1,,,,,,,
2026-08-25T11:20,87.2,0.2,1012.1,81.3,0.0,14.5,99.9,0.9,2.1
2026-08-25T11:25,,0.3,,,,,,,
2026-08-25T11:30,82.5,0.2,1012.1,120.8,0.0,14.5,99.9,0.8,1.8
2026-08-25T11:35,,0.1,,,,,,,
2026-08-25T11:40,95.5,0.1,1012.0,207.6,0.0,14.6,99.9,1.3,2.6
2026-08-25T11:45,,0.0,,,,,,,
2026-08-25T11:50,88.1,0.1,1011.9,204.9,0.0,14.6,99.9,1.0,2.3
2026-08-25T11:55,,0.1,,,,,,,
2026-08-25T12:00,81.3,0.0,1011.9,163.9,0.0,14.8,99.9,0.9,2.2
2026-08-25T12:05,,0.0,,,,,,,
2026-08-25T12:10,62.6,0.0,1011.9,355.8,9.0,14.9,99.9,0.7,2.1
2026-08-25T12:15,,0.0,,,,,,,
2026-08-25T12:20,91.5,0.0,1011.6,792.2,562.0,15.4,99.9,1.3,3.4
2026-08-25T12:25,,0.0,,,,,,,
2026-08-25T12:30,75.5,0.0,1011.4,487.9,145.0,15.5,99.9,1.2,3.0
2026-08-25T12:35,,0.0,,,,,,,
2026-08-25T12:40,84.8,0.0,1011.5,303.5,0.0,15.4,99.9,1.3,2.7
2026-08-25T12:45,,0.0,,,,,,,
2026-08-25T12:50,88.0,0.0,1011.3,495.4,223.0,15.7,99.9,1.3,3.3
2026-08-25T12:55,,0.0,,,,,,,
2026-08-25T13:00,68.4,0.0,1011.4,264.6,0.0,15.6,99.9,1.2,2.8
2026-08-25T13:05,,0.0,,,,,,,
2026-08-25T13:10,55.4,0.0,1011.5,328.8,0.0,15.5,99.9,1.4,3.0
2026-08-25T13:15,,0.0,,,,,,,
2026-08-25T13:20,49.7,0.0,1011.2,612.1,428.0,16.0,99.9,2.1,4.2
2026-08-25T13:25,,0.0,,,,,,,
2026-08-25T13:30,87.3,0.0,1010.7,854.7,566.0,16.7,100.0,1.5,3.9
2026-08-25T13:35,,0.0,,,,,,,
2026-08-25T13:40,97.2,0.0,1010.4,752.4,461.0,17.2,100.0,2.3,4.4
2026-08-25T13:45,,0.0,,,,,,,
2026-08-25T13:50,100.8,0.0,1010.5,536.6,346.0,17.1,100.0,2.2,3.6
2026-08-25T13:55,,0.0,,,,,,,
2026-08-25T14:00,98.7,0.0,1010.5,467.6,111.0,17.1,100.0,1.8,3.4
2026-08-25T14:05,,0.0,,,,,,,
2026-08-25T14:10,99.7,0.0,1010.5,662.9,349.0,17.3,100.0,2.1,3.3
2026-08-25T14:15,,0.0,,,,,,,
2026-08-25T14:20,87.6,0.0,1010.3,664.9,408.0,17.8,100.0,1.8,3.5
2026-08-25T14:25,,0.0,,,,,,,
2026-08-25T14:30,89.5,0.0,1010.3,626.5,337.0,17.7,100.0,1.9,3.9
2026-08-25T14:35,,0.0,,,,,,,
2026-08-25T14:40,83.2,0.0,1009.9,1061.2,600.0,18.6,100.0,1.4,3.2
2026-08-25T14:45,,0.0,,,,,,,
2026-08-25T14:50,90.4,0.0,1009.7,963.4,600.0,18.9,100.0,2.1,4.1
2026-08-25T14:55,,0.0,,,,,,,
2026-08-25T15:00,99.0,0.0,1009.7,819.5,600.0,18.9,100.0,2.4,4.5
2026-08-25T15:05,,0.0,,,,,,,
2026-08-25T15:10,74.6,0.0,1009.8,614.6,567.0,18.9,100.0,1.6,3.9
2026-08-25T15:15,,0.0,,,,,,,
2026-08-25T15:20,92.6,0.0,1010.0,470.2,227.0,18.5,100.0,1.7,3.3
2026-08-25T15:25,,0.0,,,,,,,
2026-08-25T15:30,94.7,0.0,1010.0,659.6,561.0,18.6,100.0,1.9,3.2
2026-08-25T15:35,,0.0,,,,,,,
2026-08-25T15:40,95.8,0.0,1010.2,572.8,600.0,18.3,100.0,1.9,3.6
2026-08-25T15:45,,0.0,,,,,,,
2026-08-25T15:50,58.1,0.0,1010.2,545.6,600.0,18.3,100.0,1.3,2.9
2026-08-25T15:55,,0.0,,,,,,,
2026-08-25T16:00,43.6,0.0,1010.2,759.1,600.0,18.7,99.0,2.2,3.9
2026-08-25T16:05,,0.0,,,,,,,
2026-08-25T16:10,56.1,0.0,1009.9,809.3,600.0,19.2,96.4,1.5,3.3
2026-08-25T16:15,,0.0,,,,,,,
2026-08-25T16:20,96.4,0.0,1009.9,367.3,191.0,19.2,98.8,1.8,3.7
2026-08-25T16:25,,0.0,,,,,,,
2026-08-25T16:30,95.8,0.0,1010.1,315.0,148.0,19.0,99.4,1.2,3.1
2026-08-25T16:35,,0.0,,,,,,,
2026-08-25T16:40,47.9,0.0,1010.2,392.3,240.0,18.9,97.9,0.9,2.4
2026-08-25T16:45,,0.0,,,,,,,
2026-08-25T16:50,51.0,0.0,1010.2,348.2,331.0,19.1,96.7,1.3,2.7
2026-08-25T16:55,,0.0,,,,,,,
2026-08-25T17:00,73.0,0.0,1010.3,192.6,0.0,18.9,97.1,1.2,2.6
2026-08-25T17:05,,0.0,,,,,,,
2026-08-25T17:10,95.8,0.0,1010.4,154.4,0.0,18.8,98.7,1.1,2.3
2026-08-25T17:15,,0.0,,,,,,,
2026-08-25T17:20,85.7,0.0,1010.5,151.7,98.0,18.7,99.2,1.1,2.4
2026-08-25T17:25,,0.0,,,,,,,
2026-08-25T17:30,86.2,0.0,1010.7,97.1,0.0,18.4,100.0,1.0,2.8
2026-08-25T17:35,,0.0,,,,,,,
2026-08-25T17:40,106.9,0.0,1011.0,112.1,0.0,18.2,100.0,1.5,3.4
2026-08-25T17:45,,0.0,,,,,,,
2026-08-25T17:50,99.0,0.0,1011.2,257.0,466.0,18.3,100.0,0.8,1.6
2026-08-25T17:55,,0.0,,,,,,,
2026-08-25T18:00,69.2,0.0,1011.0,217.6,334.0,18.5,99.9,1.0,2.2
2026-08-25T18:05,,0.0,,,,,,,
2026-08-25T18:10,72.7,0.0,1011.0,283.4,565.0,18.6,99.9,1.0,1.9
2026-08-25T18:15,,0.0,,,,,,,
2026-08-25T18:20,67.6,0.0,1011.0,155.1,154.0,18.7,98.5,1.0,2.4
2026-08-25T18:25,,0.0,,,,,,,
2026-08-25T18:30,86.1,0.0,1011.3,122.0,0.0,18.4,99.8,0.6,1.5
2026-08-25T18:35,,0.0,,,,,,,
2026-08-25T18:40,7.2,0.0,1011.5,82.4,0.0,18.2,100.0,0.9,2.1
2026-08-25T18:45,,0.0,,,,,,,
2026-08-25T18:50,351.4,0.0,1011.7,62.8,0.0,17.9,100.0,1.0,1.8
2026-08-25T18:55,,0.0,,,,,,,
2026-08-25T19:00,345.8,0.0,1012.0,73.2,0.0,17.7,100.0,1.2,2.1
2026-08-25T19:05,,0.0,,,,,,,
2026-08-25T19:10,344.0,0.0,1012.1,39.2,0.0,17.7,100.0,1.2,1.7
2026-08-25T19:15,,0.0,,,,,,,
2026-08-25T19:20,227.7,0.0,1012.3,34.1,0.0,17.5,100.0,1.1,2.1
2026-08-25T19:25,,0.0,,,,,,,
2026-08-25T19:30,246.3,0.0,1012.5,27.2,0.0,17.2,100.0,1.7,2.4
2026-08-25T19:35,,0.0,,,,,,,
2026-08-25T19:40,329.3,0.0,1012.8,13.0,0.0,16.8,100.0,0.7,1.8
2026-08-25T19:45,,0.0,,,,,,,
2026-08-25T19:50,273.4,0.0,1013.1,7.6,0.0,16.6,100.0,1.0,2.0
2026-08-25T19:55,,0.0,,,,,,,
2026-08-25T20:00,278.3,0.0,1013.3,3.9,0.0,16.4,100.0,0.9,1.8
2026-08-25T20:05,,0.0,,,,,,,
2026-08-25T20:10,260.2,0.0,1013.6,0.9,0.0,16.2,100.0,1.3,2.2
2026-08-25T20:15,,0.0,,,,,,,
2026-08-25T20:20,231.4,0.0,1013.9,0.0,0.0,16.0,100.0,0.7,1.6
2026-08-25T20:25,,0.0,,,,,,,
2026-08-25T20:30,279.0,0.0,1014.2,0.0,0.0,15.6,100.0,1.1,1.6
2026-08-25T20:35,,0.0,,,,,,,
2026-08-25T20:40,313.3,0.0,1014.3,0.0,0.0,15.4,100.0,0.7,1.5
2026-08-25T20:45,,0.0,,,,,,,
2026-08-25T20:50,277.9,0.0,1014.5,0.0,0.0,15.4,100.0,1.4,2.1
2026-08-25T20:55,,0.0,,,,,,,
2026-08-25T21:00,236.9,0.0,1014.7,0.0,0.0,15.4,100.0,2.0,3.9
2026-08-25T21:05,,0.0,,,,,,,
2026-08-25T21:10,262.2,0.0,1014.9,0.0,0.0,15.1,100.0,2.7,3.5
2026-08-25T21:15,,0.0,,,,,,,
2026-08-25T21:20,239.2,0.0,1015.1,0.0,0.0,15.0,100.0,3.5,5.3
2026-08-25T21:25,,0.0,,,,,,,
2026-08-25T21:30,237.0,0.0,1015.2,0.0,0.0,15.1,100.0,3.8,4.8
2026-08-25T21:35,,0.0,,,,,,,
2026-08-25T21:40,238.9,0.0,1015.3,0.0,0.0,15.3,100.0,4.7,5.8
2026-08-25T21:45,,0.0,,,,,,,
2026-08-25T21:50,227.9,0.0,1015.4,0.0,0.0,15.3,100.0,3.8,4.6
2026-08-25T21:55,,0.0,,,,,,,
2026-08-25T22:00,213.3,0.0,1015.5,0.0,0.0,15.2,100.0,3.6,5.0
2026-08-25T22:05,,0.0,,,,,,,
2026-08-25T22:10,227.5,0.0,1015.8,0.0,0.0,14.9,100.0,3.9,4.7
2026-08-25T22:15,,0.0,,,,,,,
2026-08-25T22:20,244.6,0.0,1015.9,0.0,0.0,14.9,100.0,3.8,4.8
2026-08-25T22:25,,0.0,,,,,,,
2026-08-25T22:30,234.1,0.0,1015.9,0.0,0.0,14.8,100.0,3.9,5.4
2026-08-25T22:35,,0.0,,,,,,,
2026-08-25T22:40,226.6,0.0,1015.9,0.0,0.0,15.0,100.0,4.7,6.1
2026-08-25T22:45,,0.0,,,,,,,
2026-08-25T22:50,221.0,0.0,1016.0,0.0,0.0,14.9,100.0,4.0,5.1
2026-08-25T22:55,,0.0,,,,,,,
2026-08-25T23:00,226.6,0.0,1016.1,0.0,0.0,14.8,100.0,3.6,5.3
2026-08-25T23:05,,0.0,,,,,,,
2026-08-25T23:10,231.8,0.0,1016.2,0.0,0.0,14.7,100.0,3.5,4.6
2026-08-25T23:15,,0.0,,,,,,,
2026-08-25T23:20,226.5,0.0,1016.2,0.0,0.0,14.7,100.0,2.4,4.3
2026-08-25T23:25,,0.0,,,,,,,
2026-08-25T23:30,245.0,0.0,1016.3,0.0,0.0,14.6,100.0,3.0,4.1
2026-08-25T23:35,,0.0,,,,,,,
2026-08-25T23:40,248.0,0.0,1016.3,0.0,0.0,14.6,100.0,2.1,4.1
2026-08-25T23:45,,0.0,,,,,,,
2026-08-25T23:50,231.9,0.0,1016.3,0.0,0.0,14.6,100.0,3.5,4.6
2026-08-25T23:55,,0.0,,,,,,,
2026-08-26T00:00,249.0,0.0,1016.5,0.0,0.0,14.6,100.0,3.0,4.2
2026-08-26T00:05,,0.0,,,,,,,
2026-08-26T00:10,214.7,0.0,1016.4,0.0,0.0,14.7,100.0,2.6,5.4
2026-08-26T00:15,,0.0,,,,,,,
2026-08-26T00:20,228.2,0.0,1016.5,0.0,0.0,14.7,100.0,4.0,6.0
2026-08-26T00:25,,0.0,,,,,,,
2026-08-26T00:30,240.1,0.0,1016.6,0.0,0.0,14.6,100.0,3.1,4.2
2026-08-26T00:35,,0.0,,,,,,,
2026-08-26T00:40,249.4,0.0,1016.8,0.0,0.0,14.3,100.0,2.9,3.7
2026-08-26T00:45,,0.0,,,,,,,
2026-08-26T00:50,220.5,0.0,1016.8,0.0,0.0,14.4,100.0,3.9,5.5
2026-08-26T00:55,,0.0,,,,,,,
2026-08-26T01:00,245.1,0.0,1017.0,0.0,0.0,14.2,100.0,3.5,4.6
2026-08-26T01:05,,0.0,,,,,,,
2026-08-26T01:10,220.3,0.0,1016.9,0.0,0.0,14.3,100.0,3.0,4.5
2026-08-26T01:15,,0.0,,,,,,,
2026-08-26T01:20,230.9,0.0,1017.1,0.0,0.0,14.1,100.0,3.2,4.3
2026-08-26T01:25,,0.0,,,,,,,
2026-08-26T01:30,230.3,0.0,1017.3,0.0,0.0,14.0,100.0,3.7,4.5
2026-08-26T01:35,,0.0,,,,,,,
2026-08-26T01:40,226.6,0.0,1017.5,0.0,0.0,14.0,100.0,3.8,4.6
2026-08-26T01:45,,0.0,,,,,,,
2026-08-26T01:50,229.5,0.0,1017.5,0.0,0.0,13.9,100.0,3.6,4.5
2026-08-26T01:55,,0.0,,,,,,,
2026-08-26T02:00,232.1,0.0,1017.6,0.0,0.0,13.8,100.0,3.7,4.4
2026-08-26T02:05,,0.0,,,,,,,
2026-08-26T02:10,238.4,0.0,1017.6,0.0,0.0,13.7,100.0,3.4,4.6
2026-08-26T02:15,,0.0,,,,,,,
2026-08-26T02:20,233.1,0.0,1017.6,0.0,0.0,13.7,100.0,3.0,4.7
2026-08-26T02:25,,0.0,,,,,,,
2026-08-26T02:30,234.4,0.0,1017.7,0.0,0.0,13.6,100.0,4.1,4.8
2026-08-26T02:35,,0.0,,,,,,,
2026-08-26T02:40,223.5,0.0,1017.7,0.0,0.0,13.8,100.0,4.4,5.9
2026-08-26T02:45,,0.0,,,,,,,
2026-08-26T02:50,212.6,0.0,1017.8,0.0,0.0,13.5,100.0,4.0,5.1
2026-08-26T02:55,,0.0,,,,,,,
2026-08-26T03:00,237.8,0.0,1017.9,0.0,0.0,13.5,100.0,4.1,5.2
2026-08-26T03:05,,0.0,,,,,,,
2026-08-26T03:10,235.2,0.0,1017.9,0.0,0.0,13.5,100.0,3.7,4.8
2026-08-26T03:15,,0.0,,,,,,,
2026-08-26T03:20,236.7,0.0,1018.0,0.0,0.0,13.4,100.0,3.6,4.4
2026-08-26T03:25,,0.0,,,,,,,
2026-08-26T03:30,237.3,0.0,1018.0,0.0,0.0,13.5,100.0,3.3,4.4
2026-08-26T03:35,,0.0,,,,,,,
2026-08-26T03:40,236.6,0.0,1018.1,0.0,0.0,13.4,100.0,3.4,4.1
2026-08-26T03:45,,0.0,,,,,,,
2026-08-26T03:50,230.6,0.0,1018.0,0.0,0.0,13.5,100.0,3.7,4.3
2026-08-26T03:55,,0.0,,,,,,,
2026-08-26T04:00,245.4,0.0,1018.2,0.0,0.0,13.3,100.0,3.4,4.2
2026-08-26T04:05,,0.0,,,,,,,
2026-08-26T04:10,245.6,0.0,1018.5,0.0,0.0,13.1,100.0,2.8,4.6
2026-08-26T04:15,,0.0,,,,,,,
2026-08-26T04:20,226.7,0.0,1018.4,0.0,0.0,13.2,100.0,3.3,4.7
2026-08-26T04:25,,0.0,,,,,,,
2026-08-26T04:30,241.4,0.0,1018.6,0.0,0.0,13.0,100.0,3.1,4.1
2026-08-26T04:35,,0.0,,,,,,,
2026-08-26T04:40,219.7,0.0,1018.5,0.0,0.0,13.2,100.0,4.0,5.6
2026-08-26T04:45,,0.0,,,,,,,
2026-08-26T04:50,209.2,0.0,1018.4,0.0,0.0,13.2,100.0,4.4,5.6
2026-08-26T04:55,,0.0,,,,,,,
2026-08-26T05:00,216.1,0.0,1018.5,0.0,0.0,13.3,100.0,4.6,5.9
2026-08-26T05:05,,0.0,,,,,,,
2026-08-26T05:10,219.0,0.0,1018.6,0.0,0.0,13.3,100.0,4.5,5.5
2026-08-26T05:15,,0.0,,,,,,,
2026-08-26T05:20,228.4,0.0,1018.6,0.0,0.0,13.2,100.0,4.1,5.4
2026-08-26T05:25,,0.0,,,,,,,
2026-08-26T05:30,247.7,0.0,1018.6,0.0,0.0,13.1,100.0,2.9,3.8
2026-08-26T05:35,,0.0,,,,,,,
2026-08-26T05:40,250.7,0.0,1018.6,0.0,0.0,13.0,100.0,2.7,3.5
2026-08-26T05:45,,0.0,,,,,,,
2026-08-26T05:50,255.0,0.0,1018.5,0.0,0.0,12.9,100.0,2.4,3.4
2026-08-26T05:55,,0.0,,,,,,,
2026-08-26T06:00,230.1,0.0,1018.5,0.0,0.0,13.1,100.0,3.1,4.1
2026-08-26T06:05,,0.0,,,,,,,
2026-08-26T06:10,232.6,0.0,1018.5,0.0,0.0,13.1,100.0,1.5,2.5
2026-08-26T06:15,,0.0,,,,,,,
2026-08-26T06:20,261.7,0.0,1018.9,0.0,0.0,12.7,100.0,2.2,2.9
2026-08-26T06:25,,0.0,,,,,,,
2026-08-26T06:30,261.5,0.0,1019.1,0.2,0.0,12.6,100.0,1.8,2.7
2026-08-26T06:35,,0.0,,,,,,,
2026-08-26T06:40,264.4,0.0,1019.1,2.9,0.0,12.5,100.0,2.0,2.9
2026-08-26T06:45,,0.0,,,,,,,
2026-08-26T06:50,254.3,0.0,1019.2,6.7,0.0,12.5,100.0,1.6,2.5
2026-08-26T06:55,,0.0,,,,,,,
2026-08-26T07:00,258.7,0.0,1019.2,10.9,0.0,12.6,100.0,2.2,2.9
2026-08-26T07:05,,0.0,,,,,,,
2026-08-26T07:10,259.6,0.0,1019.3,14.6,0.0,12.6,100.0,2.1,2.5
2026-08-26T07:15,,0.0,,,,,,,
2026-08-26T07:20,248.9,0.0,1019.3,18.8,0.0,12.7,100.0,2.1,3.5
2026-08-26T07:25,,0.0,,,,,,,
2026-08-26T07:30,237.9,0.0,1019.4,22.7,0.0,12.9,100.0,2.5,3.6
2026-08-26T07:35,,0.0,,,,,,,
2026-08-26T07:40,237.5,0.0,1019.3,27.4,0.0,13.1,100.0,2.5,3.0
2026-08-26T07:45,,0.0,,,,,,,
2026-08-26T07:50,250.9,0.0,1019.2,31.0,0.0,13.1,100.0,2.0,2.8
2026-08-26T07:55,,0.0,,,,,,,
2026-08-26T08:00,229.3,0.0,1019.2,29.8,0.0,13.3,100.0,2.7,3.2
2026-08-26T08:05,,0.0,,,,,,,
2026-08-26T08:10,241.4,0.0,1019.2,32.4,0.0,13.3,100.0,2.4,3.3
2026-08-26T08:15,,0.0,,,,,,,
2026-08-26T08:20,228.9,0.0,1019.1,34.5,0.0,13.6,100.0,2.2,3.1
2026-08-26T08:25,,0.0,,,,,,,
2026-08-26T08:30,240.8,0.0,1019.0,36.0,0.0,13.6,100.0,1.7,2.3
2026-08-26T08:35,,0.0,,,,,,,
2026-08-26T08:40,243.8,0.0,1018.9,81.6,456.0,13.8,100.0,1.4,1.9
2026-08-26T08:45,,0.0,,,,,,,
2026-08-26T08:50,237.5,0.0,1018.8,272.4,360.0,14.2,100.0,1.3,2.1
2026-08-26T08:55,,0.0,,,,,,,
2026-08-26T09:00,233.6,0.0,1018.7,390.6,600.0,14.4,100.0,1.7,2.4
2026-08-26T09:05,,0.0,,,,,,,
2026-08-26T09:10,234.4,0.0,1018.6,421.6,600.0,14.7,99.7,1.1,1.8
2026-08-26T09:15,,0.0,,,,,,,
2026-08-26T09:20,205.9,0.0,1018.3,451.1,600.0,15.2,100.0,0.9,1.6
2026-08-26T09:25,,0.0,,,,,,,
2026-08-26T09:30,210.6,0.0,1018.2,479.7,600.0,15.4,99.4,0.8,1.5
2026-08-26T09:35,,0.0,,,,,,,
2026-08-26T09:40,198.3,0.0,1017.8,507.2,600.0,16.2,99.7,0.7,1.3
2026-08-26T09:45,,0.0,,,,,,,
2026-08-26T09:50,191.7,0.0,1017.7,535.2,600.0,16.5,95.4,0.8,1.8
2026-08-26T09:55,,0.0,,,,,,,
2026-08-26T10:00,203.8,0.0,1017.7,562.7,600.0,16.5,98.7,1.1,1.5
2026-08-26T10:05,,0.0,,,,,,,
2026-08-26T10:10,199.1,0.0,1017.5,586.7,600.0,16.9,98.1,0.9,1.6
2026-08-26T10:15,,0.0,,,,,,,
2026-08-26T10:20,201.5,0.0,1017.3,608.0,600.0,17.1,97.4,0.7,1.4
2026-08-26T10:25,,0.0,,,,,,,
2026-08-26T10:30,152.3,0.0,1017.0,633.9,600.0,17.8,91.1,1.1,2.4
2026-08-26T10:35,,0.0,,,,,,,
2026-08-26T10:40,153.6,0.0,1017.1,657.3,600.0,17.7,93.9,0.8,2.0
2026-08-26T10:45,,0.0,,,,,,,
2026-08-26T10:50,109.1,0.0,1016.6,672.6,600.0,19.0,85.6,1.4,3.0
2026-08-26T10:55,,0.0,,,,,,,
2026-08-26T11:00,105.0,0.0,1016.4,704.3,600.0,19.4,85.8,2.0,3.5
2026-08-26T11:05,,0.0,,,,,,,
2026-08-26T11:10,100.2,0.0,1016.3,715.9,600.0,19.5,87.4,1.9,3.4
2026-08-26T11:15,,0.0,,,,,,,
2026-08-26T11:20,100.5,0.0,1016.2,738.2,600.0,19.7,86.5,2.3,3.8
2026-08-26T11:25,,0.0,,,,,,,
2026-08-26T11:30,94.2,0.0,1016.0,742.5,600.0,20.0,86.1,1.7,3.1
2026-08-26T11:35,,0.0,,,,,,,
2026-08-26T11:40,92.0,0.0,1015.9,756.5,600.0,20.1,85.9,1.8,3.4
2026-08-26T11:45,,0.0,,,,,,,
2026-08-26T11:50,98.7,0.0,1015.6,783.6,600.0,20.2,85.3,2.3,3.9
2026-08-26T11:55,,0.0,,,,,,,
2026-08-26T12:00,98.5,0.0,1015.5,792.3,600.0,20.4,83.8,2.2,3.9
2026-08-26T12:05,,0.0,,,,,,,
2026-08-26T12:10,104.3,0.0,1015.4,805.5,600.0,20.5,83.0,2.6,3.8
2026-08-26T12:15,,0.0,,,,,,,
2026-08-26T12:20,96.9,0.0,1015.1,812.2,600.0,21.0,82.4,2.0,4.2
2026-08-26T12:25,,0.0,,,,,,,
2026-08-26T12:30,73.9,0.0,1014.9,822.2,600.0,21.3,81.4,1.6,4.4
2026-08-26T12:35,,0.0,,,,,,,
2026-08-26T12:40,73.3,0.0,1014.6,832.2,600.0,21.6,80.4,1.3,3.1
2026-08-26T12:45,,0.0,,,,,,,
2026-08-26T12:50,82.6,0.0,1014.4,833.6,600.0,21.8,79.3,1.4,3.5
2026-08-26T12:55,,0.0,,,,,,,
2026-08-26T13:00,76.4,0.0,1014.3,833.2,600.0,21.8,78.4,1.5,3.4
2026-08-26T13:05,,0.0,,,,,,,
2026-08-26T13:10,63.7,0.0,1014.2,856.1,600.0,22.0,76.9,1.8,4.0
2026-08-26T13:15,,0.0,,,,,,,
2026-08-26T13:20,71.0,0.0,1013.9,859.2,600.0,22.3,78.1,1.5,3.3
2026-08-26T13:25,,0.0,,,,,,,
2026-08-26T13:30,81.4,0.0,1013.7,830.0,600.0,22.5,75.7,1.5,3.7
2026-08-26T13:35,,0.0,,,,,,,
2026-08-26T13:40,85.7,0.0,1013.5,854.1,600.0,22.7,73.3,1.6,4.0
2026-08-26T13:45,,0.0,,,,,,,
2026-08-26T13:50,90.1,0.0,1013.5,869.3,600.0,23.0,70.3,1.7,3.6
2026-08-26T13:55,,0.0,,,,,,,
2026-08-26T14:00,91.9,0.0,1013.5,635.0,511.0,22.9,70.3,1.9,3.6
2026-08-26T14:05,,0.0,,,,,,,
2026-08-26T14:10,79.2,0.0,1013.4,766.6,593.0,23.1,70.4,1.6,3.4
2026-08-26T14:15,,0.0,,,,,,,
2026-08-26T14:20,72.4,0.0,1013.3,706.9,551.0,23.2,70.7,1.5,3.8
2026-08-26T14:25,,0.0,,,,,,,
2026-08-26T14:30,78.1,0.0,1013.1,633.0,464.0,23.2,72.2,1.6,3.9
2026-08-26T14:35,,0.0,,,,,,,
2026-08-26T14:40,92.3,0.0,1012.8,849.7,600.0,23.7,70.9,1.9,4.5
2026-08-26T14:45,,0.0,,,,,,,
2026-08-26T14:50,97.1,0.0,1013.1,359.7,296.0,23.3,72.3,2.1,4.0
2026-08-26T14:55,,0.0,,,,,,,
2026-08-26T15:00,99.7,0.0,1013.2,241.0,149.0,22.9,75.5,2.2,4.2
2026-08-26T15:05,,0.0,,,,,,,
2026-08-26T15:10,101.5,0.0,1013.0,624.5,599.0,23.3,74.1,2.2,3.9
2026-08-26T15:15,,0.0,,,,,,,
2026-08-26T15:20,101.0,0.0,1012.9,669.9,600.0,23.9,71.2,2.4,4.6
2026-08-26T15:25,,0.0,,,,,,,
2026-08-26T15:30,96.6,0.0,1012.9,468.2,600.0,23.8,72.1,2.0,3.7
2026-08-26T15:35,,0.0,,,,,,,
2026-08-26T15:40,93.1,0.0,1012.7,650.8,600.0,23.9,71.5,2.0,3.8
2026-08-26T15:45,,0.0,,,,,,,
2026-08-26T15:50,96.5,0.0,1012.6,642.6,600.0,23.9,71.1,2.4,4.6
2026-08-26T15:55,,0.0,,,,,,,
2026-08-26T16:00,98.2,0.0,1012.6,577.7,600.0,23.7,72.7,2.7,5.0
2026-08-26T16:05,,0.0,,,,,,,
2026-08-26T16:10,95.6,0.0,1012.6,553.9,600.0,23.7,71.7,2.5,4.5
2026-08-26T16:15,,0.0,,,,,,,
2026-08-26T16:20,94.1,0.0,1012.7,199.2,253.0,23.2,73.7,2.3,4.7
2026-08-26T16:25,,0.0,,,,,,,
2026-08-26T16:30,96.0,0.0,1013.0,207.3,0.0,22.8,74.9,1.8,3.5
2026-08-26T16:35,,0.0,,,,,,,
2026-08-26T16:40,94.7,0.0,1013.1,279.3,184.0,22.8,75.3,1.4,3.1
2026-08-26T16:45,,0.0,,,,,,,
2026-08-26T16:50,91.4,0.0,1012.9,298.8,525.0,22.9,76.0,1.5,3.4
2026-08-26T16:55,,0.0,,,,,,,
2026-08-26T17:00,93.6,0.0,1013.0,337.6,541.0,22.9,76.2,1.6,3.4
2026-08-26T17:05,,0.0,,,,,,,
2026-08-26T17:10,99.3,0.0,1013.0,262.0,402.0,22.8,76.3,1.9,3.5
2026-08-26T17:15,,0.0,,,,,,,
2026-08-26T17:20,102.8,0.0,1012.9,311.6,599.0,22.8,76.6,1.7,3.0
2026-08-26T17:25,,0.0,,,,,,,
2026-08-26T17:30,91.4,0.0,1012.7,295.3,600.0,23.0,75.6,1.1,2.2
2026-08-26T17:35,,0.0,,,,,,,
2026-08-26T17:40,87.8,0.0,1012.8,232.5,600.0,22.9,76.3,1.2,2.9
2026-08-26T17:45,,0.0,,,,,,,
2026-08-26T17:50,98.7,0.0,1012.9,328.3,599.0,23.1,73.7,1.4,3.0
2026-08-26T17:55,,0.0,,,,,,,
2026-08-26T18:00,121.2,0.0,1013.1,107.5,31.0,22.9,74.7,1.3,2.5
2026-08-26T18:05,,0.0,,,,,,,
2026-08-26T18:10,164.9,0.0,1013.2,100.8,0.0,22.7,76.4,0.4,1.3
2026-08-26T18:15,,0.0,,,,,,,
2026-08-26T18:20,255.3,0.0,1013.4,77.3,0.0,22.1,84.2,0.6,1.5
2026-08-26T18:25,,0.0,,,,,,,
2026-08-26T18:30,357.2,0.0,1013.3,110.5,0.0,22.3,81.8,0.8,1.7
2026-08-26T18:35,,0.0,,,,,,,
2026-08-26T18:40,101.1,0.0,1013.2,117.2,0.0,22.0,85.8,0.8,1.5
2026-08-26T18:45,,0.0,,,,,,,
2026-08-26T18:50,93.0,0.0,1013.4,101.4,0.0,21.9,86.4,0.7,1.3
2026-08-26T18:55,,0.0,,,,,,,
2026-08-26T19:00,17.4,0.0,1013.4,93.1,0.0,22.0,83.3,0.8,1.6
2026-08-26T19:05,,0.0,,,,,,,
2026-08-26T19:10,16.0,0.0,1013.3,81.5,0.0,21.9,83.9,1.0,2.3
2026-08-26T19:15,,0.0,,,,,,,
2026-08-26T19:20,90.5,0.0,1013.5,47.0,0.0,21.6,85.5,0.5,1.3
2026-08-26T19:25,,0.0,,,,,,,
2026-08-26T19:30,4.3,0.0,1014.0,27.0,0.0,21.2,89.3,0.8,2.1
2026-08-26T19:35,,0.0,,,,,,,
2026-08-26T19:40,346.5,0.0,1014.3,11.7,0.0,20.7,92.6,1.8,2.6
2026-08-26T19:45,,0.0,,,,,,,
2026-08-26T19:50,343.3,0.0,1014.5,7.2,0.0,20.5,92.2,1.5,2.8
2026-08-26T19:55,,0.0,,,,,,,
2026-08-26T20:00,275.2,0.0,1014.7,2.4,0.0,20.1,95.0,1.2,1.8
2026-08-26T20:05,,0.0,,,,,,,
2026-08-26T20:10,262.0,0.0,1015.1,0.1,0.0,19.8,99.9,0.9,1.5
2026-08-26T20:15,,0.0,,,,,,,
2026-08-26T20:20,299.1,0.0,1015.2,0.0,0.0,19.7,99.8,0.9,1.6
2026-08-26T20:25,,0.0,,,,,,,
2026-08-26T20:30,257.9,0.0,1015.3,0.0,0.0,19.4,100.0,0.7,1.6
2026-08-26T20:35,,0.0,,,,,,,
2026-08-26T20:40,260.7,0.0,1015.4,0.0,0.0,19.2,100.0,1.1,1.5
2026-08-26T20:45,,0.0,,,,,,,
2026-08-26T20:50,231.9,0.0,1015.5,0.0,0.0,19.2,100.0,1.4,1.9
2026-08-26T20:55,,0.0,,,,,,,
2026-08-26T21:00,262.6,0.0,1015.9,0.0,0.0,18.8,100.0,1.7,2.4
2026-08-26T21:05,,0.0,,,,,,,
2026-08-26T21:10,248.1,0.0,1016.1,0.0,0.0,18.7,100.0,1.9,2.7
2026-08-26T21:15,,0.0,,,,,,,
2026-08-26T21:20,240.9,0.0,1016.3,0.0,0.0,18.6,100.0,3.0,4.0
2026-08-26T21:25,,0.0,,,,,,,
2026-08-26T21:30,234.2,0.0,1016.6,0.0,0.0,18.5,100.0,1.5,2.8
2026-08-26T21:35,,0.0,,,,,,,
2026-08-26T21:40,238.4,0.0,1016.8,0.0,0.0,18.4,100.0,2.1,4.2
2026-08-26T21:45,,0.0,,,,,,,
2026-08-26T21:50,253.3,0.0,1016.9,0.0,0.0,18.2,100.0,1.9,3.7
2026-08-26T21:55,,0.0,,,,,,,
2026-08-26T22:00,240.4,0.0,1016.9,0.0,0.0,18.2,100.0,2.0,3.8
2026-08-26T22:05,,0.0,,,,,,,
2026-08-26T22:10,254.2,0.0,1017.1,0.0,0.0,17.9,100.0,2.7,4.6
2026-08-26T22:15,,0.0,,,,,,,
2026-08-26T22:20,231.8,0.0,1017.3,0.0,0.0,17.9,100.0,4.2,5.1
2026-08-26T22:25,,0.0,,,,,,,
2026-08-26T22:30,238.7,0.0,1017.2,0.0,0.0,17.8,100.0,3.2,4.0
2026-08-26T22:35,,0.0,,,,,,,
2026-08-26T22:40,245.1,0.0,1017.0,0.0,0.0,17.7,100.0,1.5,3.0
2026-08-26T22:45,,0.0,,,,,,,
2026-08-26T22:50,271.7,0.0,1017.2,0.0,0.0,17.5,100.0,1.9,2.7
2026-08-26T22:55,,0.0,,,,,,,
2026-08-26T23:00,250.2,0.0,1017.5,0.0,0.0,17.4,100.0,2.2,3.2
2026-08-26T23:05,,0.0,,,,,,,
2026-08-26T23:10,249.5,0.0,1017.7,0.0,0.0,17.2,100.0,2.2,2.9
2026-08-26T23:15,,0.0,,,,,,,
2026-08-26T23:20,259.8,0.0,1017.9,0.0,0.0,17.0,100.0,1.3,2.1
2026-08-26T23:25,,0.0,,,,,,,
2026-08-26T23:30,255.4,0.0,1017.9,0.0,0.0,17.0,100.0,1.3,1.9
2026-08-26T23:35,,0.0,,,,,,,
2026-08-26T23:40,281.5,0.0,1018.0,0.0,0.0,16.8,100.0,1.3,1.9
2026-08-26T23:45,,0.0,,,,,,,
2026-08-26T23:50,287.4,0.0,1018.1,0.0,0.0,16.8,100.0,1.3,1.8
2026-08-26T23:55,,0.0,,,,,,,
2026-08-27T00:00,234.9,0.0,1018.1,0.0,0.0,16.9,100.0,0.9,2.0
2026-08-27T00:05,,0.0,,,,,,,
2026-08-27T00:10,267.1,0.0,1018.2,0.0,0.0,16.7,100.0,1.5,2.3
2026-08-27T00:15,,0.0,,,,,,,
2026-08-27T00:20,254.8,0.0,1018.2,0.0,0.0,16.6,100.0,1.8,3.4
2026-08-27T00:25,,0.0,,,,,,,
2026-08-27T00:30,222.0,0.0,1018.3,0.0,0.0,16.8,100.0,3.0,3.8
2026-08-27T00:35,,0.0,,,,,,,
2026-08-27T00:40,252.0,0.0,1018.4,0.0,0.0,16.7,100.0,2.4,3.0
2026-08-27T00:45,,0.0,,,,,,,
2026-08-27T00:50,235.7,0.0,1018.5,0.0,0.0,16.6,100.0,3.0,4.3
2026-08-27T00:55,,0.0,,,,,,,
2026-08-27T01:00,226.6,0.0,1018.4,0.0,0.0,16.9,100.0,4.3,5.3
2026-08-27T01:05,,0.0,,,,,,,
2026-08-27T01:10,223.0,0.0,1018.6,0.0,0.0,16.7,100.0,4.1,4.8
2026-08-27T01:15,,0.0,,,,,,,
2026-08-27T01:20,224.3,0.0,1018.7,0.0,0.0,16.4,100.0,3.6,4.4
2026-08-27T01:25,,0.0,,,,,,,
2026-08-27T01:30,242.0,0.0,1018.8,0.0,0.0,16.3,100.0,3.4,4.1
2026-08-27T01:35,,0.0,,,,,,,
2026-08-27T01:40,222.3,0.0,1019.0,0.0,0.0,16.2,100.0,3.4,4.0
2026-08-27T01:45,,0.0,,,,,,,
2026-08-27T01:50,223.2,0.0,1018.8,0.0,0.0,16.4,100.0,3.0,4.2
2026-08-27T01:55,,0.0,,,,,,,
2026-08-27T02:00,239.4,0.0,1018.8,0.0,0.0,16.2,100.0,3.3,4.0
2026-08-27T02:05,,0.0,,,,,,,
2026-08-27T02:10,258.1,0.0,1018.9,0.0,0.0,16.1,100.0,2.1,3.5
2026-08-27T02:15,,0.0,,,,,,,
2026-08-27T02:20,255.5,0.0,1018.9,0.0,0.0,16.1,100.0,2.0,2.9
2026-08-27T02:25,,0.0,,,,,,,
2026-08-27T02:30,222.4,0.0,1018.9,0.0,0.0,16.3,100.0,2.0,3.5
2026-08-27T02:35,,0.0,,,,,,,
2026-08-27T02:40,268.3,0.0,1018.8,0.0,0.0,16.3,100.0,1.5,2.1
2026-08-27T02:45,,0.0,,,,,,,
2026-08-27T02:50,250.6,0.0,1018.8,0.0,0.0,16.4,100.0,0.7,1.4
2026-08-27T02:55,,0.0,,,,,,,
2026-08-27T03:00,229.5,0.0,1018.7,0.0,0.0,16.4,100.0,1.1,2.2
2026-08-27T03:05,,0.0,,,,,,,
2026-08-27T03:10,244.4,0.0,1018.7,0.0,0.0,16.3,100.0,2.9,3.3
2026-08-27T03:15,,0.0,,,,,,,
2026-08-27T03:20,244.0,0.0,1018.8,0.0,0.0,16.4,100.0,2.4,3.3
2026-08-27T03:25,,0.0,,,,,,,
2026-08-27T03:30,255.9,0.0,1018.7,0.0,0.0,16.3,100.0,1.9,2.9
2026-08-27T03:35,,0.0,,,,,,,
2026-08-27T03:40,273.0,0.0,1018.7,0.0,0.0,16.3,100.0,1.8,2.7
2026-08-27T03:45,,0.0,,,,,,,
2026-08-27T03:50,254.0,0.0,1018.4,0.0,0.0,16.7,100.0,1.6,2.1
2026-08-27T03:55,,0.0,,,,,,,
2026-08-27T04:00,252.0,0.0,1018.4,0.0,0.0,16.6,100.0,1.6,2.3
2026-08-27T04:05,,0.0,,,,,,,
2026-08-27T04:10,259.2,0.0,1018.4,0.0,0.0,16.5,100.0,2.2,3.0
2026-08-27T04:15,,0.0,,,,,,,
2026-08-27T04:20,259.3,0.0,1018.6,0.0,0.0,16.3,100.0,2.2,3.4
2026-08-27T04:25,,0.0,,,,,,,
2026-08-27T04:30,264.9,0.0,1018.8,0.0,0.0,16.1,100.0,1.9,3.4
2026-08-27T04:35,,0.0,,,,,,,
2026-08-27T04:40,278.2,0.0,1018.8,0.0,0.0,16.1,100.0,0.8,2.2
2026-08-27T04:45,,0.0,,,,,,,
2026-08-27T04:50,267.8,0.0,1018.8,0.0,0.0,16.1,100.0,1.6,2.8
2026-08-27T04:55,,0.0,,,,,,,
2026-08-27T05:00,321.6,0.0,1019.0,0.0,0.0,15.7,100.0,1.3,2.2
2026-08-27T05:05,,0.0,,,,,,,
2026-08-27T05:10,288.6,0.0,1019.0,0.0,0.0,15.8,100.0,0.4,1.1
2026-08-27T05:15,,0.0,,,,,,,
2026-08-27T05:20,265.7,0.0,1019.0,0.0,0.0,15.7,100.0,1.1,1.5
2026-08-27T05:25,,0.0,,,,,,,
2026-08-27T05:30,272.4,0.0,1019.1,0.0,0.0,15.6,100.0,1.2,1.7
2026-08-27T05:35,,0.0,,,,,,,
2026-08-27T05:40,248.7,0.0,1019.2,0.0,0.0,15.7,100.0,1.2,1.8
2026-08-27T05:45,,0.0,,,,,,,
2026-08-27T05:50,241.2,0.0,1019.3,0.0,0.0,15.8,100.0,2.7,3.8
2026-08-27T05:55,,0.0,,,,,,,
2026-08-27T06:00,256.3,0.0,1019.4,0.0,0.0,15.5,100.0,2.7,3.3
2026-08-27T06:05,,0.0,,,,,,,
2026-08-27T06:10,278.4,0.0,1019.4,0.0,0.0,15.5,100.0,2.4,3.5
2026-08-27T06:15,,0.0,,,,,,,
2026-08-27T06:20,252.6,0.0,1019.3,0.0,0.0,15.7,100.0,2.4,3.8
2026-08-27T06:25,,0.0,,,,,,,
2026-08-27T06:30,248.8,0.0,1019.3,0.2,0.0,15.4,100.0,2.6,3.6
2026-08-27T06:35,,0.0,,,,,,,
2026-08-27T06:40,248.4,0.0,1019.4,3.1,0.0,15.1,100.0,2.7,3.5
2026-08-27T06:45,,0.0,,,,,,,
2026-08-27T06:50,258.7,0.0,1019.5,9.0,0.0,15.2,100.0,2.8,3.9
2026-08-27T06:55,,0.0,,,,,,,
2026-08-27T07:00,254.1,0.0,1019.6,15.3,0.0,15.0,100.0,3.0,3.6
2026-08-27T07:05,,0.0,,,,,,,
2026-08-27T07:10,239.2,0.0,1019.7,25.7,0.0,15.2,100.0,3.4,4.4
2026-08-27T07:15,,0.0,,,,,,,
2026-08-27T07:20,245.8,0.0,1019.5,50.0,0.0,15.3,100.0,2.8,3.9
2026-08-27T07:25,,0.0,,,,,,,
2026-08-27T07:30,235.8,0.0,1019.5,72.6,0.0,15.3,100.0,3.7,5.1
2026-08-27T07:35,,0.0,,,,,,,
2026-08-27T07:40,222.1,0.0,1019.3,85.4,0.0,15.6,100.0,4.0,4.8
2026-08-27T07:45,,0.0,,,,,,,
2026-08-27T07:50,245.8,0.0,1019.2,88.2,0.0,15.7,100.0,3.0,4.3
2026-08-27T07:55,,0.0,,,,,,,
2026-08-27T08:00,227.2,0.0,1018.9,83.0,0.0,16.0,100.0,3.1,4.1
2026-08-27T08:05,,0.0,,,,,,,
2026-08-27T08:10,220.0,0.0,1018.8,93.2,0.0,16.2,100.0,3.9,4.7
2026-08-27T08:15,,0.0,,,,,,,
2026-08-27T08:20,236.7,0.0,1018.8,109.0,0.0,16.2,100.0,2.9,4.0
2026-08-27T08:25,,0.0,,,,,,,
2026-08-27T08:30,240.0,0.0,1018.7,126.3,0.0,16.4,100.0,2.5,3.1
2026-08-27T08:35,,0.0,,,,,,,
2026-08-27T08:40,229.6,0.0,1018.6,156.7,0.0,16.5,100.0,2.1,2.7
2026-08-27T08:45,,0.0,,,,,,,
2026-08-27T08:50,226.0,0.0,1018.4,216.2,195.0,16.9,99.9,1.4,2.6
2026-08-27T08:55,,0.0,,,,,,,
2026-08-27T09:00,23.1,0.0,1018.3,163.9,12.0,17.2,99.5,0.1,1.0
2026-08-27T09:05,,0.0,,,,,,,
2026-08-27T09:10,106.6,0.0,1018.2,210.2,332.0,17.5,99.3,0.7,1.4
2026-08-27T09:15,,0.0,,,,,,,
2026-08-27T09:20,108.9,0.0,1017.9,284.2,600.0,17.8,99.0,1.4,2.0
2026-08-27T09:25,,0.0,,,,,,,
2026-08-27T09:30,93.5,0.0,1017.8,351.6,600.0,18.0,99.0,0.8,1.6
2026-08-27T09:35,,0.0,,,,,,,
2026-08-27T09:40,86.9,0.0,1017.6,462.5,594.0,18.4,97.4,0.8,1.8
2026-08-27T09:45,,0.0,,,,,,,
2026-08-27T09:50,100.4,0.0,1017.8,316.9,563.0,18.6,95.3,0.9,1.9
2026-08-27T09:55,,0.0,,,,,,,
2026-08-27T10:00,94.9,0.0,1017.6,511.9,600.0,19.2,92.6,1.2,2.2
2026-08-27T10:05,,0.0,,,,,,,
2026-08-27T10:10,53.3,0.0,1017.4,531.2,600.0,19.4,88.3,1.4,2.6
2026-08-27T10:15,,0.0,,,,,,,
2026-08-27T10:20,106.7,0.0,1016.9,544.5,600.0,20.0,87.6,1.9,2.8
2026-08-27T10:25,,0.0,,,,,,,
2026-08-27T10:30,102.2,0.0,1016.8,582.3,600.0,20.3,88.1,1.9,3.0
2026-08-27T10:35,,0.0,,,,,,,
2026-08-27T10:40,98.3,0.0,1016.6,604.6,600.0,20.5,88.6,1.7,3.0
2026-08-27T10:45,,0.0,,,,,,,
2026-08-27T10:50,95.9,0.0,1016.5,632.0,600.0,20.7,89.2,1.6,3.3
2026-08-27T10:55,,0.0,,,,,,,
2026-08-27T11:00,97.0,0.0,1016.4,657.7,600.0,21.0,90.1,1.9,3.5
2026-08-27T11:05,,0.0,,,,,,,
2026-08-27T11:10,87.5,0.0,1016.3,683.5,600.0,21.1,91.3,1.6,3.4
2026-08-27T11:15,,0.0,,,,,,,
2026-08-27T11:20,84.2,0.0,1016.1,700.1,600.0,21.3,91.2,1.6,3.4
2026-08-27T11:25,,0.0,,,,,,,
2026-08-27T11:30,87.5,0.0,1015.9,725.4,599.0,21.5,90.5,1.8,4.0
2026-08-27T11:35,,0.0,,,,,,,
2026-08-27T11:40,94.3,0.0,1015.9,683.5,600.0,21.6,90.3,2.0,4.4
2026-08-27T11:45,,0.0,,,,,,,
2026-08-27T11:50,84.5,0.0,1015.8,620.3,600.0,21.7,89.9,2.0,4.0
2026-08-27T11:55,,0.0,,,,,,,
2026-08-27T12:00,92.0,0.0,1015.8,537.0,600.0,21.7,89.6,2.0,4.0
2026-08-27T12:05,,0.0,,,,,,,
2026-08-27T12:10,86.9,0.0,1015.6,734.0,600.0,21.9,88.7,2.1,3.5
2026-08-27T12:15,,0.0,,,,,,,
2026-08-27T12:20,89.9,0.0,1015.3,736.6,600.0,22.3,86.5,1.9,4.0
2026-08-27T12:25,,0.0,,,,,,,
2026-08-27T12:30,101.6,0.0,1015.2,800.6,600.0,22.5,85.1,2.4,4.4
2026-08-27T12:35,,0.0,,,,,,,
2026-08-27T12:40,99.1,0.0,1014.9,835.9,600.0,23.1,83.0,2.3,3.8
2026-08-27T12:45,,0.0,,,,,,,
2026-08-27T12:50,92.9,0.0,1014.8,820.5,600.0,23.2,82.4,1.8,4.0
2026-08-27T12:55,,0.0,,,,,,,
2026-08-27T13:00,80.7,0.0,1014.6,815.1,600.0,23.5,82.6,1.7,3.9
2026-08-27T13:05,,0.0,,,,,,,
2026-08-27T13:10,88.3,0.0,1014.4,793.0,600.0,23.6,81.7,1.7,4.1
2026-08-27T13:15,,0.0,,,,,,,
2026-08-27T13:20,88.8,0.0,1014.2,624.8,549.0,23.7,81.1,1.8,3.9
2026-08-27T13:25,,0.0,,,,,,,
2026-08-27T13:30,92.6,0.0,1014.2,675.7,583.0,23.5,81.4,2.0,4.8
2026-08-27T13:35,,0.0,,,,,,,
2026-08-27T13:40,87.7,0.0,1014.0,738.2,524.0,24.0,79.5,1.6,3.9
2026-08-27T13:45,,0.0,,,,,,,
2026-08-27T13:50,92.9,0.0,1014.0,739.4,402.0,24.0,78.1,2.0,4.5
2026-08-27T13:55,,0.0,,,,,,,
2026-08-27T14:00,98.0,0.0,1013.9,532.0,480.0,24.0,77.3,2.3,4.1
2026-08-27T14:05,,0.0,,,,,,,
2026-08-27T14:10,96.5,0.0,1013.9,429.5,56.0,23.8,79.2,2.1,4.7
2026-08-27T14:15,,0.0,,,,,,,
2026-08-27T14:20,92.1,0.0,1013.9,477.1,194.0,23.9,78.7,1.8,4.0
2026-08-27T14:25,,0.0,,,,,,,
2026-08-27T14:30,94.8,0.0,1013.9,489.1,303.0,24.0,78.0,2.1,4.3
2026-08-27T14:35,,0.0,,,,,,,
2026-08-27T14:40,91.5,0.0,1013.8,598.3,589.0,24.1,77.2,1.8,3.6
2026-08-27T14:45,,0.0,,,,,,,
2026-08-27T14:50,91.2,0.0,1013.9,379.1,92.0,23.9,76.7,1.9,3.8
2026-08-27T14:55,,0.0,,,,,,,
2026-08-27T15:00,72.5,0.0,1014.0,359.0,49.0,23.7,78.7,1.7,4.8
2026-08-27T15:05,,0.0,,,,,,,
2026-08-27T15:10,85.6,0.0,1013.9,490.5,411.0,23.8,80.0,1.6,3.3
2026-08-27T15:15,,0.0,,,,,,,
2026-08-27T15:20,93.5,0.0,1014.1,346.3,20.0,23.6,80.4,1.7,3.7
2026-08-27T15:25,,0.0,,,,,,,
2026-08-27T15:30,95.7,0.0,1014.3,314.2,0.0,23.4,82.2,2.0,4.0
2026-08-27T15:35,,0.0,,,,,,,
2026-08-27T15:40,98.6,0.0,1014.2,421.4,313.0,23.4,83.1,2.2,4.1
2026-08-27T15:45,,0.0,,,,,,,
2026-08-27T15:50,97.3,0.0,1014.2,411.8,402.0,23.6,81.9,1.9,3.3
2026-08-27T15:55,,0.0,,,,,,,
2026-08-27T16:00,97.5,0.0,1014.1,417.7,545.0,23.7,81.2,1.8,3.2
2026-08-27T16:05,,0.0,,,,,,,
2026-08-27T16:10,95.4,0.0,1014.2,296.8,239.0,23.6,81.4,1.9,3.5
2026-08-27T16:15,,0.0,,,,,,,
2026-08-27T16:20,94.6,0.0,1014.2,334.7,457.0,23.5,82.5,1.5,3.1
2026-08-27T16:25,,0.0,,,,,,,
2026-08-27T16:30,99.4,0.0,1014.1,417.1,600.0,23.7,80.8,1.8,3.4
2026-08-27T16:35,,0.0,,,,,,,
2026-08-27T16:40,100.4,0.0,1014.0,398.7,600.0,24.0,77.2,1.8,3.4
2026-08-27T16:45,,0.0,,,,,,,
2026-08-27T16:50,103.8,0.0,1014.0,394.8,600.0,24.1,76.9,2.3,3.8
2026-08-27T16:55,,0.0,,,,,,,
2026-08-27T17:00,100.3,0.0,1013.9,414.8,600.0,24.3,77.4,2.0,3.2
2026-08-27T17:05,,0.0,,,,,,,
2026-08-27T17:10,98.6,0.0,1014.1,312.9,535.0,24.1,80.8,1.5,3.2
2026-08-27T17:15,,0.0,,,,,,,
2026-08-27T17:20,95.7,0.0,1014.2,262.8,499.0,23.7,84.2,1.8,3.1
2026-08-27T17:25,,0.0,,,,,,,
2026-08-27T17:30,93.7,0.0,1014.3,224.1,383.0,23.4,85.6,1.6,3.2
2026-08-27T17:35,,0.0,,,,,,,
2026-08-27T17:40,95.1,0.0,1014.4,204.3,374.0,23.2,84.9,1.7,3.6
2026-08-27T17:45,,0.0,,,,,,,
2026-08-27T17:50,96.5,0.0,1014.6,144.8,0.0,23.0,85.7,1.4,2.8
2026-08-27T17:55,,0.0,,,,,,,
2026-08-27T18:00,56.8,0.0,1014.7,156.9,0.0,22.8,86.7,1.3,2.5
2026-08-27T18:05,,0.0,,,,,,,
2026-08-27T18:10,50.1,0.0,1014.8,209.7,593.0,22.7,86.7,1.4,2.8
2026-08-27T18:15,,0.0,,,,,,,
2026-08-27T18:20,50.0,0.0,1014.7,161.8,192.0,22.8,86.6,1.0,2.1
2026-08-27T18:25,,0.0,,,,,,,
2026-08-27T18:30,43.4,0.0,1014.8,139.0,0.0,22.6,85.2,1.2,2.1
2026-08-27T18:35,,0.0,,,,,,,
2026-08-27T18:40,76.8,0.0,1014.9,103.6,0.0,22.6,86.4,0.3,1.5
2026-08-27T18:45,,0.0,,,,,,,
2026-08-27T18:50,55.5,0.0,1014.9,83.3,0.0,22.6,87.2,0.5,1.1
2026-08-27T18:55,,0.0,,,,,,,
2026-08-27T19:00,107.3,0.0,1015.0,73.4,0.0,22.4,89.4,0.6,1.1
2026-08-27T19:05,,0.0,,,,,,,
2026-08-27T19:10,16.8,0.0,1015.2,47.4,0.0,22.2,89.6,0.3,0.9
2026-08-27T19:15,,0.0,,,,,,,
2026-08-27T19:20,335.5,0.0,1015.4,33.5,0.0,22.1,90.9,0.8,1.2
2026-08-27T19:25,,0.0,,,,,,,
2026-08-27T19:30,222.1,0.0,1015.6,26.9,0.0,21.7,94.2,0.3,1.0
2026-08-27T19:35,,0.0,,,,,,,
2026-08-27T19:40,5.4,0.0,1015.7,21.5,0.0,21.5,96.6,0.7,1.0
2026-08-27T19:45,,0.0,,,,,,,
2026-08-27T19:50,2.7,0.0,1015.9,12.1,0.0,21.2,96.7,1.2,2.0
2026-08-27T19:55,,0.0,,,,,,,
2026-08-27T20:00,71.9,0.0,1016.1,3.6,0.0,20.8,99.0,0.3,1.2
2026-08-27T20:05,,0.0,,,,,,,
2026-08-27T20:10,19.3,0.0,1016.3,0.0,0.0,20.5,99.5,0.6,1.7
2026-08-27T20:15,,0.0,,,,,,,
2026-08-27T20:20,3.9,0.0,1016.5,0.0,0.0,20.4,98.7,0.9,1.7
2026-08-27T20:25,,0.0,,,,,,,
2026-08-27T20:30,329.8,0.0,1016.8,0.0,0.0,20.1,99.7,0.7,1.3
2026-08-27T20:35,,0.0,,,,,,,
2026-08-27T20:40,265.6,0.0,1017.2,0.0,0.0,19.7,100.0,0.6,1.5
2026-08-27T20:45,,0.0,,,,,,,
2026-08-27T20:50,299.3,0.0,1017.5,0.0,0.0,19.3,100.0,0.8,1.6
2026-08-27T20:55,,0.0,,,,,,,
2026-08-27T21:00,266.4,0.0,1017.5,0.0,0.0,19.2,100.0,1.4,1.9
2026-08-27T21:05,,0.0,,,,,,,
2026-08-27T21:10,247.4,0.0,1017.8,0.0,0.0,19.1,100.0,0.9,2.6
2026-08-27T21:15,,0.0,,,,,,,
2026-08-27T21:20,260.3,0.0,1018.0,0.0,0.0,18.7,100.0,2.3,3.0
2026-08-27T21:25,,0.0,,,,,,,
2026-08-27T21:30,282.2,0.0,1018.1,0.0,0.0,18.8,100.0,1.7,2.8
2026-08-27T21:35,,0.0,,,,,,,
2026-08-27T21:40,261.5,0.0,1018.0,0.0,0.0,19.0,100.0,1.5,2.5
2026-08-27T21:45,,0.0,,,,,,,
2026-08-27T21:50,255.9,0.0,1018.2,0.0,0.0,18.8,100.0,1.7,2.2
2026-08-27T21:55,,0.0,,,,,,,
2026-08-27T22:00,255.4,0.0,1018.5,0.0,0.0,18.6,100.0,2.0,3.0
2026-08-27T22:05,,0.0,,,,,,,
2026-08-27T22:10,265.9,0.0,1018.6,0.0,0.0,18.4,100.0,2.1,3.2
2026-08-27T22:15,,0.0,,,,,,,
2026-08-27T22:20,255.0,0.0,1018.7,0.0,0.0,18.3,100.0,1.8,2.6
2026-08-27T22:25,,0.0,,,,,,,
2026-08-27T22:30,271.9,0.0,1018.7,0.0,0.0,18.3,100.0,2.0,2.6
2026-08-27T22:35,,0.0,,,,,,,
2026-08-27T22:40,275.4,0.0,1018.8,0.0,0.0,18.3,100.0,1.3,2.1
2026-08-27T22:45,,0.0,,,,,,,
2026-08-27T22:50,257.2,0.0,1018.8,0.0,0.0,18.3,100.0,2.4,2.9
2026-08-27T22:55,,0.0,,,,,,,
2026-08-27T23:00,251.1,0.0,1019.1,0.0,0.0,18.0,100.0,2.5,3.1
2026-08-27T23:05,,0.0,,,,,,,
2026-08-27T23:10,265.6,0.0,1019.1,0.0,0.0,17.9,100.0,2.2,2.9
2026-08-27T23:15,,0.0,,,,,,,
2026-08-27T23:20,290.5,0.0,1019.0,0.0,0.0,17.9,100.0,1.6,2.8
2026-08-27T23:25,,0.0,,,,,,,
2026-08-27T23:30,253.3,0.0,1019.0,0.0,0.0,17.8,100.0,0.9,2.5
2026-08-27T23:35,,0.0,,,,,,,
2026-08-27T23:40,265.6,0.0,1019.0,0.0,0.0,17.8,100.0,1.7,2.3
2026-08-27T23:45,,0.0,,,,,,,
2026-08-27T23:50,248.9,0.0,1019.0,0.0,0.0,17.7,100.0,2.4,3.4
2026-08-27T23:55,,0.0,,,,,,,
2026-08-28T00:00,260.3,0.0,1019.2,0.0,0.0,17.4,100.0,2.8,3.8
2026-08-28T00:05,,0.0,,,,,,,
2026-08-28T00:10,229.4,0.0,1018.9,0.0,0.0,17.8,100.0,2.5,4.4
2026-08-28T00:15,,0.0,,,,,,,
2026-08-28T00:20,260.0,0.0,1019.1,0.0,0.0,17.5,100.0,2.8,3.9
2026-08-28T00:25,,0.0,,,,,,,
2026-08-28T00:30,239.5,0.0,1018.9,0.0,0.0,17.7,100.0,2.5,4.6
2026-08-28T00:35,,0.0,,,,,,,
2026-08-28T00:40,241.4,0.0,1019.0,0.0,0.0,17.7,100.0,2.7,4.6
2026-08-28T00:45,,0.0,,,,,,,
2026-08-28T00:50,266.7,0.0,1018.9,0.0,0.0,17.7,100.0,2.2,3.3
2026-08-28T00:55,,0.0,,,,,,,
2026-08-28T01:00,232.4,0.0,1018.9,0.0,0.0,17.7,100.0,2.2,3.7
2026-08-28T01:05,,0.0,,,,,,,
2026-08-28T01:10,248.8,0.0,1018.9,0.0,0.0,17.5,100.0,3.0,4.2
2026-08-28T01:15,,0.0,,,,,,,
2026-08-28T01:20,258.0,0.0,1018.9,0.0,0.0,17.4,100.0,3.2,5.4
2026-08-28T01:25,,0.0,,,,,,,
2026-08-28T01:30,245.3,0.0,1018.8,0.0,0.0,17.5,100.0,2.8,5.3
2026-08-28T01:35,,0.0,,,,,,,
2026-08-28T01:40,250.8,0.0,1018.7,0.0,0.0,17.6,100.0,2.0,3.8
2026-08-28T01:45,,0.0,,,,,,,
2026-08-28T01:50,244.9,0.0,1018.7,0.0,0.0,17.7,100.0,2.1,4.1
2026-08-28T01:55,,0.0,,,,,,,
2026-08-28T02:00,239.9,0.0,1018.6,0.0,0.0,17.7,100.0,2.9,4.6
2026-08-28T02:05,,0.0,,,,,,,
2026-08-28T02:10,233.9,0.0,1018.5,0.0,0.0,17.6,100.0,1.3,3.3
2026-08-28T02:15,,0.0,,,,,,,
2026-08-28T02:20,271.7,0.0,1018.3,0.0,0.0,17.7,100.0,1.7,2.3
2026-08-28T02:25,,0.0,,,,,,,
2026-08-28T02:30,252.3,0.0,1018.2,0.0,0.0,17.7,100.0,0.9,1.7
2026-08-28T02:35,,0.0,,,,,,,
2026-08-28T02:40,257.7,0.0,1018.4,0.0,0.0,17.5,100.0,1.6,2.2
2026-08-28T02:45,,0.0,,,,,,,
2026-08-28T02:50,247.8,0.0,1018.6,0.0,0.0,17.4,100.0,2.0,3.3
2026-08-28T02:55,,0.0,,,,,,,
2026-08-28T03:00,256.1,0.0,1018.6,0.0,0.0,17.4,100.0,1.9,2.6
2026-08-28T03:05,,0.0,,,,,,,
2026-08-28T03:10,234.7,0.0,1018.5,0.0,0.0,17.2,100.0,2.5,3.9
2026-08-28T03:15,,0.0,,,,,,,
2026-08-28T03:20,251.3,0.0,1018.4,0.0,0.0,17.1,100.0,2.9,3.8
2026-08-28T03:25,,0.0,,,,,,,
2026-08-28T03:30,275.2,0.0,1018.3,0.0,0.0,17.5,100.0,1.9,3.7
2026-08-28T03:35,,0.0,,,,,,,
2026-08-28T03:40,239.5,0.0,1018.3,0.0,0.0,17.5,100.0,1.4,2.5
2026-08-28T03:45,,0.0,,,,,,,
2026-08-28T03:50,241.1,0.0,1018.3,0.0,0.0,17.3,100.0,2.2,3.1
2026-08-28T03:55,,0.0,,,,,,,
2026-08-28T04:00,297.7,0.0,1018.2,0.0,0.0,17.0,100.0,1.5,2.5
2026-08-28T04:05,,0.0,,,,,,,
2026-08-28T04:10,267.3,0.0,1018.1,0.0,0.0,17.0,100.0,1.1,2.8
2026-08-28T04:15,,0.0,,,,,,,
2026-08-28T04:20,286.6,0.0,1017.9,0.0,0.0,17.0,100.0,1.1,1.8
2026-08-28T04:25,,0.0,,,,,,,
2026-08-28T04:30,230.0,0.0,1018.2,0.0,0.0,16.8,100.0,0.8,2.0
2026-08-28T04:35,,0.0,,,,,,,
2026-08-28T04:40,260.7,0.0,1018.4,0.0,0.0,16.7,100.0,1.7,2.4
2026-08-28T04:45,,0.0,,,,,,,
2026-08-28T04:50,263.7,0.0,1018.5,0.0,0.0,16.6,100.0,1.3,1.8
2026-08-28T04:55,,0.0,,,,,,,
2026-08-28T05:00,247.0,0.0,1018.3,0.0,0.0,16.7,100.0,2.1,3.3
2026-08-28T05:05,,0.0,,,,,,,
2026-08-28T05:10,249.1,0.0,1018.2,0.0,0.0,16.8,100.0,2.3,3.0
2026-08-28T05:15,,0.0,,,,,,,
2026-08-28T05:20,240.4,0.0,1017.8,0.0,0.0,16.8,100.0,1.5,2.8
2026-08-28T05:25,,0.0,,,,,,,
2026-08-28T05:30,242.0,0.0,1017.9,0.0,0.0,16.7,100.0,2.8,4.2
2026-08-28T05:35,,0.0,,,,,,,
2026-08-28T05:40,267.7,0.0,1017.7,0.0,0.0,16.6,100.0,1.7,2.6
2026-08-28T05:45,,0.0,,,,,,,
2026-08-28T05:50,222.5,0.0,1017.7,0.0,0.0,16.9,100.0,2.9,4.5
2026-08-28T05:55,,0.0,,,,,,,
2026-08-28T06:00,245.1,0.0,1017.9,0.0,0.0,16.9,100.0,2.6,4.5
2026-08-28T06:05,,0.0,,,,,,,
2026-08-28T06:10,215.2,0.0,1017.8,0.0,0.0,16.9,100.0,2.4,4.2
2026-08-28T06:15,,0.0,,,,,,,
2026-08-28T06:20,249.9,0.0,1017.9,0.0,0.0,16.9,100.0,2.4,4.0
2026-08-28T06:25,,0.0,,,,,,,
2026-08-28T06:30,234.1,0.0,1018.1,0.0,0.0,17.0,100.0,3.3,5.2
2026-08-28T06:35,,0.0,,,,,,,
2026-08-28T06:40,218.9,0.0,1018.2,0.0,0.0,17.1,100.0,4.6,5.5
2026-08-28T06:45,,0.0,,,,,,,
2026-08-28T06:50,286.5,0.0,1017.7,0.0,0.0,17.0,100.0,0.5,3.2
2026-08-28T06:55,,0.0,,,,,,,
2026-08-28T07:00,275.6,0.0,1017.4,2.5,0.0,17.0,100.0,1.0,2.6
2026-08-28T07:05,,0.0,,,,,,,
2026-08-28T07:10,325.6,0.0,1017.4,11.0,0.0,17.0,100.0,1.2,1.9
2026-08-28T07:15,,0.0,,,,,,,
2026-08-28T07:20,55.5,0.0,1017.8,16.7,0.0,16.7,100.0,0.0,1.2
2026-08-28T07:25,,0.0,,,,,,,
2026-08-28T07:30,256.5,0.0,1018.2,17.3,0.0,16.7,100.0,2.9,4.0
2026-08-28T07:35,,0.0,,,,,,,
2026-08-28T07:40,252.4,0.0,1018.1,16.8,0.0,16.9,100.0,1.3,3.2
2026-08-28T07:45,,0.0,,,,,,,
2026-08-28T07:50,231.9,0.0,1018.0,32.9,0.0,16.8,100.0,2.7,3.7
2026-08-28T07:55,,0.0,,,,,,,
2026-08-28T08:00,222.5,0.0,1018.0,52.1,0.0,16.9,100.0,1.8,2.9
2026-08-28T08:05,,0.0,,,,,,,
2026-08-28T08:10,248.1,0.0,1018.0,70.3,0.0,17.0,100.0,1.9,2.7
2026-08-28T08:15,,0.0,,,,,,,
2026-08-28T08:20,266.5,0.0,1017.8,126.3,0.0,17.3,100.0,1.0,2.3
2026-08-28T08:25,,0.0,,,,,,,
2026-08-28T08:30,227.6,0.0,1017.4,151.0,0.0,17.7,100.0,1.7,2.3
2026-08-28T08:35,,0.0,,,,,,,
2026-08-28T08:40,238.7,0.0,1017.1,209.6,93.0,17.8,100.0,1.4,2.1
2026-08-28T08:45,,0.0,,,,,,,
2026-08-28T08:50,164.4,0.0,1016.7,319.8,366.0,18.4,100.0,0.7,1.7
2026-08-28T08:55,,0.0,,,,,,,
2026-08-28T09:00,102.6,0.0,1016.6,373.6,543.0,18.9,100.0,1.0,2.4
2026-08-28T09:05,,0.0,,,,,,,
2026-08-28T09:10,69.8,0.0,1016.5,361.2,372.0,19.2,100.0,1.3,3.8
2026-08-28T09:15,,0.0,,,,,,,
2026-08-28T09:20,100.5,0.0,1016.1,500.0,600.0,20.0,97.4,1.6,3.2
2026-08-28T09:25,,0.0,,,,,,,
2026-08-28T09:30,67.4,0.0,1016.0,449.0,600.0,20.3,96.8,1.4,4.0
2026-08-28T09:35,,0.0,,,,,,,
2026-08-28T09:40,69.9,0.0,1016.3,199.6,133.0,19.8,99.5,1.4,4.3
2026-08-28T09:45,,0.0,,,,,,,
2026-08-28T09:50,78.7,0.0,1016.2,366.4,283.0,19.6,100.0,1.2,3.4
2026-08-28T09:55,,0.0,,,,,,,
2026-08-28T10:00,95.2,0.0,1015.8,563.4,575.0,20.1,99.6,2.0,3.5
2026-08-28T10:05,,0.0,,,,,,,
2026-08-28T10:10,81.1,0.0,1015.3,589.5,600.0,20.3,99.5,1.7,4.1
2026-08-28T10:15,,0.0,,,,,,,
2026-08-28T10:20,74.6,0.0,1014.9,643.0,600.0,20.5,98.9,1.8,4.6
2026-08-28T10:25,,0.0,,,,,,,
2026-08-28T10:30,98.9,0.0,1014.9,697.8,531.0,20.8,97.2,2.3,4.7
2026-08-28T10:35,,0.0,,,,,,,
2026-08-28T10:40,355.2,0.0,1014.8,742.9,600.0,20.8,97.6,1.3,3.4
2026-08-28T10:45,,0.0,,,,,,,
2026-08-28T10:50,16.0,0.0,1014.2,737.5,600.0,21.6,95.6,0.7,1.8
2026-08-28T10:55,,0.0,,,,,,,
2026-08-28T11:00,65.3,0.0,1013.6,757.9,589.0,22.2,92.6,1.1,3.2
2026-08-28T11:05,,0.0,,,,,,,
2026-08-28T11:10,87.6,0.0,1013.3,679.6,464.0,22.3,92.2,1.8,3.6
2026-08-28T11:15,,0.0,,,,,,,
2026-08-28T11:20,96.6,0.0,1012.8,780.8,587.0,22.6,91.8,2.2,4.1
2026-08-28T11:25,,0.0,,,,,,,
2026-08-28T11:30,84.5,0.0,1012.5,787.2,575.0,22.8,90.6,2.0,4.0
2026-08-28T11:35,,0.0,,,,,,,
2026-08-28T11:40,73.6,0.0,1012.5,711.6,524.0,23.0,89.6,1.9,4.5
2026-08-28T11:45,,0.0,,,,,,,
2026-08-28T11:50,55.0,0.0,1012.3,684.4,503.0,23.0,89.8,2.3,4.9
2026-08-28T11:55,,0.0,,,,,,,
2026-08-28T12:00,80.6,0.0,1012.3,697.4,433.0,23.0,89.9,1.8,3.8
2026-08-28T12:05,,0.0,,,,,,,
2026-08-28T12:10,80.2,0.0,1011.8,780.9,537.0,23.4,88.3,1.6,3.6
2026-08-28T12:15,,0.0,,,,,,,
2026-08-28T12:20,90.6,0.0,1011.6,527.9,313.0,23.5,87.3,1.8,3.9
2026-08-28T12:25,,0.0,,,,,,,
2026-08-28T12:30,94.8,0.0,1011.3,762.3,537.0,24.0,85.0,1.9,4.2
2026-08-28T12:35,,0.0,,,,,,,
2026-08-28T12:40,86.4,0.0,1011.1,864.2,593.0,24.5,82.0,2.0,4.7
2026-08-28T12:45,,0.0,,,,,,,
2026-08-28T12:50,83.9,0.0,1011.0,622.9,440.0,24.6,81.0,1.9,4.1
2026-08-28T12:55,,0.0,,,,,,,
2026-08-28T13:00,73.0,0.0,1011.0,603.2,398.0,24.3,81.0,2.1,4.3
2026-08-28T13:05,,0.0,,,,,,,
2026-08-28T13:10,71.2,0.0,1010.5,725.9,474.0,24.7,79.9,2.6,6.8
2026-08-28T13:15,,0.0,,,,,,,
2026-08-28T13:20,101.7,0.0,1010.6,492.3,208.0,24.4,79.3,4.1,6.4
2026-08-28T13:25,,0.0,,,,,,,
2026-08-28T13:30,87.5,0.0,1010.4,814.2,479.0,24.8,78.4,2.2,4.9
2026-08-28T13:35,,0.0,,,,,,,
2026-08-28T13:40,73.3,0.0,1010.0,611.3,320.0,25.1,78.6,2.5,5.0
2026-08-28T13:45,,0.0,,,,,,,
2026-08-28T13:50,58.4,0.0,1009.9,432.9,146.0,24.7,79.7,3.2,7.8
2026-08-28T13:55,,0.0,,,,,,,
2026-08-28T14:00,47.7,0.0,1009.7,457.2,165.0,25.1,74.7,3.8,7.0
2026-08-28T14:05,,0.0,,,,,,,
2026-08-28T14:10,48.9,0.0,1009.8,412.5,136.0,25.5,64.8,2.9,6.5
2026-08-28T14:15,,0.0,,,,,,,
2026-08-28T14:20,52.3,0.0,1009.5,569.4,371.0,25.4,67.3,3.0,7.1
2026-08-28T14:25,,0.0,,,,,,,
2026-08-28T14:30,81.8,0.0,1009.1,564.9,348.0,25.6,67.4,1.8,5.4
2026-08-28T14:35,,0.0,,,,,,,
2026-08-28T14:40,83.1,0.0,1008.8,578.1,445.0,26.1,62.1,2.3,4.3
2026-08-28T14:45,,0.0,,,,,,,
2026-08-28T14:50,71.4,0.0,1008.8,519.3,350.0,26.2,59.0,2.4,5.0
2026-08-28T14:55,,0.0,,,,,,,
2026-08-28T15:00,55.0,0.0,1008.5,458.6,235.0,26.6,53.0,3.1,7.7
2026-08-28T15:05,,0.0,,,,,,,
2026-08-28T15:10,57.6,0.0,1008.2,584.6,427.0,27.2,45.6,3.1,7.3
2026-08-28T15:15,,0.0,,,,,,,
2026-08-28T15:20,50.3,0.0,1008.5,478.0,329.0,27.1,45.7,2.5,6.9
2026-08-28T15:25,,0.0,,,,,,,
2026-08-28T15:30,40.9,0.0,1008.7,336.0,168.0,26.9,46.6,2.7,6.9
2026-08-28T15:35,,0.0,,,,,,,
2026-08-28T15:40,52.4,0.0,1008.7,224.1,14.0,26.4,50.8,2.6,5.2
2026-08-28T15:45,,0.0,,,,,,,
2026-08-28T15:50,67.3,0.0,1008.7,410.8,383.0,26.4,50.8,1.7,3.5
2026-08-28T15:55,,0.0,,,,,,,
2026-08-28T16:00,57.8,0.0,1008.4,348.0,282.0,26.5,50.8,2.1,4.7
2026-08-28T16:05,,0.0,,,,,,,
2026-08-28T16:10,65.3,0.0,1008.4,310.8,230.0,26.4,50.1,1.7,4.5
2026-08-28T16:15,,0.0,,,,,,,
2026-08-28T16:20,89.3,0.0,1008.5,247.4,68.0,26.0,57.0,1.8,3.5
2026-08-28T16:25,,0.0,,,,,,,
2026-08-28T16:30,132.5,0.0,1008.7,197.9,0.0,25.8,54.4,0.9,3.3
2026-08-28T16:35,,0.0,,,,,,,
2026-08-28T16:40,25.1,0.0,1008.8,118.6,0.0,25.6,57.5,0.5,2.3
2026-08-28T16:45,,0.0,,,,,,,
2026-08-28T16:50,47.0,0.0,1008.8,80.5,0.0,25.4,55.2,1.8,4.4
2026-08-28T16:55,,0.0,,,,,,,
2026-08-28T17:00,149.0,0.0,1008.5,68.4,0.0,26.1,42.9,1.9,6.8
2026-08-28T17:05,,0.0,,,,,,,
2026-08-28T17:10,179.8,0.0,1008.3,56.6,0.0,26.2,40.0,1.5,7.9
2026-08-28T17:15,,0.0,,,,,,,
2026-08-28T17:20,220.7,0.0,1008.7,46.2,0.0,26.5,37.3,1.4,5.2
2026-08-28T17:25,,0.0,,,,,,,
2026-08-28T17:30,122.8,0.0,1008.9,32.5,0.0,26.3,39.4,1.2,3.7
2026-08-28T17:35,,0.0,,,,,,,
2026-08-28T17:40,183.5,0.0,1008.9,28.8,0.0,25.7,42.8,2.5,9.2
2026-08-28T17:45,,0.0,,,,,,,
2026-08-28T17:50,186.8,0.0,1008.9,18.8,0.0,25.4,44.3,0.9,3.9
2026-08-28T17:55,,0.0,,,,,,,
2026-08-28T18:00,269.3,0.0,1009.2,16.0,0.0,24.8,48.1,0.6,2.8
2026-08-28T18:05,,0.0,,,,,,,
2026-08-28T18:10,37.2,0.0,1009.9,15.7,0.0,23.9,54.9,0.1,1.7
2026-08-28T18:15,,0.0,,,,,,,
2026-08-28T18:20,352.1,0.0,1010.2,9.9,0.0,23.4,57.5,1.7,2.8
2026-08-28T18:25,,0.0,,,,,,,
2026-08-28T18:30,271.1,0.0,1011.0,4.1,0.0,22.6,63.4,1.1,2.4
2026-08-28T18:35,,0.0,,,,,,,
2026-08-28T18:40,240.8,0.0,1011.4,1.1,0.0,22.6,60.1,3.3,7.6
2026-08-28T18:45,,0.0,,,,,,,
2026-08-28T18:50,271.7,0.1,1010.9,4.6,0.0,23.1,52.1,2.7,5.8
2026-08-28T18:55,,0.0,,,,,,,
2026-08-28T19:00,285.2,0.0,1011.3,4.0,0.0,21.4,69.9,1.5,5.1
2026-08-28T19:05,,0.0,,,,,,,
2026-08-28T19:10,231.6,0.2,1012.5,4.7,0.0,20.7,74.8,3.1,6.6
2026-08-28T19:15,,0.1,,,,,,,
2026-08-28T19:20,217.8,0.1,1013.4,3.2,0.0,19.5,88.7,2.5,7.0
2026-08-28T19:25,,0.1,,,,,,,
2026-08-28T19:30,225.4,0.1,1013.4,1.6,0.0,18.4,99.3,1.2,2.8
2026-08-28T19:35,,0.0,,,,,,,
2026-08-28T19:40,269.8,0.0,1014.0,0.6,0.0,17.4,100.0,1.0,2.0
2026-08-28T19:45,,0.0,,,,,,,
2026-08-28T19:50,243.5,0.1,1014.3,0.0,0.0,17.3,100.0,2.8,4.6
2026-08-28T19:55,,0.1,,,,,,,
2026-08-28T20:00,229.9,0.1,1014.5,0.0,0.0,17.1,100.0,2.6,4.8
2026-08-28T20:05,,0.2,,,,,,,
2026-08-28T20:10,232.3,0.2,1015.6,0.0,0.0,16.8,100.0,5.0,6.8
2026-08-28T20:15,,0.4,,,,,,,
2026-08-28T20:20,220.0,0.2,1015.5,0.0,0.0,16.8,100.0,3.7,6.4
2026-08-28T20:25,,0.3,,,,,,,
2026-08-28T20:30,241.0,0.1,1015.6,0.0,0.0,16.3,100.0,2.0,4.7
2026-08-28T20:35,,0.3,,,,,,,
2026-08-28T20:40,67.2,0.1,1015.0,0.0,0.0,15.9,100.0,0.1,2.7
2026-08-28T20:45,,0.0,,,,,,,
2026-08-28T20:50,256.1,0.0,1015.8,0.0,0.0,15.6,100.0,0.6,2.1
2026-08-28T20:55,,0.0,,,,,,,
2026-08-28T21:00,190.6,0.0,1015.6,0.0,0.0,15.6,99.9,0.7,2.5
2026-08-28T21:05,,0.0,,,,,,,
2026-08-28T21:10,260.7,0.0,1015.2,0.0,0.0,15.4,99.9,2.2,3.7
2026-08-28T21:15,,0.0,,,,,,,
2026-08-28T21:20,261.5,0.0,1015.1,0.0,0.0,15.4,100.0,1.9,3.5
2026-08-28T21:25,,0.0,,,,,,,
2026-08-28T21:30,236.8,0.0,1014.9,0.0,0.0,15.5,100.0,2.7,3.9
2026-08-28T21:35,,0.0,,,,,,,
2026-08-28T21:40,248.6,0.0,1015.1,0.0,0.0,15.2,100.0,2.9,5.1
2026-08-28T21:45,,0.0,,,,,,,
2026-08-28T21:50,229.3,0.0,1015.1,0.0,0.0,15.3,100.0,4.7,6.1
2026-08-28T21:55,,0.0,,,,,,,
2026-08-28T22:00,244.1,0.0,1015.1,0.0,0.0,15.3,100.0,4.8,6.7
2026-08-28T22:05,,0.0,,,,,,,
2026-08-28T22:10,249.0,0.0,1015.1,0.0,0.0,15.5,100.0,4.1,5.5
2026-08-28T22:15,,0.0,,,,,,,
2026-08-28T22:20,231.7,0.0,1015.0,0.0,0.0,15.7,100.0,3.2,4.3
2026-08-28T22:25,,0.0,,,,,,,
2026-08-28T22:30,244.2,0.0,1015.0,0.0,0.0,15.3,100.0,2.2,3.6
2026-08-28T22:35,,0.0,,,,,,,
2026-08-28T22:40,233.8,0.0,1015.0,0.0,0.0,15.2,100.0,3.5,4.6
2026-08-28T22:45,,0.0,,,,,,,
2026-08-28T22:50,220.5,0.0,1014.8,0.0,0.0,15.2,100.0,3.6,5.2
2026-08-28T22:55,,0.0,,,,,,,
2026-08-28T23:00,225.7,0.0,1014.9,0.0,0.0,15.3,100.0,3.9,5.1
2026-08-28T23:05,,0.0,,,,,,,
2026-08-28T23:10,222.2,0.0,1014.6,0.0,0.0,15.5,100.0,2.4,4.1
2026-08-28T23:15,,0.0,,,,,,,
2026-08-28T23:20,235.9,0.0,1014.6,0.0,0.0,15.2,100.0,2.8,4.1
2026-08-28T23:25,,0.0,,,,,,,
2026-08-28T23:30,228.2,0.0,1014.7,0.0,0.0,15.3,100.0,2.4,4.2
2026-08-28T23:35,,0.0,,,,,,,
2026-08-28T23:40,217.5,0.0,1014.7,0.0,0.0,15.2,100.0,2.0,3.2
2026-08-28T23:45,,0.0,,,,,,,
2026-08-28T23:50,244.6,0.0,1014.7,0.0,0.0,15.2,100.0,1.9,4.2
2026-08-28T23:55,,0.0,,,,,,,
2026-08-29T00:00,222.7,0.0,1014.9,0.0,0.0,15.1,100.0,2.6,4.0
2026-08-29T00:10,257.8,0.0,1015.1,0.0,0.0,15.1,100.0,2.3,3.0
2026-08-29T00:20,233.3,0.0,1015.1,0.0,0.0,15.3,100.0,1.9,3.8
2026-08-29T00:30,228.6,0.0,1014.9,0.0,0.0,15.3,100.0,1.4,4.5
2026-08-29T00:40,253.7,0.0,1015.0,0.0,0.0,15.2,100.0,2.9,5.2
2026-08-29T00:50,282.6,0.0,1014.8,0.0,0.0,15.4,100.0,1.7,4.1
2026-08-29T01:10,264.9,0.0,1014.4,0.0,0.0,15.2,100.0,2.4,3.6
2026-08-29T01:20,230.1,0.0,1014.0,0.0,0.0,15.4,100.0,3.0,4.7
2026-08-29T01:30,228.4,0.0,1014.0,0.0,0.0,15.6,100.0,5.1,6.7
2026-08-29T01:40,216.7,0.0,1014.2,0.0,0.0,15.6,100.0,3.2,6.0
2026-08-29T01:50,262.6,0.0,1014.4,0.0,0.0,15.4,100.0,1.6,3.6
2026-08-29T02:00,209.7,0.0,1014.4,0.0,0.0,15.4,100.0,0.6,1.8
2026-08-29T02:10,256.9,0.0,1014.8,0.0,0.0,15.0,100.0,1.9,3.0
2026-08-29T02:20,246.0,0.0,1014.6,0.0,0.0,15.1,100.0,1.9,3.0
2026-08-29T02:30,238.3,0.0,1014.6,0.0,0.0,15.1,100.0,2.2,3.6
2026-08-29T02:40,245.4,0.0,1014.7,0.0,0.0,15.0,100.0,1.5,2.8
2026-08-29T02:50,233.5,0.0,1014.7,0.0,0.0,14.9,100.0,3.0,4.3
2026-08-29T03:00,243.1,0.0,1015.0,0.0,0.0,14.8,100.0,2.5,3.4
2026-08-29T03:10,225.1,0.0,1014.8,0.0,0.0,15.0,100.0,1.2,2.8
2026-08-29T03:20,244.3,0.0,1014.9,0.0,0.0,14.8,100.0,2.3,3.3
2026-08-29T03:30,231.3,0.0,1015.0,0.0,0.0,14.8,100.0,1.3,3.5
2026-08-29T03:40,252.4,0.0,1015.3,0.0,0.0,14.7,100.0,1.9,3.3
2026-08-29T03:50,220.0,0.0,1014.9,0.0,0.0,14.9,100.0,1.6,3.7
2026-08-29T04:00,240.7,0.0,1015.1,0.0,0.0,14.8,100.0,1.9,3.8
2026-08-29T04:10,242.6,0.0,1015.1,0.0,0.0,14.8,100.0,2.9,4.1
2026-08-29T04:20,239.9,0.0,1015.0,0.0,0.0,14.9,100.0,3.2,4.5
2026-08-29T04:30,241.0,0.0,1014.5,0.0,0.0,15.1,100.0,2.3,3.9
2026-08-29T04:40,265.6,0.0,1014.8,0.0,0.0,14.9,100.0,1.9,3.8
2026-08-29T04:50,214.7,0.0,1014.7,0.0,0.0,15.3,100.0,2.9,4.6
2026-08-29T05:00,232.5,0.0,1014.8,0.0,0.0,15.0,100.0,2.3,4.4
2026-08-29T05:10,286.5,0.0,1014.8,0.0,0.0,14.9,100.0,1.1,2.6
2026-08-29T05:20,230.9,0.0,1014.7,0.0,0.0,14.9,100.0,0.9,2.0
2026-08-29T05:30,262.3,0.0,1014.7,0.0,0.0,14.9,100.0,0.7,1.6
2026-08-29T05:40,338.0,0.0,1014.8,0.0,0.0,14.9,100.0,0.8,1.9
2026-08-29T05:50,342.0,0.0,1014.8,0.0,0.0,14.9,100.0,0.1,1.6
2026-08-29T06:00,261.4,0.0,1014.8,0.0,0.0,15.0,100.0,0.8,1.9
2026-08-29T06:50,270.1,0.0,1015.3,4.8,0.0,14.4,100.0,1.3,2.1
2026-08-29T07:00,262.3,0.0,1015.4,9.5,0.0,14.3,100.0,1.4,2.1
2026-08-29T07:10,265.2,0.0,1015.5,13.9,0.0,14.2,100.0,0.9,1.7
2026-08-29T07:20,272.6,0.0,1015.6,20.7,0.0,14.2,100.0,1.4,1.9
2026-08-29T07:30,309.0,0.0,1015.8,29.1,0.0,14.2,100.0,1.1,1.7
2026-08-29T07:40,244.9,0.0,1015.7,33.5,0.0,14.4,100.0,0.8,1.6
2026-08-29T07:50,248.3,0.0,1015.8,37.9,0.0,14.5,100.0,1.6,2.3
2026-08-29T08:00,233.6,0.0,1015.9,46.0,0.0,14.4,100.0,1.9,3.0
2026-08-29T08:10,234.9,0.0,1016.0,53.5,0.0,14.4,100.0,2.3,3.2
2026-08-29T08:20,220.0,0.0,1016.0,57.8,0.0,14.5,100.0,2.6,3.2
2026-08-29T08:30,217.4,0.0,1016.1,65.2,0.0,14.5,100.0,2.2,2.9
2026-08-29T08:40,240.0,0.0,1016.1,57.9,0.0,14.5,100.0,2.2,2.7
2026-08-29T08:50,242.1,0.0,1016.0,55.0,0.0,14.6,100.0,2.0,3.0
2026-08-29T09:00,260.6,0.0,1016.1,71.9,12.0,14.6,100.0,1.4,2.2
2026-08-29T09:10,225.7,0.0,1015.8,260.3,532.0,15.0,100.0,0.9,1.5
2026-08-29T09:20,255.1,0.0,1015.5,376.2,600.0,15.5,100.0,0.4,0.9
2026-08-29T09:30,88.1,0.0,1015.0,354.1,461.0,16.3,99.8,1.2,2.1
2026-08-29T09:40,109.2,0.0,1015.2,118.2,60.0,16.2,100.0,1.7,2.2
2026-08-29T09:50,94.3,0.0,1015.2,355.6,376.0,16.0,100.0,1.0,2.3
2026-08-29T10:00,108.6,0.0,1014.7,573.5,600.0,16.9,98.4,1.8,2.7
2026-08-29T10:10,110.0,0.0,1014.3,598.8,600.0,17.6,95.2,1.9,2.8
2026-08-29T10:20,113.3,0.0,1014.0,649.9,600.0,18.4,88.9,1.5,2.6
2026-08-29T10:30,85.9,0.0,1013.7,670.7,600.0,18.9,84.0,1.3,2.9
2026-08-29T10:40,107.5,0.0,1013.5,689.2,600.0,19.3,81.7,1.6,3.0
2026-08-29T10:50,98.8,0.0,1013.3,707.0,600.0,19.7,79.9,1.5,3.1
2026-08-29T11:00,86.8,0.0,1013.2,726.9,600.0,20.0,80.1,1.2,2.8
2026-08-29T11:10,92.7,0.0,1013.1,732.0,600.0,20.1,79.6,1.7,3.5
2026-08-29T11:20,95.3,0.0,1013.0,733.0,600.0,20.4,78.6,1.7,3.5
2026-08-29T11:30,103.8,0.0,1013.0,783.5,600.0,20.3,74.6,2.9,4.9
2026-08-29T11:40,102.4,0.0,1012.9,800.2,600.0,20.5,72.4,2.8,4.7
2026-08-29T11:50,103.4,0.0,1012.6,814.7,600.0,21.0,68.1,2.8,4.6
2026-08-29T12:00,97.2,0.0,1012.3,818.2,600.0,21.4,67.8,1.9,4.5
2026-08-29T12:10,96.3,0.0,1012.1,825.2,600.0,21.7,66.0,1.9,3.8
2026-08-29T12:20,103.9,0.0,1011.9,837.2,600.0,22.0,62.0,2.8,5.0
2026-08-29T12:30,101.3,0.0,1011.9,837.1,600.0,22.1,58.5,2.3,4.2
2026-08-29T12:40,97.4,0.0,1011.7,838.1,600.0,22.3,56.7,1.9,4.2
2026-08-29T12:50,93.9,0.0,1011.4,820.6,571.0,22.6,55.2,2.2,4.2
2026-08-29T13:00,101.2,0.0,1011.5,549.8,344.0,22.2,57.5,2.4,3.8
2026-08-29T13:10,100.2,0.0,1011.0,850.5,572.0,22.8,57.0,2.3,3.7
2026-08-29T13:20,94.7,0.0,1011.0,423.0,214.0,22.6,58.2,1.9,4.0
2026-08-29T13:30,92.0,0.0,1011.3,341.1,74.0,21.9,60.4,1.8,4.1
2026-08-29T13:40,96.8,0.0,1011.2,414.8,202.0,21.9,61.1,2.1,3.8
2026-08-29T13:50,97.2,0.0,1011.2,460.3,287.0,22.0,60.7,2.2,4.7
2026-08-29T14:00,102.1,0.0,1011.2,330.2,189.0,21.9,60.3,2.6,4.5
2026-08-29T14:10,102.1,0.0,1011.3,467.5,335.0,21.7,60.8,2.4,4.4
2026-08-29T14:20,95.1,0.0,1011.3,251.4,123.0,21.7,60.8,1.9,4.3
2026-08-29T14:30,91.1,0.0,1011.2,279.9,137.0,21.7,62.8,1.4,3.5
2026-08-29T14:40,68.9,0.0,1011.2,193.0,0.0,21.8,62.3,1.5,2.9
2026-08-29T14:50,50.2,0.0,1011.2,145.3,0.0,21.7,61.3,2.2,4.7
2026-08-29T15:00,12.5,0.0,1011.1,171.5,0.0,21.8,61.2,1.7,4.0
2026-08-29T15:10,38.0,0.0,1011.0,249.3,95.0,22.0,60.3,1.6,4.0
2026-08-29T15:20,29.1,0.0,1010.9,184.0,0.0,22.1,60.2,1.4,3.3
2026-08-29T15:30,47.8,0.0,1010.7,248.5,69.0,22.3,59.5,2.2,4.0
2026-08-29T15:40,55.8,0.0,1010.6,317.5,298.0,22.7,60.5,1.8,4.4
2026-08-29T15:50,27.1,0.0,1010.5,201.2,164.0,22.7,59.4,1.6,3.8
2026-08-29T16:00,34.4,0.0,1010.3,307.5,499.0,22.9,56.7,2.0,4.0
2026-08-29T16:10,39.8,0.0,1010.1,248.5,466.0,23.3,55.2,1.5,3.0
2026-08-29T16:20,8.7,0.0,1009.9,480.9,592.0,23.4,56.6,1.4,2.5
2026-08-29T16:30,333.3,0.0,1009.8,343.7,423.0,23.6,54.4,0.9,2.3
2026-08-29T16:40,345.8,0.0,1009.8,377.2,600.0,23.4,58.1,1.5,2.6
2026-08-29T16:50,341.1,0.0,1009.8,454.3,551.0,23.6,58.2,1.4,2.2
2026-08-29T17:00,327.5,0.0,1009.9,227.5,301.0,23.4,57.6,1.2,2.2
2026-08-29T17:10,344.6,0.0,1010.4,153.2,159.0,22.2,64.0,2.2,2.8
2026-08-29T17:20,337.6,0.0,1010.3,318.5,514.0,22.2,64.2,1.9,3.0
2026-08-29T17:30,324.3,0.0,1010.1,160.5,230.0,22.7,59.6,0.9,3.0
2026-08-29T17:40,347.0,0.0,1010.3,142.5,78.0,22.2,64.2,1.4,2.5
2026-08-29T17:50,344.2,0.0,1010.4,255.1,500.0,22.0,66.6,1.8,2.6
2026-08-29T18:00,341.9,0.0,1010.0,330.1,600.0,22.7,62.8,1.9,2.6
2026-08-29T18:10,343.1,0.0,1010.1,213.6,307.0,22.5,63.9,1.7,2.4
2026-08-29T18:20,347.0,0.0,1010.3,145.4,130.0,22.1,67.1,1.4,2.2
2026-08-29T18:30,341.7,0.0,1010.5,103.9,0.0,21.5,72.4,1.6,2.2
2026-08-29T18:40,346.7,0.0,1010.6,110.3,0.0,21.3,72.0,1.9,2.8
2026-08-29T18:50,353.6,0.0,1010.6,103.3,0.0,21.4,71.1,1.5,2.9
2026-08-29T19:00,338.6,0.0,1010.8,81.7,0.0,21.1,73.7,1.1,1.9
2026-08-29T19:10,310.3,0.0,1010.9,55.5,0.0,20.9,78.1,0.7,1.5
2026-08-29T19:20,327.0,0.0,1011.2,44.8,0.0,20.4,81.0,1.4,2.3
2026-08-29T19:30,285.1,0.0,1011.5,33.1,0.0,20.1,85.3,0.8,1.5
2026-08-29T19:40,267.4,0.0,1011.5,13.0,0.0,20.2,82.2,0.9,1.5
2026-08-29T19:50,292.8,0.0,1011.6,8.4,0.0,19.9,82.6,1.1,2.0
2026-08-29T20:00,295.1,0.0,1011.9,7.1,0.0,19.6,82.1,1.3,2.0
2026-08-29T20:10,273.6,0.0,1012.0,0.2,0.0,19.6,83.0,2.0,2.7
2026-08-29T20:20,278.2,0.0,1012.2,0.0,0.0,19.4,84.5,2.0,2.9
2026-08-29T20:30,264.8,0.0,1012.5,0.0,0.0,19.0,87.7,1.8,2.9
2026-08-29T20:40,263.2,0.0,1012.7,0.0,0.0,18.9,87.4,1.9,2.9
2026-08-29T20:50,259.8,0.0,1012.9,0.0,0.0,18.6,88.4,2.3,3.4
2026-08-29T21:00,257.2,0.0,1013.1,0.0,0.0,18.5,89.6,2.7,3.9
2026-08-29T21:10,249.2,0.0,1013.4,0.0,0.0,18.3,89.6,2.4,4.2
2026-08-29T21:20,240.8,0.0,1013.5,0.0,0.0,18.3,89.6,3.1,4.0
2026-08-29T21:30,238.5,0.0,1013.7,0.0,0.0,18.0,94.1,3.6,4.4
2026-08-29T21:40,243.4,0.0,1014.0,0.0,0.0,17.6,97.8,3.9,4.5
2026-08-29T21:50,240.7,0.0,1014.2,0.0,0.0,17.5,97.8,4.0,4.7
2026-08-29T22:00,244.3,0.0,1014.3,0.0,0.0,17.2,99.3,3.3,4.1
2026-08-29T22:10,244.3,0.0,1014.4,0.0,0.0,17.2,99.1,3.0,3.6
2026-08-29T22:20,240.9,0.0,1014.6,0.0,0.0,17.1,99.9,3.1,3.8
2026-08-29T22:30,238.7,0.0,1014.7,0.0,0.0,17.0,99.9,3.5,4.5
2026-08-29T22:40,239.9,0.0,1014.8,0.0,0.0,16.8,100.0,3.1,4.0
2026-08-29T22:50,242.0,0.0,1014.9,0.0,0.0,16.8,100.0,3.1,3.8
2026-08-29T23:00,233.3,0.0,1015.0,0.0,0.0,16.8,99.5,3.7,4.4
2026-08-29T23:10,241.8,0.0,1015.1,0.0,0.0,16.6,100.0,3.4,4.2
2026-08-29T23:20,243.7,0.0,1015.3,0.0,0.0,16.4,100.0,3.2,4.1
2026-08-29T23:30,244.0,0.0,1015.4,0.0,0.0,16.3,100.0,2.9,4.3
2026-08-29T23:40,239.2,0.0,1015.6,0.0,0.0,16.2,100.0,2.7,3.5
2026-08-29T23:50,248.8,0.0,1015.7,0.0,0.0,16.0,100.0,2.3,3.5
2026-08-30T00:00,247.8,0.0,1015.8,0.0,0.0,16.0,100.0,2.3,3.3
2026-08-30T00:10,250.4,0.0,1015.8,0.0,0.0,16.0,100.0,2.6,3.7
2026-08-30T00:20,250.1,0.0,1015.9,0.0,0.0,15.8,100.0,2.8,3.8
2026-08-30T00:30,256.2,0.0,1016.2,0.0,0.0,15.5,100.0,2.2,2.9
2026-08-30T00:40,254.5,0.0,1016.2,0.0,0.0,15.6,100.0,2.3,3.2
2026-08-30T00:50,253.2,0.0,1016.3,0.0,0.0,15.5,100.0,2.9,3.6
2026-08-30T01:10,245.1,0.0,1016.4,0.0,0.0,15.5,100.0,3.1,3.9
2026-08-30T01:20,254.7,0.0,1016.6,0.0,0.0,15.3,100.0,3.0,3.9
2026-08-30T01:30,241.6,0.0,1016.7,0.0,0.0,15.4,100.0,3.6,4.4
2026-08-30T01:40,249.1,0.0,1016.7,0.0,0.0,15.4,100.0,3.4,4.1
2026-08-30T01:50,245.3,0.0,1016.8,0.0,0.0,15.4,100.0,3.4,4.0
2026-08-30T02:00,243.6,0.0,1016.8,0.0,0.0,15.4,100.0,3.5,4.3
2026-08-30T02:10,252.2,0.0,1016.7,0.0,0.0,15.5,100.0,2.7,4.0
2026-08-30T02:20,240.7,0.0,1016.7,0.0,0.0,15.6,100.0,3.4,4.5
2026-08-30T02:30,232.6,0.0,1016.5,0.0,0.0,15.8,99.9,2.6,3.9
2026-08-30T02:40,231.3,0.0,1016.6,0.0,0.0,15.7,100.0,3.2,3.7
2026-08-30T02:50,239.0,0.0,1016.6,0.0,0.0,15.7,100.0,2.6,3.4
2026-08-30T03:00,241.5,0.0,1016.6,0.0,0.0,15.7,100.0,2.3,3.3
2026-08-30T03:10,254.5,0.0,1016.7,0.0,0.0,15.6,100.0,1.8,2.8
2026-08-30T03:20,250.0,0.0,1016.7,0.0,0.0,15.6,100.0,2.0,2.8
2026-08-30T03:30,254.9,0.0,1016.8,0.0,0.0,15.5,100.0,2.0,2.8
2026-08-30T03:40,242.1,0.0,1016.9,0.0,0.0,15.5,100.0,1.7,2.8
2026-08-30T03:50,254.6,0.0,1016.9,0.0,0.0,15.5,100.0,1.8,2.7
2026-08-30T04:00,241.0,0.0,1017.0,0.0,0.0,15.5,100.0,2.1,2.8
2026-08-30T04:10,251.5,0.0,1017.0,0.0,0.0,15.5,100.0,1.9,2.7
2026-08-30T04:20,236.3,0.0,1016.8,0.0,0.0,15.7,100.0,1.9,3.2
2026-08-30T04:30,244.9,0.0,1016.8,0.0,0.0,15.5,100.0,2.3,3.0
2026-08-30T04:40,249.6,0.0,1016.9,0.0,0.0,15.5,100.0,1.9,2.6
2026-08-30T04:50,242.1,0.0,1016.8,0.0,0.0,15.6,100.0,2.3,3.0
2026-08-30T05:00,246.5,0.0,1016.8,0.0,0.0,15.5,100.0,2.1,3.0
2026-08-30T05:10,240.7,0.0,1016.8,0.0,0.0,15.5,100.0,2.5,3.3
2026-08-30T05:20,261.2,0.0,1016.8,0.0,0.0,15.4,100.0,1.8,2.3
2026-08-30T05:30,258.3,0.0,1016.9,0.0,0.0,15.3,100.0,1.8,2.4
2026-08-30T05:40,257.4,0.0,1016.9,0.0,0.0,15.3,100.0,1.9,2.5
2026-08-30T05:50,262.6,0.0,1016.9,0.0,0.0,15.1,100.0,1.0,1.9
2026-08-30T06:00,270.7,0.0,1017.0,0.0,0.0,14.9,100.0,1.3,2.7
2026-08-30T06:10,287.6,0.0,1017.0,0.0,0.0,14.9,100.0,1.4,2.5
2026-08-30T06:20,277.8,0.0,1017.1,0.0,0.0,14.8,100.0,0.8,1.2
2026-08-30T06:30,253.7,0.0,1017.2,0.0,0.0,14.9,100.0,1.6,2.6
2026-08-30T06:40,264.7,0.0,1017.3,1.1,0.0,14.7,100.0,1.9,2.5
2026-08-30T06:50,256.1,0.0,1017.4,5.3,0.0,14.5,100.0,1.1,2.0
2026-08-30T07:00,252.1,0.0,1017.4,10.6,0.0,14.6,100.0,2.5,3.2
2026-08-30T07:10,258.4,0.0,1017.6,16.2,0.0,14.4,100.0,2.4,3.3
2026-08-30T07:20,254.9,0.0,1017.5,21.3,0.0,14.6,100.0,2.4,3.4
2026-08-30T07:30,249.3,0.0,1017.6,26.9,0.0,14.6,100.0,2.7,3.6
2026-08-30T07:40,262.1,0.0,1017.5,31.8,0.0,14.8,100.0,2.3,2.9
2026-08-30T07:50,250.1,0.0,1017.5,37.4,0.0,14.8,100.0,2.7,3.4
2026-08-30T08:00,248.0,0.0,1017.5,42.7,0.0,14.9,100.0,2.9,3.2
2026-08-30T08:10,246.0,0.0,1017.4,47.8,0.0,15.2,100.0,3.1,3.4
2026-08-30T08:20,241.1,0.0,1017.2,52.2,0.0,15.3,100.0,2.7,3.4
2026-08-30T08:30,249.9,0.0,1017.2,61.9,0.0,15.4,100.0,2.3,2.9
2026-08-30T08:40,249.2,0.0,1017.1,144.4,0.0,15.6,100.0,2.5,3.1
2026-08-30T08:50,240.3,0.0,1017.0,260.2,530.0,15.9,100.0,2.5,2.9
2026-08-30T09:00,239.6,0.0,1016.7,361.7,600.0,16.3,100.0,2.1,2.6
2026-08-30T09:10,238.0,0.0,1016.6,393.5,600.0,16.6,100.0,1.1,1.7
2026-08-30T09:20,239.9,0.0,1016.5,425.1,600.0,16.9,99.0,0.9,1.3
2026-08-30T09:30,217.6,0.0,1016.3,454.0,600.0,17.5,94.7,0.6,1.1
2026-08-30T09:40,143.8,0.0,1016.0,485.4,600.0,18.2,91.1,1.0,2.0
2026-08-30T09:50,95.4,0.0,1015.7,513.9,600.0,18.7,88.3,1.4,2.5
2026-08-30T10:00,99.3,0.0,1015.5,544.4,600.0,19.0,88.8,1.7,3.0
2026-08-30T10:10,104.5,0.0,1015.3,567.1,600.0,19.4,87.3,1.9,3.1
2026-08-30T10:20,88.9,0.0,1015.2,594.7,600.0,19.5,87.2,1.2,2.8
2026-08-30T10:30,88.9,0.0,1015.0,620.2,600.0,19.8,85.9,1.4,3.2
2026-08-30T10:40,86.6,0.0,1014.8,644.8,600.0,20.1,84.6,1.5,3.0
2026-08-30T10:50,82.2,0.0,1014.7,667.1,600.0,20.2,84.3,1.3,2.8
2026-08-30T11:00,69.6,0.0,1014.6,685.6,600.0,20.4,83.3,1.3,3.7
2026-08-30T11:10,89.3,0.0,1014.4,709.6,599.0,20.8,82.0,1.6,3.6
2026-08-30T11:20,79.1,0.0,1014.3,734.8,600.0,21.0,81.4,1.5,3.4
2026-08-30T11:30,71.2,0.0,1014.2,754.8,600.0,21.0,80.5,1.7,4.1
2026-08-30T11:40,75.4,0.0,1013.9,776.2,600.0,21.3,79.9,1.4,3.0
2026-08-30T11:50,83.5,0.0,1013.6,794.3,600.0,21.8,76.5,1.5,2.9
2026-08-30T12:00,71.1,0.0,1013.4,790.7,600.0,21.9,75.7,1.7,3.7
2026-08-30T12:10,48.6,0.0,1013.2,640.1,461.0,22.1,73.7,2.3,4.1
2026-08-30T12:20,71.2,0.0,1013.1,530.3,307.0,22.2,72.7,1.7,4.4
2026-08-30T12:30,94.6,0.0,1013.0,307.4,7.0,22.0,72.5,2.0,4.3
2026-08-30T12:40,94.8,0.0,1012.9,472.7,215.0,22.0,73.3,2.1,5.1
2026-08-30T12:50,98.7,0.0,1012.7,492.7,217.0,22.2,73.1,2.0,3.8
2026-08-30T13:00,98.5,0.0,1012.5,382.8,96.0,22.4,71.8,1.9,3.8
2026-08-30T13:10,95.0,0.0,1012.6,271.4,0.0,22.2,72.7,1.5,3.2
2026-08-30T13:20,96.7,0.0,1012.5,270.6,0.0,22.1,73.6,1.5,3.3
2026-08-30T13:30,93.9,0.0,1012.5,260.2,10.0,22.1,73.8,1.5,3.1
2026-08-30T13:40,91.6,0.0,1012.6,201.3,0.0,21.9,74.1,1.3,3.1
2026-08-30T13:50,89.4,0.0,1012.7,188.3,0.0,21.8,73.6,1.3,3.1
2026-08-30T14:00,91.0,0.0,1012.6,189.9,0.0,21.8,72.7,1.2,2.5
2026-08-30T14:10,101.6,0.0,1012.7,176.7,0.0,21.7,73.8,1.1,2.6
2026-08-30T14:20,71.7,0.0,1012.7,184.9,0.0,21.7,73.1,0.7,1.9
2026-08-30T14:30,52.5,0.0,1012.7,231.5,0.0,21.6,73.8,1.0,2.0
2026-08-30T14:40,80.7,0.0,1012.5,723.4,503.0,22.0,72.6,1.0,2.7
2026-08-30T14:50,98.5,0.0,1011.8,781.0,588.0,23.2,68.6,1.1,2.6
2026-08-30T15:00,54.6,0.0,1012.0,321.9,240.0,22.8,69.4,1.3,2.3
2026-08-30T15:10,51.3,0.0,1012.1,308.6,148.0,22.5,72.5,1.0,2.1
2026-08-30T15:20,60.3,0.0,1012.1,356.6,247.0,22.4,73.3,0.9,2.1
2026-08-30T15:30,111.0,0.0,1012.0,225.1,0.0,22.5,72.7,1.2,2.1
2026-08-30T15:40,59.7,0.0,1012.0,225.2,27.0,22.4,72.5,0.5,1.1
2026-08-30T15:50,113.8,0.0,1011.8,274.2,133.0,22.5,71.6,1.3,2.1
2026-08-30T16:00,168.1,0.0,1011.8,213.4,126.0,22.4,73.5,0.8,1.3
2026-08-30T16:10,275.1,0.0,1011.8,156.5,41.0,22.1,75.1,0.9,1.2
2026-08-30T16:20,194.5,0.0,1011.8,164.1,114.0,21.9,86.2,0.4,1.4
2026-08-30T16:30,278.8,0.0,1011.8,394.9,464.0,21.7,87.4,1.0,1.7
2026-08-30T16:40,214.2,0.0,1011.3,578.0,600.0,22.9,72.7,1.0,1.6
2026-08-30T16:50,227.5,0.0,1011.2,272.6,315.0,22.9,77.0,0.8,1.4
2026-08-30T17:00,239.0,0.0,1011.5,108.3,0.0,22.5,71.5,0.9,1.1
2026-08-30T17:10,275.6,0.0,1011.6,108.7,0.0,22.3,74.6,1.2,1.6
2026-08-30T17:20,322.1,0.0,1011.6,96.2,0.0,22.1,79.2,1.1,1.8
2026-08-30T17:30,262.0,0.0,1011.8,103.1,0.0,21.7,82.4,0.7,1.3
2026-08-30T17:40,340.1,0.0,1011.6,349.2,546.0,22.1,77.4,0.7,1.6
2026-08-30T17:50,37.2,0.0,1011.3,319.7,600.0,22.9,69.7,1.2,2.9
2026-08-30T18:00,5.9,0.0,1011.2,280.3,600.0,23.0,67.9,1.1,2.3
2026-08-30T18:10,19.1,0.0,1011.4,174.5,390.0,22.6,67.7,1.2,2.8
2026-08-30T18:20,332.3,0.0,1011.5,189.4,485.0,22.2,75.2,1.0,2.4
2026-08-30T18:30,343.5,0.0,1011.7,125.4,71.0,21.7,75.1,2.5,3.0
2026-08-30T18:40,341.0,0.0,1012.0,52.5,0.0,21.3,74.3,2.5,3.3
2026-08-30T18:50,337.7,0.0,1012.1,49.2,0.0,21.3,74.8,1.4,3.7
2026-08-30T19:00,339.1,0.0,1012.2,37.9,0.0,21.1,78.2,0.9,1.7
2026-08-30T19:10,339.0,0.0,1012.4,22.8,0.0,20.8,78.9,1.2,2.0
2026-08-30T19:20,325.0,0.0,1012.6,16.8,0.0,20.5,82.9,0.7,1.4
2026-08-30T19:30,304.2,0.0,1012.7,11.1,0.0,20.3,81.6,0.7,1.2
2026-08-30T19:40,283.2,0.0,1012.9,7.8,0.0,19.9,87.0,0.9,1.7
2026-08-30T19:50,310.5,0.0,1013.2,4.5,0.0,19.5,85.7,1.4,1.9
2026-08-30T20:00,300.3,0.0,1013.2,1.1,0.0,19.5,83.2,1.2,1.9
2026-08-30T20:10,276.3,0.0,1013.4,0.0,0.0,19.4,83.4,1.4,2.1
2026-08-30T20:20,260.4,0.0,1013.7,0.0,0.0,19.2,85.6,1.2,2.3
2026-08-30T20:30,266.1,0.0,1013.8,0.0,0.0,19.4,84.1,2.2,3.0
2026-08-30T20:40,262.9,0.0,1014.0,0.0,0.0,19.3,85.1,2.6,4.0
2026-08-30T20:50,244.8,0.0,1014.2,0.0,0.0,19.1,87.9,3.1,4.4
2026-08-30T21:00,264.3,0.0,1014.5,0.0,0.0,18.8,89.4,2.8,4.1
2026-08-30T21:10,256.9,0.0,1014.6,0.0,0.0,18.6,89.8,2.9,4.1
2026-08-30T21:20,259.3,0.0,1014.7,0.0,0.0,18.4,90.6,2.6,3.7
2026-08-30T21:30,249.5,0.0,1014.8,0.0,0.0,18.4,89.8,2.2,3.8
2026-08-30T21:40,261.4,0.0,1015.0,0.0,0.0,18.0,92.5,2.8,3.8
2026-08-30T21:50,255.6,0.0,1015.0,0.0,0.0,18.1,90.6,2.8,3.7
2026-08-30T22:00,248.9,0.0,1015.0,0.0,0.0,17.9,91.8,2.6,3.3
2026-08-30T22:10,224.8,0.0,1015.1,0.0,0.0,17.8,95.3,2.6,3.6
2026-08-30T22:20,247.8,0.0,1015.3,0.0,0.0,17.4,97.8,2.6,3.6
2026-08-30T22:30,254.8,0.0,1015.5,0.0,0.0,17.2,98.7,2.4,3.2
2026-08-30T22:40,247.7,0.0,1015.6,0.0,0.0,17.1,99.8,1.8,2.7
2026-08-30T22:50,248.8,0.0,1015.7,0.0,0.0,17.1,99.6,2.8,3.5
2026-08-30T23:00,236.0,0.0,1015.7,0.0,0.0,17.1,100.0,3.1,4.2
2026-08-30T23:10,235.1,0.0,1015.9,0.0,0.0,17.2,99.9,3.0,3.9
2026-08-30T23:20,238.0,0.0,1015.9,0.0,0.0,17.1,100.0,2.8,4.0
2026-08-30T23:30,263.5,0.0,1016.0,0.0,0.0,16.9,100.0,1.9,2.7
2026-08-30T23:40,240.3,0.0,1016.1,0.0,0.0,16.8,100.0,2.3,3.3
2026-08-30T23:50,250.7,0.0,1016.0,0.0,0.0,17.0,98.9,2.6,3.5
2026-08-31T00:00,241.1,0.0,1016.1,0.0,0.0,16.9,100.0,3.2,3.8
2026-08-31T00:10,249.3,0.0,1016.3,0.0,0.0,16.7,100.0,2.7,3.5
2026-08-31T00:20,250.9,0.0,1016.2,0.0,0.0,16.8,100.0,2.3,3.3
2026-08-31T00:30,246.5,0.0,1016.2,0.0,0.0,16.7,100.0,2.4,3.1
2026-08-31T00:40,254.8,0.0,1016.3,0.0,0.0,16.6,100.0,2.0,2.6
2026-08-31T00:50,262.4,0.0,1016.3,0.0,0.0,16.5,100.0,2.3,2.9
2026-08-31T01:10,238.8,0.0,1016.1,0.0,0.0,16.9,100.0,2.7,3.5
2026-08-31T01:20,229.7,0.0,1016.1,0.0,0.0,16.8,100.0,3.2,3.8
2026-08-31T01:30,239.8,0.0,1016.1,0.0,0.0,16.7,100.0,2.7,3.7
2026-08-31T01:40,254.5,0.0,1016.2,0.0,0.0,16.4,100.0,2.3,3.0
2026-08-31T01:50,248.8,0.0,1016.2,0.0,0.0,16.4,100.0,2.5,3.3
2026-08-31T02:00,257.1,0.0,1016.3,0.0,0.0,16.2,100.0,1.6,2.9
2026-08-31T02:10,250.0,0.0,1016.3,0.0,0.0,16.2,100.0,2.6,3.3
2026-08-31T02:20,249.1,0.0,1016.4,0.0,0.0,15.9,100.0,2.1,3.1
2026-08-31T02:30,254.8,0.0,1016.4,0.0,0.0,15.9,100.0,1.8,2.7
2026-08-31T02:40,274.2,0.0,1016.5,0.0,0.0,15.7,100.0,2.0,2.8
2026-08-31T02:50,228.8,0.0,1016.5,0.0,0.0,15.8,100.0,1.5,2.8
2026-08-31T03:00,236.2,0.0,1016.6,0.0,0.0,15.6,100.0,2.8,3.7
2026-08-31T03:10,255.5,0.0,1016.7,0.0,0.0,15.4,100.0,2.3,2.9
2026-08-31T03:20,252.2,0.0,1016.8,0.0,0.0,15.2,100.0,2.7,3.3
2026-08-31T03:30,242.9,0.0,1016.8,0.0,0.0,15.2,100.0,2.8,4.1
2026-08-31T03:40,254.1,0.0,1016.8,0.0,0.0,15.1,100.0,3.1,3.9
2026-08-31T03:50,245.4,0.0,1016.6,0.0,0.0,15.2,100.0,2.6,3.4
2026-08-31T04:00,244.8,0.0,1016.7,0.0,0.0,15.1,100.0,3.2,3.8
2026-08-31T04:10,240.7,0.0,1016.6,0.0,0.0,15.3,100.0,3.3,4.1
2026-08-31T04:20,247.4,0.0,1016.6,0.0,0.0,15.2,100.0,2.5,3.5
2026-08-31T04:30,251.0,0.0,1016.5,0.0,0.0,15.3,100.0,2.2,3.4
2026-08-31T04:40,242.6,0.0,1016.5,0.0,0.0,15.2,100.0,2.3,3.3
2026-08-31T04:50,253.9,0.0,1016.5,0.0,0.0,15.1,100.0,2.0,3.4
2026-08-31T05:00,245.6,0.0,1016.5,0.0,0.0,15.1,100.0,2.4,3.3
2026-08-31T05:10,237.5,0.0,1016.8,0.0,0.0,15.0,100.0,3.2,3.8
2026-08-31T05:20,253.5,0.0,1016.8,0.0,0.0,14.8,100.0,2.6,3.5
2026-08-31T05:30,252.8,0.0,1016.8,0.0,0.0,14.8,100.0,2.4,3.1
2026-08-31T05:40,258.5,0.0,1016.8,0.0,0.0,14.7,100.0,2.4,3.3
2026-08-31T05:50,254.3,0.0,1016.8,0.0,0.0,14.7,100.0,2.9,3.8
2026-08-31T06:00,243.6,0.0,1016.8,0.0,0.0,14.8,100.0,2.9,3.9
2026-08-31T06:10,245.2,0.0,1016.8,0.0,0.0,14.8,100.0,1.8,3.2
2026-08-31T06:20,252.4,0.0,1016.8,0.0,0.0,14.7,100.0,2.4,3.7
2026-08-31T06:30,255.5,0.0,1016.9,0.0,0.0,14.7,100.0,2.8,3.5
2026-08-31T06:40,251.6,0.0,1016.8,1.2,0.0,14.8,100.0,2.1,2.7
2026-08-31T06:50,237.5,0.0,1016.6,6.2,0.0,15.0,100.0,2.3,4.1
2026-08-31T07:00,256.3,0.0,1016.6,11.4,0.0,15.0,100.0,3.0,4.5
2026-08-31T07:10,246.4,0.0,1016.5,17.0,0.0,15.1,100.0,3.0,3.9
2026-08-31T07:20,246.5,0.0,1016.5,23.7,0.0,15.1,100.0,2.8,4.1
2026-08-31T07:30,235.2,0.0,1016.5,37.7,0.0,15.2,100.0,2.8,3.2
2026-08-31T07:40,248.3,0.0,1016.4,50.5,0.0,15.4,100.0,2.1,3.1
2026-08-31T08:00,240.4,0.0,1016.2,82.1,0.0,15.8,100.0,1.9,2.3
2026-08-31T08:20,248.8,0.0,1016.2,70.1,0.0,15.9,100.0,2.1,2.7
2026-08-31T08:30,248.6,0.0,1016.3,76.3,0.0,15.8,100.0,1.5,2.1
2026-08-31T08:50,240.7,0.0,1016.0,286.5,513.0,16.4,100.0,0.8,1.5
2026-08-31T09:00,230.8,0.0,1015.8,353.3,600.0,16.8,100.0,1.4,2.0
2026-08-31T09:10,229.6,0.0,1015.8,393.3,600.0,16.9,100.0,1.1,1.5
2026-08-31T09:20,218.1,0.0,1015.6,424.3,600.0,17.3,99.6,1.3,1.7
2026-08-31T09:40,211.1,0.0,1015.3,489.2,600.0,17.9,95.0,1.3,1.7
2026-08-31T09:50,184.3,0.0,1015.0,512.2,600.0,18.5,93.6,1.5,1.9
2026-08-31T10:00,181.0,0.0,1014.9,542.6,600.0,18.8,91.6,1.3,2.3
2026-08-31T10:20,87.7,0.0,1014.2,602.3,600.0,20.1,87.5,1.1,3.3
2026-08-31T10:30,96.2,0.0,1014.0,630.4,600.0,20.4,87.2,1.4,3.2
2026-08-31T10:40,96.4,0.0,1013.8,666.4,599.0,20.8,85.2,1.9,3.6
2026-08-31T10:50,87.7,0.0,1013.6,739.0,600.0,21.0,85.0,1.4,3.1
2026-08-31T11:00,101.0,0.0,1013.3,821.9,600.0,21.6,82.8,2.2,4.2
2026-08-31T11:10,103.2,0.0,1013.3,846.4,600.0,21.9,77.9,3.0,4.9
2026-08-31T11:30,102.2,0.0,1012.9,804.4,600.0,22.3,73.8,2.9,5.7
2026-08-31T11:50,102.9,0.0,1012.6,548.1,268.0,22.5,74.1,2.0,4.1
2026-08-31T12:00,92.0,0.0,1012.7,414.3,216.0,22.1,75.8,1.3,2.8
2026-08-31T12:10,100.2,0.0,1012.8,334.2,46.0,22.0,76.2,1.3,2.7
2026-08-31T12:20,106.7,0.0,1012.7,587.0,371.0,22.0,75.1,2.9,4.2
2026-08-31T12:40,89.5,0.0,1012.3,590.8,349.0,22.6,72.6,1.7,3.5
2026-08-31T12:50,79.9,0.0,1012.2,344.7,94.0,22.4,74.3,1.0,2.6
2026-08-31T13:00,93.3,0.0,1012.3,228.6,0.0,22.1,75.1,1.1,2.2
2026-08-31T13:10,100.6,0.0,1012.4,294.7,51.0,22.1,75.2,1.4,2.6
2026-08-31T13:20,63.8,0.0,1012.3,310.2,23.0,22.2,75.8,0.9,2.8
2026-08-31T13:30,64.4,0.0,1012.3,357.9,116.0,22.0,74.1,1.3,2.8
2026-08-31T13:50,101.4,0.0,1011.4,926.1,600.0,23.5,69.8,1.4,3.0
2026-08-31T14:10,89.0,0.0,1010.9,507.9,356.0,24.0,66.5,1.5,3.4
2026-08-31T14:20,87.2,0.0,1011.0,257.4,28.0,23.7,65.7,1.3,3.0
2026-08-31T14:30,94.4,0.0,1011.1,346.5,132.0,23.3,66.4,1.3,2.5
2026-08-31T14:40,91.8,0.0,1010.7,621.5,357.0,24.3,60.2,1.3,3.0
2026-08-31T14:50,86.3,0.0,1010.8,177.2,44.0,23.7,61.6,1.0,2.5
2026-08-31T15:00,127.6,0.0,1010.9,101.6,0.0,23.5,64.0,0.3,1.4
2026-08-31T15:10,297.7,0.0,1011.1,157.6,0.0,23.0,67.3,0.2,1.5
2026-08-31T15:20,90.7,0.0,1010.9,447.7,269.0,23.5,62.4,0.8,1.9
2026-08-31T15:30,26.5,0.0,1010.7,146.7,21.0,23.7,56.4,1.1,2.7
2026-08-31T15:40,47.2,0.0,1010.8,145.7,18.0,23.5,59.9,1.1,2.2
2026-08-31T15:50,72.8,0.0,1010.8,353.5,332.0,23.0,68.9,1.0,2.1
2026-08-31T16:10,99.1,0.0,1010.2,245.1,312.0,23.9,64.4,1.1,2.1
2026-08-31T16:20,69.9,0.0,1010.2,462.4,508.0,23.9,61.7,0.9,2.3
2026-08-31T16:30,49.4,0.0,1010.1,413.7,562.0,24.0,60.5,1.4,2.9
2026-08-31T16:40,60.4,0.0,1009.9,525.8,592.0,24.6,52.0,1.2,2.9
2026-08-31T16:50,106.3,0.0,1009.6,524.2,600.0,25.0,52.5,0.6,2.8
2026-08-31T17:00,205.4,0.0,1009.7,501.7,600.0,24.6,58.1,0.7,2.1
2026-08-31T17:10,221.5,0.0,1009.6,487.1,600.0,24.2,61.8,1.4,3.1
2026-08-31T17:20,203.6,0.0,1009.2,456.1,600.0,24.9,57.4,0.9,2.5
2026-08-31T17:30,186.8,0.0,1009.2,293.5,363.0,24.8,54.8,0.7,1.6
2026-08-31T17:40,337.1,0.0,1009.4,258.7,434.0,24.3,58.3,1.1,2.2
2026-08-31T17:50,277.1,0.0,1009.6,255.0,387.0,24.0,57.2,2.2,4.3
2026-08-31T18:00,271.0,0.0,1009.7,186.9,319.0,23.7,58.7,1.8,3.6
2026-08-31T18:10,294.0,0.0,1009.6,204.2,425.0,23.8,58.2,1.6,3.1
2026-08-31T18:20,325.1,0.0,1009.7,93.0,187.0,23.2,60.9,1.4,3.0
2026-08-31T18:30,340.3,0.0,1009.7,50.4,38.0,22.8,62.5,0.8,2.2
2026-08-31T18:40,309.7,0.0,1009.7,40.7,0.0,22.6,62.0,1.3,3.5
2026-08-31T18:50,308.4,0.0,1009.6,34.0,0.0,22.5,61.0,1.5,3.4
2026-08-31T19:00,14.5,0.0,1009.8,28.8,0.0,22.2,63.7,1.1,2.3
2026-08-31T19:10,29.0,0.0,1010.0,22.7,0.0,21.9,65.0,1.8,3.1
2026-08-31T19:20,331.9,0.0,1010.4,17.0,0.0,21.2,70.1,1.5,2.5
2026-08-31T19:30,342.4,0.0,1010.8,11.3,0.0,20.5,74.1,2.0,2.8
2026-08-31T19:40,312.9,0.0,1011.0,6.3,0.0,20.3,74.8,1.0,1.7
2026-08-31T19:50,330.2,0.0,1011.2,3.1,0.0,19.8,77.3,1.9,2.9
2026-08-31T20:00,261.8,0.0,1011.5,0.4,0.0,19.7,79.1,1.2,2.6
2026-08-31T20:10,275.6,0.0,1011.7,0.0,0.0,19.7,75.8,2.5,3.9
2026-08-31T20:20,267.2,0.0,1012.0,0.0,0.0,19.4,75.5,0.8,2.4
2026-08-31T20:30,268.8,0.0,1012.5,0.0,0.0,19.1,79.4,1.6,2.4
2026-08-31T20:40,259.7,0.0,1012.9,0.0,0.0,18.8,82.3,1.5,2.5
2026-08-31T20:50,263.7,0.0,1013.5,0.0,0.0,18.4,89.4,1.3,2.0
2026-08-31T21:00,335.4,0.0,1014.1,0.0,0.0,18.2,88.7,1.2,2.2
2026-08-31T21:10,271.9,0.0,1014.3,0.0,0.0,18.2,87.8,0.6,2.4
2026-08-31T21:20,240.2,0.0,1014.3,0.0,0.0,18.1,92.0,1.7,2.4
2026-08-31T21:30,262.2,0.0,1014.6,0.0,0.0,18.0,88.6,2.8,5.7
2026-08-31T21:40,218.0,0.0,1014.6,0.0,0.0,18.3,86.3,2.9,5.4
2026-08-31T21:50,242.6,0.0,1014.9,0.0,0.0,18.0,87.3,2.2,4.7
2026-08-31T22:00,255.0,0.0,1015.0,0.0,0.0,17.8,87.4,1.8,3.6
2026-08-31T22:10,242.3,0.0,1015.1,0.0,0.0,17.7,90.1,3.5,4.6
2026-08-31T22:20,245.5,0.0,1015.2,0.0,0.0,17.6,88.3,3.4,4.8
2026-08-31T22:30,248.9,0.0,1015.5,0.0,0.0,17.6,84.2,3.2,4.5
2026-08-31T22:40,45.4,0.0,1016.0,0.0,0.0,17.3,82.3,1.6,3.6
2026-08-31T22:50,96.6,0.0,1016.4,0.0,0.0,16.9,86.4,1.0,1.7
2026-08-31T23:00,292.8,0.0,1016.7,0.0,0.0,16.7,86.1,0.7,1.9
2026-08-31T23:10,253.3,0.0,1016.8,0.0,0.0,16.8,84.1,2.3,4.0
2026-08-31T23:20,243.2,0.0,1017.0,0.0,0.0,16.7,84.1,1.5,3.1
2026-08-31T23:30,248.0,0.0,1017.3,0.0,0.0,16.4,87.1,2.5,3.6
2026-08-31T23:40,264.8,0.0,1017.5,0.0,0.0,16.1,86.3,1.8,2.9
2026-08-31T23:50,246.3,0.0,1017.7,0.0,0.0,15.9,88.3,2.5,3.0
2026-09-01T00:00,241.1,0.0,1017.9,0.0,0.0,15.7,89.3,2.8,3.8
2026-09-01T00:10,245.3,0.0,1018.0,0.0,0.0,15.5,89.9,0.8,2.0
2026-09-01T00:20,252.5,0.0,1018.0,0.0,0.0,15.5,89.9,1.0,2.3
2026-09-01T00:30,325.1,0.0,1018.2,0.0,0.0,15.1,89.2,1.3,2.4
2026-09-01T00:40,258.1,0.0,1018.2,0.0,0.0,15.4,86.8,2.5,4.3
2026-09-01T00:50,277.6,0.0,1018.3,0.0,0.0,15.1,86.1,0.9,1.9
2026-09-01T01:10,301.2,0.0,1018.5,0.0,0.0,14.7,90.2,1.3,3.8
2026-09-01T01:20,250.2,0.0,1018.6,0.0,0.0,14.6,92.0,2.6,3.8
2026-09-01T01:30,242.8,0.0,1018.6,0.0,0.0,14.5,93.2,3.2,4.9
2026-09-01T01:40,242.2,0.0,1018.6,0.0,0.0,14.4,93.8,3.0,4.8
2026-09-01T01:50,247.6,0.0,1018.8,0.0,0.0,14.2,94.1,2.3,3.8
2026-09-01T02:00,285.6,0.0,1018.9,0.0,0.0,14.2,93.2,0.8,2.7
2026-09-01T02:10,259.1,0.0,1019.1,0.0,0.0,14.0,93.3,0.9,3.7
2026-09-01T02:20,12.3,0.0,1019.3,0.0,0.0,13.7,97.3,0.8,1.3
2026-09-01T02:30,294.4,0.0,1019.5,0.0,0.0,13.6,99.1,0.4,1.3
2026-09-01T02:40,238.1,0.0,1019.5,0.0,0.0,13.9,96.7,0.7,1.8
2026-09-01T02:50,258.8,0.0,1019.6,0.0,0.0,14.0,96.1,1.0,1.9
2026-09-01T03:00,308.5,0.0,1019.9,0.0,0.0,13.7,98.0,1.1,1.6
2026-09-01T03:10,273.9,0.0,1020.0,0.0,0.0,13.6,99.0,0.9,1.9
2026-09-01T03:20,253.5,0.0,1020.1,0.0,0.0,13.6,96.7,1.9,2.9
2026-09-01T03:30,254.6,0.0,1020.3,0.0,0.0,13.3,97.3,1.8,2.9
2026-09-01T03:40,253.2,0.0,1020.4,0.0,0.0,13.2,99.4,2.3,3.3
2026-09-01T03:50,254.3,0.0,1020.4,0.0,0.0,13.1,100.0,2.5,3.4
2026-09-01T04:00,249.5,0.0,1020.5,0.0,0.0,13.1,100.0,2.7,3.9
2026-09-01T04:10,246.3,0.0,1020.5,0.0,0.0,13.2,98.8,3.7,4.7
2026-09-01T04:20,239.5,0.0,1020.5,0.0,0.0,13.3,97.6,3.5,4.7
2026-09-01T04:30,241.0,0.0,1020.5,0.0,0.0,13.2,97.4,3.6,4.2
2026-09-01T04:40,250.5,0.0,1020.5,0.0,0.0,13.1,98.9,2.9,4.2
2026-09-01T04:50,245.1,0.0,1020.4,0.0,0.0,13.2,96.7,3.2,4.5
2026-09-01T05:00,232.6,0.0,1020.4,0.0,0.0,13.3,96.2,4.0,4.8
2026-09-01T05:10,245.6,0.0,1020.3,0.0,0.0,13.1,97.5,3.5,4.5
2026-09-01T05:20,249.4,0.0,1020.4,0.0,0.0,12.9,98.3,3.0,3.9
2026-09-01T05:30,245.7,0.0,1020.3,0.0,0.0,12.9,99.0,3.2,4.4
2026-09-01T05:40,252.8,0.0,1020.4,0.0,0.0,12.8,97.9,3.3,4.5
2026-09-01T05:50,242.2,0.0,1020.3,0.0,0.0,12.9,98.6,3.6,4.5
2026-09-01T06:00,242.4,0.0,1020.4,0.0,0.0,12.9,97.6,3.5,4.5
2026-09-01T06:10,255.2,0.0,1020.5,0.0,0.0,12.9,98.7,2.4,3.7
2026-09-01T06:20,249.2,0.0,1020.5,0.0,0.0,12.9,97.0,2.5,3.3
2026-09-01T06:30,238.9,0.0,1020.6,0.0,0.0,13.0,96.5,2.3,3.0
2026-09-01T06:40,259.7,0.0,1020.7,0.4,0.0,13.0,97.1,1.8,2.8
2026-09-01T06:50,263.1,0.0,1020.7,3.2,0.0,12.9,97.0,2.2,2.9
2026-09-01T07:00,265.2,0.0,1020.9,7.7,0.0,12.8,97.8,1.9,2.6
2026-09-01T07:10,272.5,0.0,1021.0,13.6,0.0,12.8,94.6,1.5,2.5
2026-09-01T07:20,257.7,0.0,1021.0,19.6,0.0,13.0,94.4,1.6,2.2
2026-09-01T07:30,254.8,0.0,1021.1,22.9,0.0,12.9,96.9,1.6,2.1
2026-09-01T07:40,243.3,0.0,1021.1,27.3,0.0,13.0,97.5,2.0,2.8
2026-09-01T07:50,281.0,0.0,1021.0,29.5,0.0,13.3,95.8,1.0,1.5
2026-09-01T08:00,240.4,0.0,1020.9,33.2,0.0,13.5,95.3,1.1,1.7
2026-09-01T08:10,243.4,0.0,1020.9,36.5,0.0,13.6,95.2,0.7,1.3
2026-09-01T08:20,333.2,0.0,1020.9,42.5,0.0,13.8,93.5,0.4,0.9
2026-09-01T08:30,114.0,0.0,1020.9,47.0,0.0,14.0,93.8,1.1,1.9
2026-09-01T08:40,97.7,0.0,1020.8,142.2,0.0,14.1,91.2,1.2,2.3
2026-09-01T08:50,99.5,0.0,1020.6,323.8,549.0,14.5,88.5,1.5,2.8
2026-09-01T09:00,100.0,0.0,1020.6,367.4,600.0,14.7,86.1,1.5,2.7
2026-09-01T09:10,102.4,0.0,1020.4,400.0,600.0,15.0,85.3,1.4,2.7
2026-09-01T09:20,81.0,0.0,1020.3,431.0,599.0,15.2,84.4,1.1,2.1
2026-09-01T09:30,106.9,0.0,1020.0,462.9,600.0,15.7,83.2,1.2,2.1
2026-09-01T09:40,137.0,0.0,1019.9,508.1,600.0,16.1,80.9,1.7,2.3
2026-09-01T09:50,169.7,0.0,1019.7,554.7,600.0,16.4,79.4,1.7,2.3
